source_dataset,source_row_id,source_name,raw_smiles,canonical_smiles,inchikey,is_first_occurrence_of_structure
lnp_atlas,2,H1,CCCCCCCCC/C=C/CCCCCCCCC(=O)N(N)CCCCCCCCCC,CCCCCCCCC/C=C/CCCCCCCCC(=O)N(N)CCCCCCCCCC,MUHHXXHKRZEKSM-WUKNDPDISA-N,True
lnp_atlas,3,H2,CCCCCC(C)CCCC(=O)OCCC(N(C)N)C(=O)NCCCCCCCCCC/C=C/CCCCCCCCCC,CCCCCCCCCC/C=C/CCCCCCCCCCNC(=O)C(CCOC(=O)CCCC(C)CCCCC)N(C)N,ZPJZLWVZXOFFOR-WUKNDPDISA-N,True
lnp_atlas,4,H3,CCCCCCC/C=C/CCCCCCCCC(N(C)N)C(=O)NCCCCCCCCCC/C=C/CCCCCCCCCC,CCCCCCC/C=C/CCCCCCCCC(C(=O)NCCCCCCCCCC/C=C/CCCCCCCCCC)N(C)N,RJMPEKOSHLVYSO-WRVMAFBXSA-N,True
lnp_atlas,5,H4,CCCCCC(C)CCCC(=O)OCCC(NCCCCN(CCCC)CCCCC)C(=O)NCCCCCCCCCC/C=C/CCCCCCCCCC,CCCCCCCCCC/C=C/CCCCCCCCCCNC(=O)C(CCOC(=O)CCCC(C)CCCCC)NCCCCN(CCCC)CCCCC,FZNKZOFCAKDKIO-QURGRASLSA-N,True
lnp_atlas,6,H5,CCCCCCCCC/C=C/CCCCCCCCC(NCCCCN(CCCC)CCCCCC)C(=O)NCCCCCCCCCCCCCC,CCCCCCCCC/C=C/CCCCCCCCC(NCCCCN(CCCC)CCCCCC)C(=O)NCCCCCCCCCCCCCC,PBTLHCGNFKEVCZ-OCEACIFDSA-N,True
lnp_atlas,7,H6,CCCCCCCC/C=C/C(=O)OCCC(NCCCCN(CCCC)CCCCCC)C(=O)NCCCCCCCCCC/C=C/CCCCCCCCCC,CCCCCCCC/C=C/C(=O)OCCC(NCCCCN(CCCC)CCCCCC)C(=O)NCCCCCCCCCC/C=C/CCCCCCCCCC,LAJZDHJEUPCAFD-SIUBYISPSA-N,True
lnp_atlas,8,H7,CCCCCC(C)CCCC(=O)OCCC(NN1CCCCCC1)C(=O)NCCCCCCCCCC/C=C/CCCCCCCCCC,CCCCCCCCCC/C=C/CCCCCCCCCCNC(=O)C(CCOC(=O)CCCC(C)CCCCC)NN1CCCCCC1,GMWBBJJSILHLNQ-FOCLMDBBSA-N,True
lnp_atlas,9,H8,CCCCCCCC/C=C/C(=O)OCCC(NN1CCCCCC1)C(=O)NCCCCCCCCCC/C=C/CCCCCCCCCC,CCCCCCCC/C=C/C(=O)OCCC(NN1CCCCCC1)C(=O)NCCCCCCCCCC/C=C/CCCCCCCCCC,KKLLLPFFRKFMFH-MFWIGMJUSA-N,True
lnp_atlas,10,H10,CCCCCC(C)CCC(=O)OCCC(NCCN(C(C)C)C(C)C)C(=O)NCCCCCCCCCC/C=C/CCCCCCCCCC,CCCCCCCCCC/C=C/CCCCCCCCCCNC(=O)C(CCOC(=O)CCC(C)CCCCC)NCCN(C(C)C)C(C)C,ZNXRZVYWERDKLJ-FMQUCBEESA-N,True
lnp_atlas,11,H11,CCCCCCC/C=C/C(=O)OCCC(NCCN(C(C)C)C(C)C)C(=O)NCCCCCCCCCC/C=C/CCCCCCCCCC,CCCCCCC/C=C/C(=O)OCCC(NCCN(C(C)C)C(C)C)C(=O)NCCCCCCCCCC/C=C/CCCCCCCCCC,XIVNGPSHDLBNHW-MNIQWHATSA-N,True
lnp_atlas,12,H12,CCCCCC(C)CCCC(=O)OCCC(NCCN(C(C)C)C(C)C)C(=O)NCCCCCCCCCCCCCC,CCCCCCCCCCCCCCNC(=O)C(CCOC(=O)CCCC(C)CCCCC)NCCN(C(C)C)C(C)C,ZAXIGEOLJHJVNW-UHFFFAOYSA-N,True
lnp_atlas,13,H13,CCCCCC(C)CCC(=O)OCCCC(NCCCCN(CC)CC)C(=O)NCCCCCCCCCC/C=C/CCCCCCCCCC,CCCCCCCCCC/C=C/CCCCCCCCCCNC(=O)C(CCCOC(=O)CCC(C)CCCCC)NCCCCN(CC)CC,JRKJJHUPCXANLV-FMQUCBEESA-N,True
lnp_atlas,14,H14,CCCCCCC/C=C/C(=O)OCCCC(NCCCCN(CC)CC)C(=O)NCCCCCCCCCC/C=C/CCCCCCCCCC,CCCCCCC/C=C/C(=O)OCCCC(NCCCCN(CC)CC)C(=O)NCCCCCCCCCC/C=C/CCCCCCCCCC,KCTUIJDXTSEROX-ADZGGVBJSA-N,True
lnp_atlas,15,H15,CCCCCCCC/C=C/CCCCCCC(=O)OCCC(NCCCCN(CC)CC)C(=O)NCCCCCCCCCC/C=C/CCCCCCCCCC,CCCCCCCC/C=C/CCCCCCC(=O)OCCC(NCCCCN(CC)CC)C(=O)NCCCCCCCCCC/C=C/CCCCCCCCCC,QAWBCZIYFACBCN-XSGINIMPSA-N,True
lnp_atlas,16,H31,CCCCCC(C)CCCC(=O)OCCC(NCCN1CCCCCC1)C(=O)NCCCCCCCCCC/C=C/CCCCCCCCCC,CCCCCCCCCC/C=C/CCCCCCCCCCNC(=O)C(CCOC(=O)CCCC(C)CCCCC)NCCN1CCCCCC1,GRYQCZCVSGYVLG-FOCLMDBBSA-N,True
lnp_atlas,17,H32,CCCCCCC/C=C/C(=O)OCCC(NCCN1CCCCCC1)C(=O)NCCCCCCCCCC/C=C/CCCCCCCCCC,CCCCCCC/C=C/C(=O)OCCC(NCCN1CCCCCC1)C(=O)NCCCCCCCCCC/C=C/CCCCCCCCCC,YMQQEJWTVPXLSX-SCJGETPPSA-N,True
lnp_atlas,18,H33,CCCCCC(C)CCC(=O)OCCC(NCCN1CCCCCC1)C(=O)NCCCCCCCCCCCCCCCCCC,CCCCCCCCCCCCCCCCCCNC(=O)C(CCOC(=O)CCC(C)CCCCC)NCCN1CCCCCC1,QNDZSAPZYSYWTI-UHFFFAOYSA-N,True
lnp_atlas,19,H34,CCCCCCCC/C=C/CCCCCCC(=O)OCCC(NCCN(C)C)C(=O)NCCCCCCCCCC/C=C/CCCCCCCCCC,CCCCCCCC/C=C/CCCCCCC(=O)OCCC(NCCN(C)C)C(=O)NCCCCCCCCCC/C=C/CCCCCCCCCC,RBKCUXLDZCAFQV-AQPLPEIZSA-N,True
lnp_atlas,20,H35,CCCCCC(C)CCC(=O)OCCCC(NCCCN(C)C)C(=O)NCCCCCCCCCC/C=C/CCCCCCCCCC,CCCCCCCCCC/C=C/CCCCCCCCCCNC(=O)C(CCCOC(=O)CCC(C)CCCCC)NCCCN(C)C,UJAKJICPCNQODO-ISLYRVAYSA-N,True
lnp_atlas,21,H36,CCCCCCC/C=C/C(=O)OCCCC(NCCCN(C)C)C(=O)NCCCCCCCCCC/C=C/CCCCCCCCCC,CCCCCCC/C=C/C(=O)OCCCC(NCCCN(C)C)C(=O)NCCCCCCCCCC/C=C/CCCCCCCCCC,LNIYUOJDRLECOX-XWAOLMDWSA-N,True
lnp_atlas,22,H37,CCCCCC(C)CCC(=O)OCCCC(NCCCN(C)C)C(=O)NCCCCCCCCCC/C=C/CCCCCCCCCC,CCCCCCCCCC/C=C/CCCCCCCCCCNC(=O)C(CCCOC(=O)CCC(C)CCCCC)NCCCN(C)C,UJAKJICPCNQODO-ISLYRVAYSA-N,False
lnp_atlas,23,H38,CCCCCC(C)CCC(=O)OCCCC(NCCN(C)C)C(=O)NCCCCCCCCCCCCCCCCCC,CCCCCCCCCCCCCCCCCCNC(=O)C(CCCOC(=O)CCC(C)CCCCC)NCCN(C)C,KXIVSTPLNUQFQY-UHFFFAOYSA-N,True
lnp_atlas,24,H39,CCCCCCC/C=C/C(=O)OCCC(NCCN(C)C)C(=O)NCCCCCCCCCC/C=C/CCCCCCCCCC,CCCCCCC/C=C/C(=O)OCCC(NCCN(C)C)C(=O)NCCCCCCCCCC/C=C/CCCCCCCCCC,HLYWXIPWFZMNHK-XNCHZFTQSA-N,True
lnp_atlas,25,H40,CCCCCC(C)CCC(=O)OCCCC(NC1CCN(C(C)C)CC1)C(=O)NCCCCCCCCCC/C=C/CCCCCCCCCC,CCCCCCCCCC/C=C/CCCCCCCCCCNC(=O)C(CCCOC(=O)CCC(C)CCCCC)NC1CCN(C(C)C)CC1,MYYBMUNSFKFXFI-ISLYRVAYSA-N,True
lnp_atlas,26,H41,CCCCCCC/C=C/C(=O)OCCCC(NC1CCN(C(C)C)CC1)C(=O)NCCCCCCCCCC/C=C/CCCCCCCCCC,CCCCCCC/C=C/C(=O)OCCCC(NC1CCN(C(C)C)CC1)C(=O)NCCCCCCCCCC/C=C/CCCCCCCCCC,NGMMMEKQQQJSOI-LBEKMOTQSA-N,True
lnp_atlas,27,H42,CCCCCC(C)CCC(=O)OCCCC(NC1CCN(C(C)C)CC1)C(=O)NCCCCCCCCCCCCCCCCCC,CCCCCCCCCCCCCCCCCCNC(=O)C(CCCOC(=O)CCC(C)CCCCC)NC1CCN(C(C)C)CC1,DMVMKHMBZWAXEE-UHFFFAOYSA-N,True
lnp_atlas,28,H43,CCCCCC(C)CCC(=O)OCCC(NCCCN1CCOCC1)C(=O)NCCCCCCCCCC/C=C/CCCCCCCCCC,CCCCCCCCCC/C=C/CCCCCCCCCCNC(=O)C(CCOC(=O)CCC(C)CCCCC)NCCCN1CCOCC1,FOLIOMMUGYXEEZ-FOCLMDBBSA-N,True
lnp_atlas,29,H44,CCCCCCCCC/C=C/C(=O)OCCCC(NCCCN1CCOCC1)C(=O)NCCCCCCCCCC/C=C/CCCCCCCCCC,CCCCCCCCC/C=C/C(=O)OCCCC(NCCCN1CCOCC1)C(=O)NCCCCCCCCCC/C=C/CCCCCCCCCC,QPABNGDFAGWFFT-APKDDDKOSA-N,True
lnp_atlas,30,H45,CCCCCC(C)CCC(=O)OCCCC(NCCCN1CCOCC1)C(=O)NCCCCCCCCCCCCCCCCCC,CCCCCCCCCCCCCCCCCCNC(=O)C(CCCOC(=O)CCC(C)CCCCC)NCCCN1CCOCC1,HBRWEBWGJCFSHN-UHFFFAOYSA-N,True
lnp_atlas,34,KC2 (DLin-KC2-DMA),CCCCC/C=C\C/C=C\CCCCCCCCC1(OC(CO1)CCN(C)C)CCCCCCCC/C=C\C/C=C\CCCCC,CCCCC/C=C\C/C=C\CCCCCCCCC1(CCCCCCCC/C=C\C/C=C\CCCCC)OCC(CCN(C)C)O1,LRFJOIPOPUJUMI-KWXKLSQISA-N,True
lnp_atlas,35,KC2 (DLin-KC2-DMA),CCCCC/C=C\C/C=C\CCCCCCCCC1(OC(CO1)CCN(C)C)CCCCCCCC/C=C\C/C=C\CCCCC,CCCCC/C=C\C/C=C\CCCCCCCCC1(CCCCCCCC/C=C\C/C=C\CCCCC)OCC(CCN(C)C)O1,LRFJOIPOPUJUMI-KWXKLSQISA-N,False
lnp_atlas,36,KC2 (DLin-KC2-DMA),CCCCC/C=C\C/C=C\CCCCCCCCC1(OC(CO1)CCN(C)C)CCCCCCCC/C=C\C/C=C\CCCCC,CCCCC/C=C\C/C=C\CCCCCCCCC1(CCCCCCCC/C=C\C/C=C\CCCCC)OCC(CCN(C)C)O1,LRFJOIPOPUJUMI-KWXKLSQISA-N,False
lnp_atlas,37,KC2 (DLin-KC2-DMA),CCCCC/C=C\C/C=C\CCCCCCCCC1(OC(CO1)CCN(C)C)CCCCCCCC/C=C\C/C=C\CCCCC,CCCCC/C=C\C/C=C\CCCCCCCCC1(CCCCCCCC/C=C\C/C=C\CCCCC)OCC(CCN(C)C)O1,LRFJOIPOPUJUMI-KWXKLSQISA-N,False
lnp_atlas,38,KC2 (DLin-KC2-DMA),CCCCC/C=C\C/C=C\CCCCCCCCC1(OC(CO1)CCN(C)C)CCCCCCCC/C=C\C/C=C\CCCCC,CCCCC/C=C\C/C=C\CCCCCCCCC1(CCCCCCCC/C=C\C/C=C\CCCCC)OCC(CCN(C)C)O1,LRFJOIPOPUJUMI-KWXKLSQISA-N,False
lnp_atlas,39,DODMA,CCCCCCCC/C=C\CCCCCCCCOCC(CN(C)C)OCCCCCCCC/C=C\CCCCCCCC,CCCCCCCC/C=C\CCCCCCCCOCC(CN(C)C)OCCCCCCCC/C=C\CCCCCCCC,GLGLUQVVDHRLQK-WRBBJXAJSA-N,True
lnp_atlas,40,DODMA,CCCCCCCC/C=C\CCCCCCCCOCC(CN(C)C)OCCCCCCCC/C=C\CCCCCCCC,CCCCCCCC/C=C\CCCCCCCCOCC(CN(C)C)OCCCCCCCC/C=C\CCCCCCCC,GLGLUQVVDHRLQK-WRBBJXAJSA-N,False
lnp_atlas,41,DOTMA,CCCCCCCC/C=C\CCCCCCCCOCC(C[N+](C)(C)C)OCCCCCCCC/C=C\CCCCCCCC.[Cl-],CCCCCCCC/C=C\CCCCCCCCOCC(C[N+](C)(C)C)OCCCCCCCC/C=C\CCCCCCCC.[Cl-],LDGWQMRUWMSZIU-LQDDAWAPSA-M,True
lnp_atlas,42,DOTMA,CCCCCCCC/C=C\CCCCCCCCOCC(C[N+](C)(C)C)OCCCCCCCC/C=C\CCCCCCCC.[Cl-],CCCCCCCC/C=C\CCCCCCCCOCC(C[N+](C)(C)C)OCCCCCCCC/C=C\CCCCCCCC.[Cl-],LDGWQMRUWMSZIU-LQDDAWAPSA-M,False
lnp_atlas,43,KC2 (DLin-KC2-DMA),CCCCC/C=C\C/C=C\CCCCCCCCC1(OC(CO1)CCN(C)C)CCCCCCCC/C=C\C/C=C\CCCCC,CCCCC/C=C\C/C=C\CCCCCCCCC1(CCCCCCCC/C=C\C/C=C\CCCCC)OCC(CCN(C)C)O1,LRFJOIPOPUJUMI-KWXKLSQISA-N,False
lnp_atlas,44,KC2 (DLin-KC2-DMA),CCCCC/C=C\C/C=C\CCCCCCCCC1(OC(CO1)CCN(C)C)CCCCCCCC/C=C\C/C=C\CCCCC,CCCCC/C=C\C/C=C\CCCCCCCCC1(CCCCCCCC/C=C\C/C=C\CCCCC)OCC(CCN(C)C)O1,LRFJOIPOPUJUMI-KWXKLSQISA-N,False
lnp_atlas,45,KC2 (DLin-KC2-DMA),CCCCC/C=C\C/C=C\CCCCCCCCC1(OC(CO1)CCN(C)C)CCCCCCCC/C=C\C/C=C\CCCCC,CCCCC/C=C\C/C=C\CCCCCCCCC1(CCCCCCCC/C=C\C/C=C\CCCCC)OCC(CCN(C)C)O1,LRFJOIPOPUJUMI-KWXKLSQISA-N,False
lnp_atlas,46,DLin-MC3-DMA,CCCCC/C=C\C/C=C\CCCCCCCCC(OC(=O)CCCN(C)C)CCCCCCCC/C=C\C/C=C\CCCCC,CCCCC/C=C\C/C=C\CCCCCCCCC(CCCCCCCC/C=C\C/C=C\CCCCC)OC(=O)CCCN(C)C,NRLNQCOGCKAESA-KWXKLSQISA-N,True
lnp_atlas,47,DLin-MC3-DMA,CCCCC/C=C\C/C=C\CCCCCCCCC(OC(=O)CCCN(C)C)CCCCCCCC/C=C\C/C=C\CCCCC,CCCCC/C=C\C/C=C\CCCCCCCCC(CCCCCCCC/C=C\C/C=C\CCCCC)OC(=O)CCCN(C)C,NRLNQCOGCKAESA-KWXKLSQISA-N,False
lnp_atlas,48,DLin-MC3-DMA,CCCCC/C=C\C/C=C\CCCCCCCCC(OC(=O)CCCN(C)C)CCCCCCCC/C=C\C/C=C\CCCCC,CCCCC/C=C\C/C=C\CCCCCCCCC(CCCCCCCC/C=C\C/C=C\CCCCC)OC(=O)CCCN(C)C,NRLNQCOGCKAESA-KWXKLSQISA-N,False
lnp_atlas,49,DLin-MC3-DMA,CCCCC/C=C\C/C=C\CCCCCCCCC(OC(=O)CCCN(C)C)CCCCCCCC/C=C\C/C=C\CCCCC,CCCCC/C=C\C/C=C\CCCCCCCCC(CCCCCCCC/C=C\C/C=C\CCCCC)OC(=O)CCCN(C)C,NRLNQCOGCKAESA-KWXKLSQISA-N,False
lnp_atlas,50,DLin-MC3-DMA,CCCCC/C=C\C/C=C\CCCCCCCCC(OC(=O)CCCN(C)C)CCCCCCCC/C=C\C/C=C\CCCCC,CCCCC/C=C\C/C=C\CCCCCCCCC(CCCCCCCC/C=C\C/C=C\CCCCC)OC(=O)CCCN(C)C,NRLNQCOGCKAESA-KWXKLSQISA-N,False
lnp_atlas,52,245C10,CCCCCCCCCC(O)CN(CC(O)CCCCCCCCCC)CCCN1CCN(CC(O)CCCCCCCCCC)CC1CC(O)CCCCCCCCCC,CCCCCCCCCCC(O)CC1CN(CC(O)CCCCCCCCCC)CCN1CCCN(CC(O)CCCCCCCCC)CC(O)CCCCCCCCCC,DCEZUYXYNVMCCR-UHFFFAOYSA-N,True
lnp_atlas,53,246C10,CCCCCCCCCCC(CN(CCCN1CCN(CC1)CCCN(CC(CCCCCCCCCC)O)CC(CCCCCCCCCC)O)CC(CCCCCCCCCC)O)O,CCCCCCCCCCC(O)CN(CCCN1CCN(CCCN(CC(O)CCCCCCCCCC)CC(O)CCCCCCCCCC)CC1)CC(O)CCCCCCCCCC,NLIUSFYZNWSAEC-UHFFFAOYSA-N,True
lnp_atlas,54,246C10,CCCCCCCCCCC(CN(CCCN1CCN(CC1)CCCN(CC(CCCCCCCCCC)O)CC(CCCCCCCCCC)O)CC(CCCCCCCCCC)O)O,CCCCCCCCCCC(O)CN(CCCN1CCN(CCCN(CC(O)CCCCCCCCCC)CC(O)CCCCCCCCCC)CC1)CC(O)CCCCCCCCCC,NLIUSFYZNWSAEC-UHFFFAOYSA-N,False
lnp_atlas,55,246C10,CCCCCCCCCCC(CN(CCCN1CCN(CC1)CCCN(CC(CCCCCCCCCC)O)CC(CCCCCCCCCC)O)CC(CCCCCCCCCC)O)O,CCCCCCCCCCC(O)CN(CCCN1CCN(CCCN(CC(O)CCCCCCCCCC)CC(O)CCCCCCCCCC)CC1)CC(O)CCCCCCCCCC,NLIUSFYZNWSAEC-UHFFFAOYSA-N,False
lnp_atlas,56,246C10,CCCCCCCCCCC(CN(CCCN1CCN(CC1)CCCN(CC(CCCCCCCCCC)O)CC(CCCCCCCCCC)O)CC(CCCCCCCCCC)O)O,CCCCCCCCCCC(O)CN(CCCN1CCN(CCCN(CC(O)CCCCCCCCCC)CC(O)CCCCCCCCCC)CC1)CC(O)CCCCCCCCCC,NLIUSFYZNWSAEC-UHFFFAOYSA-N,False
lnp_atlas,57,246C10,CCCCCCCCCCC(CN(CCCN1CCN(CC1)CCCN(CC(CCCCCCCCCC)O)CC(CCCCCCCCCC)O)CC(CCCCCCCCCC)O)O,CCCCCCCCCCC(O)CN(CCCN1CCN(CCCN(CC(O)CCCCCCCCCC)CC(O)CCCCCCCCCC)CC1)CC(O)CCCCCCCCCC,NLIUSFYZNWSAEC-UHFFFAOYSA-N,False
lnp_atlas,58,246C10,CCCCCCCCCCC(CN(CCCN1CCN(CC1)CCCN(CC(CCCCCCCCCC)O)CC(CCCCCCCCCC)O)CC(CCCCCCCCCC)O)O,CCCCCCCCCCC(O)CN(CCCN1CCN(CCCN(CC(O)CCCCCCCCCC)CC(O)CCCCCCCCCC)CC1)CC(O)CCCCCCCCCC,NLIUSFYZNWSAEC-UHFFFAOYSA-N,False
lnp_atlas,59,246C10,CCCCCCCCCCC(CN(CCCN1CCN(CC1)CCCN(CC(CCCCCCCCCC)O)CC(CCCCCCCCCC)O)CC(CCCCCCCCCC)O)O,CCCCCCCCCCC(O)CN(CCCN1CCN(CCCN(CC(O)CCCCCCCCCC)CC(O)CCCCCCCCCC)CC1)CC(O)CCCCCCCCCC,NLIUSFYZNWSAEC-UHFFFAOYSA-N,False
lnp_atlas,60,246C10,CCCCCCCCCCC(CN(CCCN1CCN(CC1)CCCN(CC(CCCCCCCCCC)O)CC(CCCCCCCCCC)O)CC(CCCCCCCCCC)O)O,CCCCCCCCCCC(O)CN(CCCN1CCN(CCCN(CC(O)CCCCCCCCCC)CC(O)CCCCCCCCCC)CC1)CC(O)CCCCCCCCCC,NLIUSFYZNWSAEC-UHFFFAOYSA-N,False
lnp_atlas,61,246C10,CCCCCCCCCCC(CN(CCCN1CCN(CC1)CCCN(CC(CCCCCCCCCC)O)CC(CCCCCCCCCC)O)CC(CCCCCCCCCC)O)O,CCCCCCCCCCC(O)CN(CCCN1CCN(CCCN(CC(O)CCCCCCCCCC)CC(O)CCCCCCCCCC)CC1)CC(O)CCCCCCCCCC,NLIUSFYZNWSAEC-UHFFFAOYSA-N,False
lnp_atlas,62,246C10,CCCCCCCCCCC(CN(CCCN1CCN(CC1)CCCN(CC(CCCCCCCCCC)O)CC(CCCCCCCCCC)O)CC(CCCCCCCCCC)O)O,CCCCCCCCCCC(O)CN(CCCN1CCN(CCCN(CC(O)CCCCCCCCCC)CC(O)CCCCCCCCCC)CC1)CC(O)CCCCCCCCCC,NLIUSFYZNWSAEC-UHFFFAOYSA-N,False
lnp_atlas,63,MC3,CCCCC/C=C\C/C=C\CCCCCCCCC(OC(=O)CCCN(C)C)CCCCCCCC/C=C\C/C=C\CCCCC,CCCCC/C=C\C/C=C\CCCCCCCCC(CCCCCCCC/C=C\C/C=C\CCCCC)OC(=O)CCCN(C)C,NRLNQCOGCKAESA-KWXKLSQISA-N,False
lnp_atlas,64,"DOTAP (N-[1-(2,3-Dioleoyloxy)propyl]-N,N,N-trimethylammonium)",CCCCCCCC/C=C\CCCCCCCC(=O)OCC(C[N+](C)(C)C)OC(=O)CCCCCCC/C=C\CCCCCCCC,CCCCCCCC/C=C\CCCCCCCC(=O)OCC(C[N+](C)(C)C)OC(=O)CCCCCCC/C=C\CCCCCCCC,KWVJHCQQUFDPLU-YEUCEMRASA-N,True
lnp_atlas,70,C12-200,NCCN1CCN(CCN(CC(O)CCCCCCCCCCCC)CC(O)CCCCCCCCCCCC)CC1CN(CC(O)CCCCCCCCCCCC)CN(CC(O)CCCCCCCCCCCC)CC(O)CCCCCCCCCCCC,CCCCCCCCCCCCC(O)CN(CCN1CCN(CCN)C(CN(CC(O)CCCCCCCCCCCC)CN(CC(O)CCCCCCCCCCCC)CC(O)CCCCCCCCCCCC)C1)CC(O)CCCCCCCCCCCC,WZJASPMKFTYOPC-UHFFFAOYSA-N,True
lnp_atlas,71,C12-200,NCCN1CCN(CCN(CC(O)CCCCCCCCCCCC)CC(O)CCCCCCCCCCCC)CC1CN(CC(O)CCCCCCCCCCCC)CN(CC(O)CCCCCCCCCCCC)CC(O)CCCCCCCCCCCC,CCCCCCCCCCCCC(O)CN(CCN1CCN(CCN)C(CN(CC(O)CCCCCCCCCCCC)CN(CC(O)CCCCCCCCCCCC)CC(O)CCCCCCCCCCCC)C1)CC(O)CCCCCCCCCCCC,WZJASPMKFTYOPC-UHFFFAOYSA-N,False
lnp_atlas,72,C12-200,NCCN1CCN(CCN(CC(O)CCCCCCCCCCCC)CC(O)CCCCCCCCCCCC)CC1CN(CC(O)CCCCCCCCCCCC)CN(CC(O)CCCCCCCCCCCC)CC(O)CCCCCCCCCCCC,CCCCCCCCCCCCC(O)CN(CCN1CCN(CCN)C(CN(CC(O)CCCCCCCCCCCC)CN(CC(O)CCCCCCCCCCCC)CC(O)CCCCCCCCCCCC)C1)CC(O)CCCCCCCCCCCC,WZJASPMKFTYOPC-UHFFFAOYSA-N,False
lnp_atlas,73,C12-200,NCCN1CCN(CCN(CC(O)CCCCCCCCCCCC)CC(O)CCCCCCCCCCCC)CC1CN(CC(O)CCCCCCCCCCCC)CN(CC(O)CCCCCCCCCCCC)CC(O)CCCCCCCCCCCC,CCCCCCCCCCCCC(O)CN(CCN1CCN(CCN)C(CN(CC(O)CCCCCCCCCCCC)CN(CC(O)CCCCCCCCCCCC)CC(O)CCCCCCCCCCCC)C1)CC(O)CCCCCCCCCCCC,WZJASPMKFTYOPC-UHFFFAOYSA-N,False
lnp_atlas,74,C12-200,NCCN1CCN(CCN(CC(O)CCCCCCCCCCCC)CC(O)CCCCCCCCCCCC)CC1CN(CC(O)CCCCCCCCCCCC)CN(CC(O)CCCCCCCCCCCC)CC(O)CCCCCCCCCCCC,CCCCCCCCCCCCC(O)CN(CCN1CCN(CCN)C(CN(CC(O)CCCCCCCCCCCC)CN(CC(O)CCCCCCCCCCCC)CC(O)CCCCCCCCCCCC)C1)CC(O)CCCCCCCCCCCC,WZJASPMKFTYOPC-UHFFFAOYSA-N,False
lnp_atlas,75,C12-200,NCCN1CCN(CCN(CC(O)CCCCCCCCCCCC)CC(O)CCCCCCCCCCCC)CC1CN(CC(O)CCCCCCCCCCCC)CN(CC(O)CCCCCCCCCCCC)CC(O)CCCCCCCCCCCC,CCCCCCCCCCCCC(O)CN(CCN1CCN(CCN)C(CN(CC(O)CCCCCCCCCCCC)CN(CC(O)CCCCCCCCCCCC)CC(O)CCCCCCCCCCCC)C1)CC(O)CCCCCCCCCCCC,WZJASPMKFTYOPC-UHFFFAOYSA-N,False
lnp_atlas,76,C12-200,NCCN1CCN(CCN(CC(O)CCCCCCCCCCCC)CC(O)CCCCCCCCCCCC)CC1CN(CC(O)CCCCCCCCCCCC)CN(CC(O)CCCCCCCCCCCC)CC(O)CCCCCCCCCCCC,CCCCCCCCCCCCC(O)CN(CCN1CCN(CCN)C(CN(CC(O)CCCCCCCCCCCC)CN(CC(O)CCCCCCCCCCCC)CC(O)CCCCCCCCCCCC)C1)CC(O)CCCCCCCCCCCC,WZJASPMKFTYOPC-UHFFFAOYSA-N,False
lnp_atlas,77,C12-200,NCCN1CCN(CCN(CC(O)CCCCCCCCCCCC)CC(O)CCCCCCCCCCCC)CC1CN(CC(O)CCCCCCCCCCCC)CN(CC(O)CCCCCCCCCCCC)CC(O)CCCCCCCCCCCC,CCCCCCCCCCCCC(O)CN(CCN1CCN(CCN)C(CN(CC(O)CCCCCCCCCCCC)CN(CC(O)CCCCCCCCCCCC)CC(O)CCCCCCCCCCCC)C1)CC(O)CCCCCCCCCCCC,WZJASPMKFTYOPC-UHFFFAOYSA-N,False
lnp_atlas,78,C12-200,NCCN1CCN(CCN(CC(O)CCCCCCCCCCCC)CC(O)CCCCCCCCCCCC)CC1CN(CC(O)CCCCCCCCCCCC)CN(CC(O)CCCCCCCCCCCC)CC(O)CCCCCCCCCCCC,CCCCCCCCCCCCC(O)CN(CCN1CCN(CCN)C(CN(CC(O)CCCCCCCCCCCC)CN(CC(O)CCCCCCCCCCCC)CC(O)CCCCCCCCCCCC)C1)CC(O)CCCCCCCCCCCC,WZJASPMKFTYOPC-UHFFFAOYSA-N,False
lnp_atlas,79,C12-200,NCCN1CCN(CCN(CC(O)CCCCCCCCCCCC)CC(O)CCCCCCCCCCCC)CC1CN(CC(O)CCCCCCCCCCCC)CN(CC(O)CCCCCCCCCCCC)CC(O)CCCCCCCCCCCC,CCCCCCCCCCCCC(O)CN(CCN1CCN(CCN)C(CN(CC(O)CCCCCCCCCCCC)CN(CC(O)CCCCCCCCCCCC)CC(O)CCCCCCCCCCCC)C1)CC(O)CCCCCCCCCCCC,WZJASPMKFTYOPC-UHFFFAOYSA-N,False
lnp_atlas,80,C12-200,NCCN1CCN(CCN(CC(O)CCCCCCCCCCCC)CC(O)CCCCCCCCCCCC)CC1CN(CC(O)CCCCCCCCCCCC)CN(CC(O)CCCCCCCCCCCC)CC(O)CCCCCCCCCCCC,CCCCCCCCCCCCC(O)CN(CCN1CCN(CCN)C(CN(CC(O)CCCCCCCCCCCC)CN(CC(O)CCCCCCCCCCCC)CC(O)CCCCCCCCCCCC)C1)CC(O)CCCCCCCCCCCC,WZJASPMKFTYOPC-UHFFFAOYSA-N,False
lnp_atlas,81,C12-200,NCCN1CCN(CCN(CC(O)CCCCCCCCCCCC)CC(O)CCCCCCCCCCCC)CC1CN(CC(O)CCCCCCCCCCCC)CN(CC(O)CCCCCCCCCCCC)CC(O)CCCCCCCCCCCC,CCCCCCCCCCCCC(O)CN(CCN1CCN(CCN)C(CN(CC(O)CCCCCCCCCCCC)CN(CC(O)CCCCCCCCCCCC)CC(O)CCCCCCCCCCCC)C1)CC(O)CCCCCCCCCCCC,WZJASPMKFTYOPC-UHFFFAOYSA-N,False
lnp_atlas,82,C12-200,NCCN1CCN(CCN(CC(O)CCCCCCCCCCCC)CC(O)CCCCCCCCCCCC)CC1CN(CC(O)CCCCCCCCCCCC)CN(CC(O)CCCCCCCCCCCC)CC(O)CCCCCCCCCCCC,CCCCCCCCCCCCC(O)CN(CCN1CCN(CCN)C(CN(CC(O)CCCCCCCCCCCC)CN(CC(O)CCCCCCCCCCCC)CC(O)CCCCCCCCCCCC)C1)CC(O)CCCCCCCCCCCC,WZJASPMKFTYOPC-UHFFFAOYSA-N,False
lnp_atlas,83,C12-200,NCCN1CCN(CCN(CC(O)CCCCCCCCCCCC)CC(O)CCCCCCCCCCCC)CC1CN(CC(O)CCCCCCCCCCCC)CN(CC(O)CCCCCCCCCCCC)CC(O)CCCCCCCCCCCC,CCCCCCCCCCCCC(O)CN(CCN1CCN(CCN)C(CN(CC(O)CCCCCCCCCCCC)CN(CC(O)CCCCCCCCCCCC)CC(O)CCCCCCCCCCCC)C1)CC(O)CCCCCCCCCCCC,WZJASPMKFTYOPC-UHFFFAOYSA-N,False
lnp_atlas,84,C12-200,NCCN1CCN(CCN(CC(O)CCCCCCCCCCCC)CC(O)CCCCCCCCCCCC)CC1CN(CC(O)CCCCCCCCCCCC)CN(CC(O)CCCCCCCCCCCC)CC(O)CCCCCCCCCCCC,CCCCCCCCCCCCC(O)CN(CCN1CCN(CCN)C(CN(CC(O)CCCCCCCCCCCC)CN(CC(O)CCCCCCCCCCCC)CC(O)CCCCCCCCCCCC)C1)CC(O)CCCCCCCCCCCC,WZJASPMKFTYOPC-UHFFFAOYSA-N,False
lnp_atlas,85,C12-200,NCCN1CCN(CCN(CC(O)CCCCCCCCCCCC)CC(O)CCCCCCCCCCCC)CC1CN(CC(O)CCCCCCCCCCCC)CN(CC(O)CCCCCCCCCCCC)CC(O)CCCCCCCCCCCC,CCCCCCCCCCCCC(O)CN(CCN1CCN(CCN)C(CN(CC(O)CCCCCCCCCCCC)CN(CC(O)CCCCCCCCCCCC)CC(O)CCCCCCCCCCCC)C1)CC(O)CCCCCCCCCCCC,WZJASPMKFTYOPC-UHFFFAOYSA-N,False
lnp_atlas,86,C12-200,NCCN1CCN(CCN(CC(O)CCCCCCCCCCCC)CC(O)CCCCCCCCCCCC)CC1CN(CC(O)CCCCCCCCCCCC)CN(CC(O)CCCCCCCCCCCC)CC(O)CCCCCCCCCCCC,CCCCCCCCCCCCC(O)CN(CCN1CCN(CCN)C(CN(CC(O)CCCCCCCCCCCC)CN(CC(O)CCCCCCCCCCCC)CC(O)CCCCCCCCCCCC)C1)CC(O)CCCCCCCCCCCC,WZJASPMKFTYOPC-UHFFFAOYSA-N,False
lnp_atlas,87,C12-200,NCCN1CCN(CCN(CC(O)CCCCCCCCCCCC)CC(O)CCCCCCCCCCCC)CC1CN(CC(O)CCCCCCCCCCCC)CN(CC(O)CCCCCCCCCCCC)CC(O)CCCCCCCCCCCC,CCCCCCCCCCCCC(O)CN(CCN1CCN(CCN)C(CN(CC(O)CCCCCCCCCCCC)CN(CC(O)CCCCCCCCCCCC)CC(O)CCCCCCCCCCCC)C1)CC(O)CCCCCCCCCCCC,WZJASPMKFTYOPC-UHFFFAOYSA-N,False
lnp_atlas,88,C12-200,NCCN1CCN(CCN(CC(O)CCCCCCCCCCCC)CC(O)CCCCCCCCCCCC)CC1CN(CC(O)CCCCCCCCCCCC)CN(CC(O)CCCCCCCCCCCC)CC(O)CCCCCCCCCCCC,CCCCCCCCCCCCC(O)CN(CCN1CCN(CCN)C(CN(CC(O)CCCCCCCCCCCC)CN(CC(O)CCCCCCCCCCCC)CC(O)CCCCCCCCCCCC)C1)CC(O)CCCCCCCCCCCC,WZJASPMKFTYOPC-UHFFFAOYSA-N,False
lnp_atlas,89,C12-200,NCCN1CCN(CCN(CC(O)CCCCCCCCCCCC)CC(O)CCCCCCCCCCCC)CC1CN(CC(O)CCCCCCCCCCCC)CN(CC(O)CCCCCCCCCCCC)CC(O)CCCCCCCCCCCC,CCCCCCCCCCCCC(O)CN(CCN1CCN(CCN)C(CN(CC(O)CCCCCCCCCCCC)CN(CC(O)CCCCCCCCCCCC)CC(O)CCCCCCCCCCCC)C1)CC(O)CCCCCCCCCCCC,WZJASPMKFTYOPC-UHFFFAOYSA-N,False
lnp_atlas,90,C12-200,NCCN1CCN(CCN(CC(O)CCCCCCCCCCCC)CC(O)CCCCCCCCCCCC)CC1CN(CC(O)CCCCCCCCCCCC)CN(CC(O)CCCCCCCCCCCC)CC(O)CCCCCCCCCCCC,CCCCCCCCCCCCC(O)CN(CCN1CCN(CCN)C(CN(CC(O)CCCCCCCCCCCC)CN(CC(O)CCCCCCCCCCCC)CC(O)CCCCCCCCCCCC)C1)CC(O)CCCCCCCCCCCC,WZJASPMKFTYOPC-UHFFFAOYSA-N,False
lnp_atlas,91,C12-200,NCCN1CCN(CCN(CC(O)CCCCCCCCCCCC)CC(O)CCCCCCCCCCCC)CC1CN(CC(O)CCCCCCCCCCCC)CN(CC(O)CCCCCCCCCCCC)CC(O)CCCCCCCCCCCC,CCCCCCCCCCCCC(O)CN(CCN1CCN(CCN)C(CN(CC(O)CCCCCCCCCCCC)CN(CC(O)CCCCCCCCCCCC)CC(O)CCCCCCCCCCCC)C1)CC(O)CCCCCCCCCCCC,WZJASPMKFTYOPC-UHFFFAOYSA-N,False
lnp_atlas,92,C12-200,NCCN1CCN(CCN(CC(O)CCCCCCCCCCCC)CC(O)CCCCCCCCCCCC)CC1CN(CC(O)CCCCCCCCCCCC)CN(CC(O)CCCCCCCCCCCC)CC(O)CCCCCCCCCCCC,CCCCCCCCCCCCC(O)CN(CCN1CCN(CCN)C(CN(CC(O)CCCCCCCCCCCC)CN(CC(O)CCCCCCCCCCCC)CC(O)CCCCCCCCCCCC)C1)CC(O)CCCCCCCCCCCC,WZJASPMKFTYOPC-UHFFFAOYSA-N,False
lnp_atlas,93,C12-200,NCCN1CCN(CCN(CC(O)CCCCCCCCCCCC)CC(O)CCCCCCCCCCCC)CC1CN(CC(O)CCCCCCCCCCCC)CN(CC(O)CCCCCCCCCCCC)CC(O)CCCCCCCCCCCC,CCCCCCCCCCCCC(O)CN(CCN1CCN(CCN)C(CN(CC(O)CCCCCCCCCCCC)CN(CC(O)CCCCCCCCCCCC)CC(O)CCCCCCCCCCCC)C1)CC(O)CCCCCCCCCCCC,WZJASPMKFTYOPC-UHFFFAOYSA-N,False
lnp_atlas,94,C12-200,NCCN1CCN(CCN(CC(O)CCCCCCCCCCCC)CC(O)CCCCCCCCCCCC)CC1CN(CC(O)CCCCCCCCCCCC)CN(CC(O)CCCCCCCCCCCC)CC(O)CCCCCCCCCCCC,CCCCCCCCCCCCC(O)CN(CCN1CCN(CCN)C(CN(CC(O)CCCCCCCCCCCC)CN(CC(O)CCCCCCCCCCCC)CC(O)CCCCCCCCCCCC)C1)CC(O)CCCCCCCCCCCC,WZJASPMKFTYOPC-UHFFFAOYSA-N,False
lnp_atlas,95,C12-200,NCCN1CCN(CCN(CC(O)CCCCCCCCCCCC)CC(O)CCCCCCCCCCCC)CC1CN(CC(O)CCCCCCCCCCCC)CN(CC(O)CCCCCCCCCCCC)CC(O)CCCCCCCCCCCC,CCCCCCCCCCCCC(O)CN(CCN1CCN(CCN)C(CN(CC(O)CCCCCCCCCCCC)CN(CC(O)CCCCCCCCCCCC)CC(O)CCCCCCCCCCCC)C1)CC(O)CCCCCCCCCCCC,WZJASPMKFTYOPC-UHFFFAOYSA-N,False
lnp_atlas,96,C12-200,NCCN1CCN(CCN(CC(O)CCCCCCCCCCCC)CC(O)CCCCCCCCCCCC)CC1CN(CC(O)CCCCCCCCCCCC)CN(CC(O)CCCCCCCCCCCC)CC(O)CCCCCCCCCCCC,CCCCCCCCCCCCC(O)CN(CCN1CCN(CCN)C(CN(CC(O)CCCCCCCCCCCC)CN(CC(O)CCCCCCCCCCCC)CC(O)CCCCCCCCCCCC)C1)CC(O)CCCCCCCCCCCC,WZJASPMKFTYOPC-UHFFFAOYSA-N,False
lnp_atlas,97,C12-200,NCCN1CCN(CCN(CC(O)CCCCCCCCCCCC)CC(O)CCCCCCCCCCCC)CC1CN(CC(O)CCCCCCCCCCCC)CN(CC(O)CCCCCCCCCCCC)CC(O)CCCCCCCCCCCC,CCCCCCCCCCCCC(O)CN(CCN1CCN(CCN)C(CN(CC(O)CCCCCCCCCCCC)CN(CC(O)CCCCCCCCCCCC)CC(O)CCCCCCCCCCCC)C1)CC(O)CCCCCCCCCCCC,WZJASPMKFTYOPC-UHFFFAOYSA-N,False
lnp_atlas,98,C12-200,NCCN1CCN(CCN(CC(O)CCCCCCCCCCCC)CC(O)CCCCCCCCCCCC)CC1CN(CC(O)CCCCCCCCCCCC)CN(CC(O)CCCCCCCCCCCC)CC(O)CCCCCCCCCCCC,CCCCCCCCCCCCC(O)CN(CCN1CCN(CCN)C(CN(CC(O)CCCCCCCCCCCC)CN(CC(O)CCCCCCCCCCCC)CC(O)CCCCCCCCCCCC)C1)CC(O)CCCCCCCCCCCC,WZJASPMKFTYOPC-UHFFFAOYSA-N,False
lnp_atlas,99,C12-200,NCCN1CCN(CCN(CC(O)CCCCCCCCCCCC)CC(O)CCCCCCCCCCCC)CC1CN(CC(O)CCCCCCCCCCCC)CN(CC(O)CCCCCCCCCCCC)CC(O)CCCCCCCCCCCC,CCCCCCCCCCCCC(O)CN(CCN1CCN(CCN)C(CN(CC(O)CCCCCCCCCCCC)CN(CC(O)CCCCCCCCCCCC)CC(O)CCCCCCCCCCCC)C1)CC(O)CCCCCCCCCCCC,WZJASPMKFTYOPC-UHFFFAOYSA-N,False
lnp_atlas,100,C12-200,NCCN1CCN(CCN(CC(O)CCCCCCCCCCCC)CC(O)CCCCCCCCCCCC)CC1CN(CC(O)CCCCCCCCCCCC)CN(CC(O)CCCCCCCCCCCC)CC(O)CCCCCCCCCCCC,CCCCCCCCCCCCC(O)CN(CCN1CCN(CCN)C(CN(CC(O)CCCCCCCCCCCC)CN(CC(O)CCCCCCCCCCCC)CC(O)CCCCCCCCCCCC)C1)CC(O)CCCCCCCCCCCC,WZJASPMKFTYOPC-UHFFFAOYSA-N,False
lnp_atlas,101,C12-200,NCCN1CCN(CCN(CC(O)CCCCCCCCCCCC)CC(O)CCCCCCCCCCCC)CC1CN(CC(O)CCCCCCCCCCCC)CN(CC(O)CCCCCCCCCCCC)CC(O)CCCCCCCCCCCC,CCCCCCCCCCCCC(O)CN(CCN1CCN(CCN)C(CN(CC(O)CCCCCCCCCCCC)CN(CC(O)CCCCCCCCCCCC)CC(O)CCCCCCCCCCCC)C1)CC(O)CCCCCCCCCCCC,WZJASPMKFTYOPC-UHFFFAOYSA-N,False
lnp_atlas,102,C12-200,NCCN1CCN(CCN(CC(O)CCCCCCCCCCCC)CC(O)CCCCCCCCCCCC)CC1CN(CC(O)CCCCCCCCCCCC)CN(CC(O)CCCCCCCCCCCC)CC(O)CCCCCCCCCCCC,CCCCCCCCCCCCC(O)CN(CCN1CCN(CCN)C(CN(CC(O)CCCCCCCCCCCC)CN(CC(O)CCCCCCCCCCCC)CC(O)CCCCCCCCCCCC)C1)CC(O)CCCCCCCCCCCC,WZJASPMKFTYOPC-UHFFFAOYSA-N,False
lnp_atlas,103,C12-200,NCCN1CCN(CCN(CC(O)CCCCCCCCCCCC)CC(O)CCCCCCCCCCCC)CC1CN(CC(O)CCCCCCCCCCCC)CN(CC(O)CCCCCCCCCCCC)CC(O)CCCCCCCCCCCC,CCCCCCCCCCCCC(O)CN(CCN1CCN(CCN)C(CN(CC(O)CCCCCCCCCCCC)CN(CC(O)CCCCCCCCCCCC)CC(O)CCCCCCCCCCCC)C1)CC(O)CCCCCCCCCCCC,WZJASPMKFTYOPC-UHFFFAOYSA-N,False
lnp_atlas,104,C12-200,NCCN1CCN(CCN(CC(O)CCCCCCCCCCCC)CC(O)CCCCCCCCCCCC)CC1CN(CC(O)CCCCCCCCCCCC)CN(CC(O)CCCCCCCCCCCC)CC(O)CCCCCCCCCCCC,CCCCCCCCCCCCC(O)CN(CCN1CCN(CCN)C(CN(CC(O)CCCCCCCCCCCC)CN(CC(O)CCCCCCCCCCCC)CC(O)CCCCCCCCCCCC)C1)CC(O)CCCCCCCCCCCC,WZJASPMKFTYOPC-UHFFFAOYSA-N,False
lnp_atlas,105,C12-200,NCCN1CCN(CCN(CC(O)CCCCCCCCCCCC)CC(O)CCCCCCCCCCCC)CC1CN(CC(O)CCCCCCCCCCCC)CN(CC(O)CCCCCCCCCCCC)CC(O)CCCCCCCCCCCC,CCCCCCCCCCCCC(O)CN(CCN1CCN(CCN)C(CN(CC(O)CCCCCCCCCCCC)CN(CC(O)CCCCCCCCCCCC)CC(O)CCCCCCCCCCCC)C1)CC(O)CCCCCCCCCCCC,WZJASPMKFTYOPC-UHFFFAOYSA-N,False
lnp_atlas,106,C12-200,NCCN1CCN(CCN(CC(O)CCCCCCCCCCCC)CC(O)CCCCCCCCCCCC)CC1CN(CC(O)CCCCCCCCCCCC)CN(CC(O)CCCCCCCCCCCC)CC(O)CCCCCCCCCCCC,CCCCCCCCCCCCC(O)CN(CCN1CCN(CCN)C(CN(CC(O)CCCCCCCCCCCC)CN(CC(O)CCCCCCCCCCCC)CC(O)CCCCCCCCCCCC)C1)CC(O)CCCCCCCCCCCC,WZJASPMKFTYOPC-UHFFFAOYSA-N,False
lnp_atlas,107,C12-200,NCCN1CCN(CCN(CC(O)CCCCCCCCCCCC)CC(O)CCCCCCCCCCCC)CC1CN(CC(O)CCCCCCCCCCCC)CN(CC(O)CCCCCCCCCCCC)CC(O)CCCCCCCCCCCC,CCCCCCCCCCCCC(O)CN(CCN1CCN(CCN)C(CN(CC(O)CCCCCCCCCCCC)CN(CC(O)CCCCCCCCCCCC)CC(O)CCCCCCCCCCCC)C1)CC(O)CCCCCCCCCCCC,WZJASPMKFTYOPC-UHFFFAOYSA-N,False
lnp_atlas,108,C12-200,NCCN1CCN(CCN(CC(O)CCCCCCCCCCCC)CC(O)CCCCCCCCCCCC)CC1CN(CC(O)CCCCCCCCCCCC)CN(CC(O)CCCCCCCCCCCC)CC(O)CCCCCCCCCCCC,CCCCCCCCCCCCC(O)CN(CCN1CCN(CCN)C(CN(CC(O)CCCCCCCCCCCC)CN(CC(O)CCCCCCCCCCCC)CC(O)CCCCCCCCCCCC)C1)CC(O)CCCCCCCCCCCC,WZJASPMKFTYOPC-UHFFFAOYSA-N,False
lnp_atlas,109,C12-200,NCCN1CCN(CCN(CC(O)CCCCCCCCCCCC)CC(O)CCCCCCCCCCCC)CC1CN(CC(O)CCCCCCCCCCCC)CN(CC(O)CCCCCCCCCCCC)CC(O)CCCCCCCCCCCC,CCCCCCCCCCCCC(O)CN(CCN1CCN(CCN)C(CN(CC(O)CCCCCCCCCCCC)CN(CC(O)CCCCCCCCCCCC)CC(O)CCCCCCCCCCCC)C1)CC(O)CCCCCCCCCCCC,WZJASPMKFTYOPC-UHFFFAOYSA-N,False
lnp_atlas,110,C12-200,NCCN1CCN(CCN(CC(O)CCCCCCCCCCCC)CC(O)CCCCCCCCCCCC)CC1CN(CC(O)CCCCCCCCCCCC)CN(CC(O)CCCCCCCCCCCC)CC(O)CCCCCCCCCCCC,CCCCCCCCCCCCC(O)CN(CCN1CCN(CCN)C(CN(CC(O)CCCCCCCCCCCC)CN(CC(O)CCCCCCCCCCCC)CC(O)CCCCCCCCCCCC)C1)CC(O)CCCCCCCCCCCC,WZJASPMKFTYOPC-UHFFFAOYSA-N,False
lnp_atlas,111,C12-200,NCCN1CCN(CCN(CC(O)CCCCCCCCCCCC)CC(O)CCCCCCCCCCCC)CC1CN(CC(O)CCCCCCCCCCCC)CN(CC(O)CCCCCCCCCCCC)CC(O)CCCCCCCCCCCC,CCCCCCCCCCCCC(O)CN(CCN1CCN(CCN)C(CN(CC(O)CCCCCCCCCCCC)CN(CC(O)CCCCCCCCCCCC)CC(O)CCCCCCCCCCCC)C1)CC(O)CCCCCCCCCCCC,WZJASPMKFTYOPC-UHFFFAOYSA-N,False
lnp_atlas,112,C12-200,NCCN1CCN(CCN(CC(O)CCCCCCCCCCCC)CC(O)CCCCCCCCCCCC)CC1CN(CC(O)CCCCCCCCCCCC)CN(CC(O)CCCCCCCCCCCC)CC(O)CCCCCCCCCCCC,CCCCCCCCCCCCC(O)CN(CCN1CCN(CCN)C(CN(CC(O)CCCCCCCCCCCC)CN(CC(O)CCCCCCCCCCCC)CC(O)CCCCCCCCCCCC)C1)CC(O)CCCCCCCCCCCC,WZJASPMKFTYOPC-UHFFFAOYSA-N,False
lnp_atlas,113,"2-(Di((9Z,12Z)-octadeca-9,12-dien-1-yl)amino)ethan-1-ol",CCCCC/C=C\C/C=C\CCCCCCCCN(CCCCCCCC/C=C\C/C=C\CCCCC)CCO,CCCCC/C=C\C/C=C\CCCCCCCCN(CCO)CCCCCCCC/C=C\C/C=C\CCCCC,VHFVFEIQUCUIOM-MAZCIEHSSA-N,True
lnp_atlas,114,"Dinonyl 8,8'-((2-hydroxyethyl)azanediyl)dioctanoate",CCCCCCCCCOC(=O)CCCCCCCN(CCCCCCCC(=O)OCCCCCCCCC)CCO,CCCCCCCCCOC(=O)CCCCCCCN(CCO)CCCCCCCC(=O)OCCCCCCCCC,BJZNKPCTXRSZKS-UHFFFAOYSA-N,True
lnp_atlas,115,"Nonyl 8-((2-hydroxyethyl)((9Z,12Z)-octadeca-9,12-dien-1-yl)amino)octanoate",CCCCCCCCCOC(=O)CCCCCCCN(CCCCCCCC/C=C\C/C=C\CCCCC)CCO,CCCCC/C=C\C/C=C\CCCCCCCCN(CCO)CCCCCCCC(=O)OCCCCCCCCC,ODDKZGLUINEUOH-HDXUUTQWSA-N,True
lnp_atlas,116,"Heptadecan-9-yl 8-((2-hydroxyethyl)((9Z,12Z)-octadeca-9,12-dien-1-yl)amino)octanoate",CCCCCCCCC(CCCCCCCC)OC(=O)CCCCCCCN(CCCCCCCC/C=C\C/C=C\CCCCC)CCO,CCCCC/C=C\C/C=C\CCCCCCCCN(CCO)CCCCCCCC(=O)OC(CCCCCCCC)CCCCCCCC,MPJIWIQOKGDQJE-LTXDKZCQSA-N,True
lnp_atlas,117,Heptadecan-9-yl 8-((2-hydroxyethyl)(8-(nonyloxy)-8-oxooctyl)amino)octanoate,CCCCCCCCCOC(=O)CCCCCCCN(CCCCCCCC(=O)OC(CCCCCCCC)CCCCCCCC)CCO,CCCCCCCCCOC(=O)CCCCCCCN(CCO)CCCCCCCC(=O)OC(CCCCCCCC)CCCCCCCC,ABCVHPIKBGRCJA-UHFFFAOYSA-N,True
lnp_atlas,118,"Di(heptadecan-9-yl) 8,8'-((2-hydroxyethyl)azanediyl)dioctanoate",CCCCCCCCC(CCCCCCCC)OC(=O)CCCCCCCN(CCCCCCCC(=O)OC(CCCCCCCC)CCCCCCCC)CCO,CCCCCCCCC(CCCCCCCC)OC(=O)CCCCCCCN(CCO)CCCCCCCC(=O)OC(CCCCCCCC)CCCCCCCC,GBJHIVHVWKHKDG-UHFFFAOYSA-N,True
lnp_atlas,119,Heptadecan-9-yl 8-((2-(dimethylamino)ethyl)(8-(nonyloxy)-8-oxooctyl)amino)octanoate,CCCCCCCCCOC(=O)CCCCCCCN(CCCCCCCC(=O)OC(CCCCCCCC)CCCCCCCC)CCN(C)C,CCCCCCCCCOC(=O)CCCCCCCN(CCCCCCCC(=O)OC(CCCCCCCC)CCCCCCCC)CCN(C)C,WIWRPGNHBSINBB-UHFFFAOYSA-N,True
lnp_atlas,120,Heptadecan-9-yl 8-((2-hydroxyethyl)(6-oxo-6-(undecyloxy)hexyl)amino)octanoate,CCCCCCCCCCCOC(=O)CCCCCN(CCCCCCCC(=O)OC(CCCCCCCC)CCCCCCCC)CCO,CCCCCCCCCCCOC(=O)CCCCCN(CCO)CCCCCCCC(=O)OC(CCCCCCCC)CCCCCCCC,BGNVBNJYBVCBJH-UHFFFAOYSA-N,True
lnp_atlas,121,Heptadecan-9-yl 8-((2-hydroxyethyl)(4-(nonyloxy)-4-oxobutyl)amino)octanoate,CCCCCCCCCOC(=O)CCCN(CCCCCCCC(=O)OC(CCCCCCCC)CCCCCCCC)CCO,CCCCCCCCCOC(=O)CCCN(CCO)CCCCCCCC(=O)OC(CCCCCCCC)CCCCCCCC,FYYWODKUCHPELM-UHFFFAOYSA-N,True
lnp_atlas,122,Henicosan-11-yl 6-((2-hydroxyethyl)(6-oxo-6-(undecyloxy)hexyl)amino)hexanoate,CCCCCCCCCCCOC(=O)CCCCCN(CCCCCC(=O)OC(CCCCCCCCCC)CCCCCCCCCC)CCO,CCCCCCCCCCCOC(=O)CCCCCN(CCO)CCCCCC(=O)OC(CCCCCCCCCC)CCCCCCCCCC,YDXPMICNZYCJHE-UHFFFAOYSA-N,True
lnp_atlas,123,"MC3 (DLin-MC3-DMA, control)",CCCCC/C=C\C/C=C\CCCCCCCCC(OC(=O)CCCN(C)C)CCCCCCCC/C=C\C/C=C\CCCCC,CCCCC/C=C\C/C=C\CCCCCCCCC(CCCCCCCC/C=C\C/C=C\CCCCC)OC(=O)CCCN(C)C,NRLNQCOGCKAESA-KWXKLSQISA-N,False
lnp_atlas,124,7C1,NCCN(CCNCC(O)CCCCCCCCCCCC)CCNCCN(CCNCCNCC(O)CCCCCCCCCCCC)CCN(CCN(CCN)CCNCC(O)CCCCCCCCCCCC)CCNCCN,CCCCCCCCCCCCC(O)CNCCNCCN(CCNCCN(CCN)CCNCC(O)CCCCCCCCCCCC)CCN(CCNCCN)CCN(CCN)CCNCC(O)CCCCCCCCCCCC,ZNBZOXITLOVORM-UHFFFAOYSA-N,True
lnp_atlas,125,7C1,NCCN(CCNCC(O)CCCCCCCCCCCC)CCNCCN(CCNCCNCC(O)CCCCCCCCCCCC)CCN(CCN(CCN)CCNCC(O)CCCCCCCCCCCC)CCNCCN,CCCCCCCCCCCCC(O)CNCCNCCN(CCNCCN(CCN)CCNCC(O)CCCCCCCCCCCC)CCN(CCNCCN)CCN(CCN)CCNCC(O)CCCCCCCCCCCC,ZNBZOXITLOVORM-UHFFFAOYSA-N,False
lnp_atlas,126,7C1,NCCN(CCNCC(O)CCCCCCCCCCCC)CCNCCN(CCNCCNCC(O)CCCCCCCCCCCC)CCN(CCN(CCN)CCNCC(O)CCCCCCCCCCCC)CCNCCN,CCCCCCCCCCCCC(O)CNCCNCCN(CCNCCN(CCN)CCNCC(O)CCCCCCCCCCCC)CCN(CCNCCN)CCN(CCN)CCNCC(O)CCCCCCCCCCCC,ZNBZOXITLOVORM-UHFFFAOYSA-N,False
lnp_atlas,127,7C1,NCCN(CCNCC(O)CCCCCCCCCCCC)CCNCCN(CCNCCNCC(O)CCCCCCCCCCCC)CCN(CCN(CCN)CCNCC(O)CCCCCCCCCCCC)CCNCCN,CCCCCCCCCCCCC(O)CNCCNCCN(CCNCCN(CCN)CCNCC(O)CCCCCCCCCCCC)CCN(CCNCCN)CCN(CCN)CCNCC(O)CCCCCCCCCCCC,ZNBZOXITLOVORM-UHFFFAOYSA-N,False
lnp_atlas,128,7C1,NCCN(CCNCC(O)CCCCCCCCCCCC)CCNCCN(CCNCCNCC(O)CCCCCCCCCCCC)CCN(CCN(CCN)CCNCC(O)CCCCCCCCCCCC)CCNCCN,CCCCCCCCCCCCC(O)CNCCNCCN(CCNCCN(CCN)CCNCC(O)CCCCCCCCCCCC)CCN(CCNCCN)CCN(CCN)CCNCC(O)CCCCCCCCCCCC,ZNBZOXITLOVORM-UHFFFAOYSA-N,False
lnp_atlas,129,7C1,NCCN(CCNCC(O)CCCCCCCCCCCC)CCNCCN(CCNCCNCC(O)CCCCCCCCCCCC)CCN(CCN(CCN)CCNCC(O)CCCCCCCCCCCC)CCNCCN,CCCCCCCCCCCCC(O)CNCCNCCN(CCNCCN(CCN)CCNCC(O)CCCCCCCCCCCC)CCN(CCNCCN)CCN(CCN)CCNCC(O)CCCCCCCCCCCC,ZNBZOXITLOVORM-UHFFFAOYSA-N,False
lnp_atlas,130,7C1,NCCN(CCNCC(O)CCCCCCCCCCCC)CCNCCN(CCNCCNCC(O)CCCCCCCCCCCC)CCN(CCN(CCN)CCNCC(O)CCCCCCCCCCCC)CCNCCN,CCCCCCCCCCCCC(O)CNCCNCCN(CCNCCN(CCN)CCNCC(O)CCCCCCCCCCCC)CCN(CCNCCN)CCN(CCN)CCNCC(O)CCCCCCCCCCCC,ZNBZOXITLOVORM-UHFFFAOYSA-N,False
lnp_atlas,131,7C1,NCCN(CCNCC(O)CCCCCCCCCCCC)CCNCCN(CCNCCNCC(O)CCCCCCCCCCCC)CCN(CCN(CCN)CCNCC(O)CCCCCCCCCCCC)CCNCCN,CCCCCCCCCCCCC(O)CNCCNCCN(CCNCCN(CCN)CCNCC(O)CCCCCCCCCCCC)CCN(CCNCCN)CCN(CCN)CCNCC(O)CCCCCCCCCCCC,ZNBZOXITLOVORM-UHFFFAOYSA-N,False
lnp_atlas,132,7C1,NCCN(CCNCC(O)CCCCCCCCCCCC)CCNCCN(CCNCCNCC(O)CCCCCCCCCCCC)CCN(CCN(CCN)CCNCC(O)CCCCCCCCCCCC)CCNCCN,CCCCCCCCCCCCC(O)CNCCNCCN(CCNCCN(CCN)CCNCC(O)CCCCCCCCCCCC)CCN(CCNCCN)CCN(CCN)CCNCC(O)CCCCCCCCCCCC,ZNBZOXITLOVORM-UHFFFAOYSA-N,False
lnp_atlas,133,7C1,NCCN(CCNCC(O)CCCCCCCCCCCC)CCNCCN(CCNCCNCC(O)CCCCCCCCCCCC)CCN(CCN(CCN)CCNCC(O)CCCCCCCCCCCC)CCNCCN,CCCCCCCCCCCCC(O)CNCCNCCN(CCNCCN(CCN)CCNCC(O)CCCCCCCCCCCC)CCN(CCNCCN)CCN(CCN)CCNCC(O)CCCCCCCCCCCC,ZNBZOXITLOVORM-UHFFFAOYSA-N,False
lnp_atlas,134,7C1,NCCN(CCNCC(O)CCCCCCCCCCCC)CCNCCN(CCNCCNCC(O)CCCCCCCCCCCC)CCN(CCN(CCN)CCNCC(O)CCCCCCCCCCCC)CCNCCN,CCCCCCCCCCCCC(O)CNCCNCCN(CCNCCN(CCN)CCNCC(O)CCCCCCCCCCCC)CCN(CCNCCN)CCN(CCN)CCNCC(O)CCCCCCCCCCCC,ZNBZOXITLOVORM-UHFFFAOYSA-N,False
lnp_atlas,135,7C1,NCCN(CCNCC(O)CCCCCCCCCCCC)CCNCCN(CCNCCNCC(O)CCCCCCCCCCCC)CCN(CCN(CCN)CCNCC(O)CCCCCCCCCCCC)CCNCCN,CCCCCCCCCCCCC(O)CNCCNCCN(CCNCCN(CCN)CCNCC(O)CCCCCCCCCCCC)CCN(CCNCCN)CCN(CCN)CCNCC(O)CCCCCCCCCCCC,ZNBZOXITLOVORM-UHFFFAOYSA-N,False
lnp_atlas,136,7C1,NCCN(CCNCC(O)CCCCCCCCCCCC)CCNCCN(CCNCCNCC(O)CCCCCCCCCCCC)CCN(CCN(CCN)CCNCC(O)CCCCCCCCCCCC)CCNCCN,CCCCCCCCCCCCC(O)CNCCNCCN(CCNCCN(CCN)CCNCC(O)CCCCCCCCCCCC)CCN(CCNCCN)CCN(CCN)CCNCC(O)CCCCCCCCCCCC,ZNBZOXITLOVORM-UHFFFAOYSA-N,False
lnp_atlas,137,7C1,NCCN(CCNCC(O)CCCCCCCCCCCC)CCNCCN(CCNCCNCC(O)CCCCCCCCCCCC)CCN(CCN(CCN)CCNCC(O)CCCCCCCCCCCC)CCNCCN,CCCCCCCCCCCCC(O)CNCCNCCN(CCNCCN(CCN)CCNCC(O)CCCCCCCCCCCC)CCN(CCNCCN)CCN(CCN)CCNCC(O)CCCCCCCCCCCC,ZNBZOXITLOVORM-UHFFFAOYSA-N,False
lnp_atlas,138,7C1,NCCN(CCNCC(O)CCCCCCCCCCCC)CCNCCN(CCNCCNCC(O)CCCCCCCCCCCC)CCN(CCN(CCN)CCNCC(O)CCCCCCCCCCCC)CCNCCN,CCCCCCCCCCCCC(O)CNCCNCCN(CCNCCN(CCN)CCNCC(O)CCCCCCCCCCCC)CCN(CCNCCN)CCN(CCN)CCNCC(O)CCCCCCCCCCCC,ZNBZOXITLOVORM-UHFFFAOYSA-N,False
lnp_atlas,139,7C1,NCCN(CCNCC(O)CCCCCCCCCCCC)CCNCCN(CCNCCNCC(O)CCCCCCCCCCCC)CCN(CCN(CCN)CCNCC(O)CCCCCCCCCCCC)CCNCCN,CCCCCCCCCCCCC(O)CNCCNCCN(CCNCCN(CCN)CCNCC(O)CCCCCCCCCCCC)CCN(CCNCCN)CCN(CCN)CCNCC(O)CCCCCCCCCCCC,ZNBZOXITLOVORM-UHFFFAOYSA-N,False
lnp_atlas,140,7C1,NCCN(CCNCC(O)CCCCCCCCCCCC)CCNCCN(CCNCCNCC(O)CCCCCCCCCCCC)CCN(CCN(CCN)CCNCC(O)CCCCCCCCCCCC)CCNCCN,CCCCCCCCCCCCC(O)CNCCNCCN(CCNCCN(CCN)CCNCC(O)CCCCCCCCCCCC)CCN(CCNCCN)CCN(CCN)CCNCC(O)CCCCCCCCCCCC,ZNBZOXITLOVORM-UHFFFAOYSA-N,False
lnp_atlas,141,7C1,NCCN(CCNCC(O)CCCCCCCCCCCC)CCNCCN(CCNCCNCC(O)CCCCCCCCCCCC)CCN(CCN(CCN)CCNCC(O)CCCCCCCCCCCC)CCNCCN,CCCCCCCCCCCCC(O)CNCCNCCN(CCNCCN(CCN)CCNCC(O)CCCCCCCCCCCC)CCN(CCNCCN)CCN(CCN)CCNCC(O)CCCCCCCCCCCC,ZNBZOXITLOVORM-UHFFFAOYSA-N,False
lnp_atlas,142,Lipid 1 (thiol-yne derived),CCCCCCCCCCSCC(COC(=O)CCN(CCCN(C)C)CCC(=O)OCC(CSCCCCCCCCCC)SCCCCCCCCCC)SCCCCCCCCCC,CCCCCCCCCCSCC(COC(=O)CCN(CCCN(C)C)CCC(=O)OCC(CSCCCCCCCCCC)SCCCCCCCCCC)SCCCCCCCCCC,KARLRBYKWUKXGJ-UHFFFAOYSA-N,True
lnp_atlas,143,Lipid 2 (thiol-yne derived),CCCCCCCCCCSCC(COC(=O)CCN(CCCN(CC)CC)CCC(=O)OCC(CSCCCCCCCCCC)SCCCCCCCCCC)SCCCCCCCCCC,CCCCCCCCCCSCC(COC(=O)CCN(CCCN(CC)CC)CCC(=O)OCC(CSCCCCCCCCCC)SCCCCCCCCCC)SCCCCCCCCCC,OFMISXNQKLVKKW-UHFFFAOYSA-N,True
lnp_atlas,144,Lipid 3 (thiol-yne derived),CCCCCCCCCCSCC(COC(=O)CCN(CCC(=O)OCC(CSCCCCCCCCCC)SCCCCCCCCCC)CCN(C)C)SCCCCCCCCCC,CCCCCCCCCCSCC(COC(=O)CCN(CCC(=O)OCC(CSCCCCCCCCCC)SCCCCCCCCCC)CCN(C)C)SCCCCCCCCCC,YYMXBFAVBINDBO-UHFFFAOYSA-N,True
lnp_atlas,145,Lipid 4 (thiol-yne derived),CCCCCCCCCCSCC(COC(=O)CCN(CCC(=O)OCC(CSCCCCCCCCCC)SCCCCCCCCCC)CCN(C(C)C)C(C)C)SCCCCCCCCCC,CCCCCCCCCCSCC(COC(=O)CCN(CCC(=O)OCC(CSCCCCCCCCCC)SCCCCCCCCCC)CCN(C(C)C)C(C)C)SCCCCCCCCCC,FMYVFMGGAPXCAG-UHFFFAOYSA-N,True
lnp_atlas,146,Lipid 5 (thiol-yne derived),CCCCCCCCCCSCC(COC(=O)CCN(CCC(=O)OCC(CSCCCCCCCCCC)SCCCCCCCCCC)CC(C)(C)CN(C)C)SCCCCCCCCCC,CCCCCCCCCCSCC(COC(=O)CCN(CCC(=O)OCC(CSCCCCCCCCCC)SCCCCCCCCCC)CC(C)(C)CN(C)C)SCCCCCCCCCC,DYDOGHPIYHDJDV-UHFFFAOYSA-N,True
lnp_atlas,147,Lipid 6 (thiol-yne derived),CCCCCCCCCCSCC(COC(=O)CCN(CCCN(CCCC)CCCC)CCC(=O)OCC(CSCCCCCCCCCC)SCCCCCCCCCC)SCCCCCCCCCC,CCCCCCCCCCSCC(COC(=O)CCN(CCCN(CCCC)CCCC)CCC(=O)OCC(CSCCCCCCCCCC)SCCCCCCCCCC)SCCCCCCCCCC,OKVHOVDZEZIGJE-UHFFFAOYSA-N,True
lnp_atlas,148,Lipid 7 (thiol-yne derived),CCCCCCCCCCSCC(COC(=O)CCN(CCC(=O)OCC(CSCCCCCCCCCC)SCCCCCCCCCC)CCN1CCCCC1)SCCCCCCCCCC,CCCCCCCCCCSCC(COC(=O)CCN(CCC(=O)OCC(CSCCCCCCCCCC)SCCCCCCCCCC)CCN1CCCCC1)SCCCCCCCCCC,WGDJFCIEIBOWGL-UHFFFAOYSA-N,True
lnp_atlas,149,Lipid 8 (thiol-yne derived),CCCCCCCCCCSCC(COC(=O)CCN(CCC(=O)OCC(CSCCCCCCCCCC)SCCCCCCCCCC)CCN1CCOCC1)SCCCCCCCCCC,CCCCCCCCCCSCC(COC(=O)CCN(CCC(=O)OCC(CSCCCCCCCCCC)SCCCCCCCCCC)CCN1CCOCC1)SCCCCCCCCCC,CVGJSVFOVCRKHN-UHFFFAOYSA-N,True
lnp_atlas,150,Lipid 9 (thiol-yne derived),CCCCCCCCCCSCC(COC(=O)CCN(CCC(=O)OCC(CSCCCCCCCCCC)SCCCCCCCCCC)CCN1CCCC1)SCCCCCCCCCC,CCCCCCCCCCSCC(COC(=O)CCN(CCC(=O)OCC(CSCCCCCCCCCC)SCCCCCCCCCC)CCN1CCCC1)SCCCCCCCCCC,XFFXVEDIZMQIQZ-UHFFFAOYSA-N,True
lnp_atlas,151,Lipid 10 (thiol-yne derived),CCCCCCCCCCSCC(COC(=O)CCN(CCC(=O)OCC(CSCCCCCCCCCC)SCCCCCCCCCC)C1CN(C)C1)SCCCCCCCCCC,CCCCCCCCCCSCC(COC(=O)CCN(CCC(=O)OCC(CSCCCCCCCCCC)SCCCCCCCCCC)C1CN(C)C1)SCCCCCCCCCC,KDGRLTHJUFOGGA-UHFFFAOYSA-N,True
lnp_atlas,152,Lipid 11 (thiol-yne derived),CCCCCCCCCCSCC(COC(=O)CCN(CCC(=O)OCC(CSCCCCCCCCCC)SCCCCCCCCCC)C1CCN(C)C1)SCCCCCCCCCC,CCCCCCCCCCSCC(COC(=O)CCN(CCC(=O)OCC(CSCCCCCCCCCC)SCCCCCCCCCC)C1CCN(C)C1)SCCCCCCCCCC,FSWSDHMERGHMTO-UHFFFAOYSA-N,True
lnp_atlas,153,Lipid 12 (thiol-yne derived),CCCCCCCCCCSCC(COC(=O)CCN(CCCN1CCCC1)CCC(=O)OCC(CSCCCCCCCCCC)SCCCCCCCCCC)SCCCCCCCCCC,CCCCCCCCCCSCC(COC(=O)CCN(CCCN1CCCC1)CCC(=O)OCC(CSCCCCCCCCCC)SCCCCCCCCCC)SCCCCCCCCCC,XNUBPZIXOINCET-UHFFFAOYSA-N,True
lnp_atlas,154,Lipid 13 (thiol-yne derived),CCCCCCCCCCSCC(COC(=O)CCN(CCC1=NC=CC=C1)CCC(=O)OCC(CSCCCCCCCCCC)SCCCCCCCCCC)SCCCCCCCCCC,CCCCCCCCCCSCC(COC(=O)CCN(CCC(=O)OCC(CSCCCCCCCCCC)SCCCCCCCCCC)CCc1ccccn1)SCCCCCCCCCC,JZVDGNOIRZGIEO-UHFFFAOYSA-N,True
lnp_atlas,155,Lipid 14 (thiol-yne derived),CCCCCCCCCCSCC(COC(=O)CCN(CCC(=O)OCC(CSCCCCCCCCCC)SCCCCCCCCCC)CCN1CCC(C)C1)SCCCCCCCCCC,CCCCCCCCCCSCC(COC(=O)CCN(CCC(=O)OCC(CSCCCCCCCCCC)SCCCCCCCCCC)CCN1CCC(C)C1)SCCCCCCCCCC,JASKTPYQBWDRRD-UHFFFAOYSA-N,True
lnp_atlas,156,Lipid 15 (thiol-yne derived),CCCCCCCCCCSCC(COC(=O)CCN(CCC1CCN(C)C1)CCC(=O)OCC(CSCCCCCCCCCC)SCCCCCCCCCC)SCCCCCCCCCC,CCCCCCCCCCSCC(COC(=O)CCN(CCC(=O)OCC(CSCCCCCCCCCC)SCCCCCCCCCC)CCC1CCN(C)C1)SCCCCCCCCCC,QDCCGFHYJSVOSX-UHFFFAOYSA-N,True
lnp_atlas,157,Lipid 16 (thiol-yne derived),CCCCCCCCCCSCC(COC(=O)CCN(CCC1CCCN1C)CCC(=O)OCC(CSCCCCCCCCCC)SCCCCCCCCCC)SCCCCCCCCCC,CCCCCCCCCCSCC(COC(=O)CCN(CCC(=O)OCC(CSCCCCCCCCCC)SCCCCCCCCCC)CCC1CCCN1C)SCCCCCCCCCC,FXUDBKABBTWWEM-UHFFFAOYSA-N,True
lnp_atlas,158,Lipid 17 (thiol-yne derived),CCCCCCCCCCSCC(COC(=O)CCN(CCC(=O)OCC(CSCCCCCCCCCC)SCCCCCCCCCC)CCN1CCCC1C)SCCCCCCCCCC,CCCCCCCCCCSCC(COC(=O)CCN(CCC(=O)OCC(CSCCCCCCCCCC)SCCCCCCCCCC)CCN1CCCC1C)SCCCCCCCCCC,VHJSBBGETZMJGD-UHFFFAOYSA-N,True
lnp_atlas,159,Lipid 18 (thiol-yne derived),CCCCCCCCCCSCC(COC(=O)CCN(CCC1CCCC1)CCC(=O)OCC(CSCCCCCCCCCC)SCCCCCCCCCC)SCCCCCCCCCC,CCCCCCCCCCSCC(COC(=O)CCN(CCC(=O)OCC(CSCCCCCCCCCC)SCCCCCCCCCC)CCC1CCCC1)SCCCCCCCCCC,RLHTXNYQMDBTSZ-UHFFFAOYSA-N,True
lnp_atlas,160,Lipid 19 (thiol-yne derived),CCCCCCCCCCSCC(COC(=O)CCN(CCCN1CCCCC1C)CCC(=O)OCC(CSCCCCCCCCCC)SCCCCCCCCCC)SCCCCCCCCCC,CCCCCCCCCCSCC(COC(=O)CCN(CCCN1CCCCC1C)CCC(=O)OCC(CSCCCCCCCCCC)SCCCCCCCCCC)SCCCCCCCCCC,LOWBKGBYFXIECZ-UHFFFAOYSA-N,True
lnp_atlas,161,Lipid 20 (thiol-yne derived),CCCCCCCCCCSCC(COC(=O)CCN(CCCN1C=CN=C1)CCC(=O)OCC(CSCCCCCCCCCC)SCCCCCCCCCC)SCCCCCCCCCC,CCCCCCCCCCSCC(COC(=O)CCN(CCCn1ccnc1)CCC(=O)OCC(CSCCCCCCCCCC)SCCCCCCCCCC)SCCCCCCCCCC,RWJRWTISZQNWGO-UHFFFAOYSA-N,True
lnp_atlas,162,Lipid 21 (thiol-yne derived),CCCCCCCCCCSCC(COC(=O)CCN(CCCN1CCCN(C)CC1)CCC(=O)OCC(CSCCCCCCCCCC)SCCCCCCCCCC)SCCCCCCCCCC,CCCCCCCCCCSCC(COC(=O)CCN(CCCN1CCCN(C)CC1)CCC(=O)OCC(CSCCCCCCCCCC)SCCCCCCCCCC)SCCCCCCCCCC,KRHFNVSWQLNCNX-UHFFFAOYSA-N,True
lnp_atlas,163,Lipid 22 (thiol-yne derived),CCCCCCCCCCSCC(COC(=O)CCN(CCCN1CCN(C)CC1)CCC(=O)OCC(CSCCCCCCCCCC)SCCCCCCCCCC)SCCCCCCCCCC,CCCCCCCCCCSCC(COC(=O)CCN(CCCN1CCN(C)CC1)CCC(=O)OCC(CSCCCCCCCCCC)SCCCCCCCCCC)SCCCCCCCCCC,UHSYGIJBLXDZNE-UHFFFAOYSA-N,True
lnp_atlas,164,Lipid 23 (thiol-yne derived),CCCCCCCCCCSCC(COC(=O)CCN(CCC(=O)OCC(CSCCCCCCCCCC)SCCCCCCCCCC)CCN1CCN(C)CC1)SCCCCCCCCCC,CCCCCCCCCCSCC(COC(=O)CCN(CCC(=O)OCC(CSCCCCCCCCCC)SCCCCCCCCCC)CCN1CCN(C)CC1)SCCCCCCCCCC,CODPTXNNSZUCPT-UHFFFAOYSA-N,True
lnp_atlas,165,Lipid 24 (thiol-yne derived),CCCCCCCCCCSCC(COC(=O)CCN(CCC(=O)OCC(CSCCCCCCCCCC)SCCCCCCCCCC)CCN1CCCN(C)CC1)SCCCCCCCCCC,CCCCCCCCCCSCC(COC(=O)CCN(CCC(=O)OCC(CSCCCCCCCCCC)SCCCCCCCCCC)CCN1CCCN(C)CC1)SCCCCCCCCCC,BIBRGMFXUDUWOI-UHFFFAOYSA-N,True
lnp_atlas,166,Lipid 25 (thiol-yne derived),CCCCCCCCCCSCC(COC(=O)CCN(CCC(=O)OCC(CSCCCCCCCCCC)SCCCCCCCCCC)CC1CN(C)CCN1C)SCCCCCCCCCC,CCCCCCCCCCSCC(COC(=O)CCN(CCC(=O)OCC(CSCCCCCCCCCC)SCCCCCCCCCC)CC1CN(C)CCN1C)SCCCCCCCCCC,YVXURKMZEJOLLX-UHFFFAOYSA-N,True
lnp_atlas,167,Lipid 26 (thiol-yne derived),CCCCCCCCCCSCC(COC(=O)CCN(CCCC)CCC(=O)OCC(CSCCCCCCCCCC)SCCCCCCCCCC)SCCCCCCCCCC,CCCCCCCCCCSCC(COC(=O)CCN(CCCC)CCC(=O)OCC(CSCCCCCCCCCC)SCCCCCCCCCC)SCCCCCCCCCC,ASMWWNPPEIRGQN-UHFFFAOYSA-N,True
lnp_atlas,168,Lipid 27 (thiol-yne derived),CCCCCCCCCCSCC(COC(=O)CCN(CCC(=O)OCC(CSCCCCCCCCCC)SCCCCCCCCCC)C1CCN(C)CC1)SCCCCCCCCCC,CCCCCCCCCCSCC(COC(=O)CCN(CCC(=O)OCC(CSCCCCCCCCCC)SCCCCCCCCCC)C1CCN(C)CC1)SCCCCCCCCCC,JGYQBMBXHJNYHA-UHFFFAOYSA-N,True
lnp_atlas,169,Lipid 28 (thiol-yne derived),CCCCCCCCCCSCC(COC(=O)CCN(CCC(=O)OCC(CSCCCCCCCCCC)SCCCCCCCCCC)CCN1CCS(=O)(=O)CC1)SCCCCCCCCCC,CCCCCCCCCCSCC(COC(=O)CCN(CCC(=O)OCC(CSCCCCCCCCCC)SCCCCCCCCCC)CCN1CCS(=O)(=O)CC1)SCCCCCCCCCC,KROXWLATVFCCFB-UHFFFAOYSA-N,True
lnp_atlas,170,Lipid 29 (thiol-yne derived),CCCCCCCCCCSCC(COC(=O)CCN(CCC(=O)OCC(CSCCCCCCCCCC)SCCCCCCCCCC)C1CCN(CC1)CC2=CC=CC=C2)SCCCCCCCCCC,CCCCCCCCCCSCC(COC(=O)CCN(CCC(=O)OCC(CSCCCCCCCCCC)SCCCCCCCCCC)C1CCN(Cc2ccccc2)CC1)SCCCCCCCCCC,NLFIQHPIQCMRGK-UHFFFAOYSA-N,True
lnp_atlas,171,Lipid 30 (thiol-yne derived),CCCCCCCCCCSCC(COC(=O)CCN(CCC(=O)OCC(CSCCCCCCCCCC)SCCCCCCCCCC)C1CCN(CC2=CC=CC=C2)C1)SCCCCCCCCCC,CCCCCCCCCCSCC(COC(=O)CCN(CCC(=O)OCC(CSCCCCCCCCCC)SCCCCCCCCCC)C1CCN(Cc2ccccc2)C1)SCCCCCCCCCC,ODVSBQKGXUWVOP-UHFFFAOYSA-N,True
lnp_atlas,172,Lipid 31 (thiol-yne derived),CCCCCCCCCCSCC(COC(=O)CCN(CCC(=O)OCC(CSCCCCCCCCCC)SCCCCCCCCCC)C(C)CN(C)C)SCCCCCCCCCC,CCCCCCCCCCSCC(COC(=O)CCN(CCC(=O)OCC(CSCCCCCCCCCC)SCCCCCCCCCC)C(C)CN(C)C)SCCCCCCCCCC,REQXQAMFFVEFSZ-UHFFFAOYSA-N,True
lnp_atlas,173,Lipid 32 (thiol-yne derived),CCCCCCCCCCSCC(COC(=O)CCN(C)CCN(C)CCC(=O)OCC(CSCCCCCCCCCC)SCCCCCCCCCC)SCCCCCCCCCC,CCCCCCCCCCSCC(COC(=O)CCN(C)CCN(C)CCC(=O)OCC(CSCCCCCCCCCC)SCCCCCCCCCC)SCCCCCCCCCC,TUVIXXSXHXLALZ-UHFFFAOYSA-N,True
lnp_atlas,175,FTT1,CCCCCCCC=CC=CCCCCCCCCN(CCCCCCCC=CC=CCCCCCCCCC)CCCNC(=O)c1cc(C(=O)NCCN(CCCCCCCC=CC=CCCCCCCCCC)CCCCCCCC=CC=CCCCCCCCCC)cc(C(=O)NCCCN(CCCCCCCC=CC=CCCCCCCCCC)CCCCCCCC=CC=CCCCCCCCCC)c1,CCCCCCCC=CC=CCCCCCCCCN(CCCCCCCC=CC=CCCCCCCCCC)CCCNC(=O)c1cc(C(=O)NCCCN(CCCCCCCC=CC=CCCCCCCCCC)CCCCCCCC=CC=CCCCCCCCCC)cc(C(=O)NCCN(CCCCCCCC=CC=CCCCCCCCCC)CCCCCCCC=CC=CCCCCCCCCC)c1,QTDSNKVTIOZYOV-UHFFFAOYSA-N,True
lnp_atlas,176,FTT2,CCCCCCCCCCOC(=O)CCCCCCCCCN(CCCCCCCCCCOC(=O)CCCCCCCCCC)CCCNC(=O)c1cc(C(=O)NCCN(CCCCCCCCCCOC(=O)CCCCCCCCCC)CCCCCCCCCCOC(=O)CCCCCCCCCC)cc(C(=O)NCCCN(CCCCCCCCCCOC(=O)CCCCCCCCCC)CCCCCCCCCCOC(=O)CCCCCCCCCC)c1,CCCCCCCCCCOC(=O)CCCCCCCCCN(CCCCCCCCCCOC(=O)CCCCCCCCCC)CCCNC(=O)c1cc(C(=O)NCCCN(CCCCCCCCCCOC(=O)CCCCCCCCCC)CCCCCCCCCCOC(=O)CCCCCCCCCC)cc(C(=O)NCCN(CCCCCCCCCCOC(=O)CCCCCCCCCC)CCCCCCCCCCOC(=O)CCCCCCCCCC)c1,DCDAOOXFPBSQHN-UHFFFAOYSA-N,True
lnp_atlas,177,FTT3,CCC(CC)OC(=O)CCCCCCCCCN(CCC(CC)OC(=O)CCCCCCCCCC)CCCNC(=O)c1cc(C(=O)NCCN(CCC(CC)OC(=O)CCCCCCCCCC)CCC(CC)OC(=O)CCCCCCCCCC)cc(C(=O)NCCCN(CCC(CC)OC(=O)CCCCCCCCCC)CCC(CC)OC(=O)CCCCCCCCCC)c1,CCCCCCCCCCC(=O)OC(CC)CCN(CCCCCCCCCC(=O)OC(CC)CC)CCCNC(=O)c1cc(C(=O)NCCCN(CCC(CC)OC(=O)CCCCCCCCCC)CCC(CC)OC(=O)CCCCCCCCCC)cc(C(=O)NCCN(CCC(CC)OC(=O)CCCCCCCCCC)CCC(CC)OC(=O)CCCCCCCCCC)c1,YCGAYTSBMUAROV-UHFFFAOYSA-N,True
lnp_atlas,178,FTT4,CC(CCC)CCCOC(=O)CCCCCCCN(CC(CCC)CCCOC(=O)CCCCCCCC)CCCNC(=O)c1cc(C(=O)NCCN(CC(CCC)CCCOC(=O)CCCCCCCC)CC(CCC)CCCOC(=O)CCCCCCCC)cc(C(=O)NCCCN(CC(CCC)CCCOC(=O)CCCCCCCC)CC(CCC)CCCOC(=O)CCCCCCCC)c1,CCCCCCCCC(=O)OCCCC(CCC)CN(CCCCCCCC(=O)OCCCC(C)CCC)CCCNC(=O)c1cc(C(=O)NCCCN(CC(CCC)CCCOC(=O)CCCCCCCC)CC(CCC)CCCOC(=O)CCCCCCCC)cc(C(=O)NCCN(CC(CCC)CCCOC(=O)CCCCCCCC)CC(CCC)CCCOC(=O)CCCCCCCC)c1,FZRGJORPUQGWAJ-UHFFFAOYSA-N,True
lnp_atlas,179,FTT5,CCC(CCCC)COC(=O)CCCCCCCN(CCC(CCCC)COC(=O)CCCCCCCC)CCCNC(=O)c1cc(C(=O)NCCN(CCC(CCCC)COC(=O)CCCCCCCC)CCC(CCCC)COC(=O)CCCCCCCC)cc(C(=O)NCCCN(CCC(CCCC)COC(=O)CCCCCCCC)CCC(CCCC)COC(=O)CCCCCCCC)c1,CCCCCCCCC(=O)OCC(CCCC)CCN(CCCCCCCC(=O)OCC(CC)CCCC)CCCNC(=O)c1cc(C(=O)NCCCN(CCC(CCCC)COC(=O)CCCCCCCC)CCC(CCCC)COC(=O)CCCCCCCC)cc(C(=O)NCCN(CCC(CCCC)COC(=O)CCCCCCCC)CCC(CCCC)COC(=O)CCCCCCCC)c1,KWBUMAVCTIIIPE-UHFFFAOYSA-N,True
lnp_atlas,180,FTT6,CCCCCCCC(C)OC(=O)CCCCCCCN(CCCCCCCC(C)OC(=O)CCCCCCCC)CCCNC(=O)c1cc(C(=O)NCCN(CCCCCCCC(C)OC(=O)CCCCCCCC)CCCCCCCC(C)OC(=O)CCCCCCCC)cc(C(=O)NCCCN(CCCCCCCC(C)OC(=O)CCCCCCCC)CCCCCCCC(C)OC(=O)CCCCCCCC)c1,CCCCCCCCC(=O)OC(C)CCCCCCCN(CCCCCCCC(=O)OC(C)CCCCCCC)CCCNC(=O)c1cc(C(=O)NCCCN(CCCCCCCC(C)OC(=O)CCCCCCCC)CCCCCCCC(C)OC(=O)CCCCCCCC)cc(C(=O)NCCN(CCCCCCCC(C)OC(=O)CCCCCCCC)CCCCCCCC(C)OC(=O)CCCCCCCC)c1,RNFFTUGMPSTTIP-UHFFFAOYSA-N,True
lnp_atlas,181,FTT7,CCCCCCC=CCOC(=O)CCCCCCCN(CCCCCCC=CCOC(=O)CCCCCCCC)CCCNC(=O)c1cc(C(=O)NCCN(CCCCCCC=CCOC(=O)CCCCCCCC)CCCCCCC=CCOC(=O)CCCCCCCC)cc(C(=O)NCCCN(CCCCCCC=CCOC(=O)CCCCCCCC)CCCCCCC=CCOC(=O)CCCCCCCC)c1,CCCCCCC=CCOC(=O)CCCCCCCN(CCCCCCC=CCOC(=O)CCCCCCCC)CCCNC(=O)c1cc(C(=O)NCCCN(CCCCCCC=CCOC(=O)CCCCCCCC)CCCCCCC=CCOC(=O)CCCCCCCC)cc(C(=O)NCCN(CCCCCCC=CCOC(=O)CCCCCCCC)CCCCCCC=CCOC(=O)CCCCCCCC)c1,CDXOZBXVNSQWLP-UHFFFAOYSA-N,True
lnp_atlas,182,FTT8,CCCCCCC=CCCOC(=O)CCCCCCCN(CCCCCCC=CCCOC(=O)CCCCCCCC)CCCNC(=O)c1cc(C(=O)NCCN(CCCCCCC=CCCOC(=O)CCCCCCCC)CCCCCCC=CCCOC(=O)CCCCCCCC)cc(C(=O)NCCCN(CCCCCCC=CCCOC(=O)CCCCCCCC)CCCCCCC=CCCOC(=O)CCCCCCCC)c1,CCCCCCC=CCCOC(=O)CCCCCCCN(CCCCCCC=CCCOC(=O)CCCCCCCC)CCCNC(=O)c1cc(C(=O)NCCCN(CCCCCCC=CCCOC(=O)CCCCCCCC)CCCCCCC=CCCOC(=O)CCCCCCCC)cc(C(=O)NCCN(CCCCCCC=CCCOC(=O)CCCCCCCC)CCCCCCC=CCCOC(=O)CCCCCCCC)c1,DUDIXVURKYXXFP-UHFFFAOYSA-N,True
lnp_atlas,183,FTT9,CCCCCCCCCCOC(=O)CCCCCCCN(CCCCCCCCCCOC(=O)CCCCCCCC)CCCNC(=O)c1cc(C(=O)NCCN(CCCCCCCCCCOC(=O)CCCCCCCC)CCCCCCCCCCOC(=O)CCCCCCCC)cc(C(=O)NCCCN(CCCCCCCCCCOC(=O)CCCCCCCC)CCCCCCCCCCOC(=O)CCCCCCCC)c1,CCCCCCCCCCOC(=O)CCCCCCCN(CCCCCCCCCCOC(=O)CCCCCCCC)CCCNC(=O)c1cc(C(=O)NCCCN(CCCCCCCCCCOC(=O)CCCCCCCC)CCCCCCCCCCOC(=O)CCCCCCCC)cc(C(=O)NCCN(CCCCCCCCCCOC(=O)CCCCCCCC)CCCCCCCCCCOC(=O)CCCCCCCC)c1,LGHJOROCRURUPX-UHFFFAOYSA-N,True
lnp_atlas,184,FTT10,CCC=CCOC(=O)CCCCCCCCN(CCC=CCOC(=O)CCCCCCCCC)CCCNC(=O)c1cc(C(=O)NCCN(CCC=CCOC(=O)CCCCCCCCC)CCC=CCOC(=O)CCCCCCCCC)cc(C(=O)NCCCN(CCC=CCOC(=O)CCCCCCCCC)CCC=CCOC(=O)CCCCCCCCC)c1,CCC=CCOC(=O)CCCCCCCCN(CCC=CCOC(=O)CCCCCCCCC)CCCNC(=O)c1cc(C(=O)NCCCN(CCC=CCOC(=O)CCCCCCCCC)CCC=CCOC(=O)CCCCCCCCC)cc(C(=O)NCCN(CCC=CCOC(=O)CCCCCCCCC)CCC=CCOC(=O)CCCCCCCCC)c1,ZLRVCOZNVDDFBD-UHFFFAOYSA-N,True
lnp_atlas,185,"DSDMA (1,2-distearyloxy-N,N-dimethyl-3-aminopropane)",CCCCCCCCCCCCCCCCCCOCC(CN(C)C)OCCCCCCCCCCCCCCCCCC,CCCCCCCCCCCCCCCCCCOCC(CN(C)C)OCCCCCCCCCCCCCCCCCC,JQRHOXPYDFZULQ-UHFFFAOYSA-N,True
lnp_atlas,186,"DODMA (1,2-dioleyloxy-N,N-dimethyl-3-aminopropane)",CCCCCCCC/C=C\CCCCCCCCOCC(CN(C)C)OCCCCCCCC/C=C\CCCCCCCC,CCCCCCCC/C=C\CCCCCCCCOCC(CN(C)C)OCCCCCCCC/C=C\CCCCCCCC,GLGLUQVVDHRLQK-WRBBJXAJSA-N,False
lnp_atlas,187,"DLinDMA (1,2-dilinoleyloxy-N,N-dimethyl-3-aminopropane)",CCCCC/C=C\C/C=C\CCCCCCCCOCC(CN(C)C)OCCCCCCCC/C=C\C/C=C\CCCCC,CCCCC/C=C\C/C=C\CCCCCCCCOCC(CN(C)C)OCCCCCCCC/C=C\C/C=C\CCCCC,NFQBIAXADRDUGK-KWXKLSQISA-N,True
lnp_atlas,188,"DLenDMA (1,2-dilinolenoyloxy-N,N-dimethyl-3-aminopropane)",CC/C=C\C/C=C\C/C=C\CCCCCCCCOCC(CN(C)C)OCCCCCCCC/C=C\C/C=C\C/C=C\CC,CC/C=C\C/C=C\C/C=C\CCCCCCCCOCC(CN(C)C)OCCCCCCCC/C=C\C/C=C\C/C=C\CC,KHGRPHJXYWLEFQ-HKTUAWPASA-N,True
lnp_atlas,189,DLin-KC2-DMA,CCCCC/C=C\C/C=C\CCCCCCCCC1(OC(CO1)CCN(C)C)CCCCCCCC/C=C\C/C=C\CCCCC,CCCCC/C=C\C/C=C\CCCCCCCCC1(CCCCCCCC/C=C\C/C=C\CCCCC)OCC(CCN(C)C)O1,LRFJOIPOPUJUMI-KWXKLSQISA-N,False
lnp_atlas,190,DLin-KC2-DMA,CCCCC/C=C\C/C=C\CCCCCCCCC1(OC(CO1)CCN(C)C)CCCCCCCC/C=C\C/C=C\CCCCC,CCCCC/C=C\C/C=C\CCCCCCCCC1(CCCCCCCC/C=C\C/C=C\CCCCC)OCC(CCN(C)C)O1,LRFJOIPOPUJUMI-KWXKLSQISA-N,False
lnp_atlas,191,DLin-KC2-DMA,CCCCC/C=C\C/C=C\CCCCCCCCC1(OC(CO1)CCN(C)C)CCCCCCCC/C=C\C/C=C\CCCCC,CCCCC/C=C\C/C=C\CCCCCCCCC1(CCCCCCCC/C=C\C/C=C\CCCCC)OCC(CCN(C)C)O1,LRFJOIPOPUJUMI-KWXKLSQISA-N,False
lnp_atlas,192,DLin-KC2-DMA,CCCCC/C=C\C/C=C\CCCCCCCCC1(OC(CO1)CCN(C)C)CCCCCCCC/C=C\C/C=C\CCCCC,CCCCC/C=C\C/C=C\CCCCCCCCC1(CCCCCCCC/C=C\C/C=C\CCCCC)OCC(CCN(C)C)O1,LRFJOIPOPUJUMI-KWXKLSQISA-N,False
lnp_atlas,193,DLin-MC3-DMA,CCCCC/C=C\C/C=C\CCCCCCCCC(OC(=O)CCCN(C)C)CCCCCCCC/C=C\C/C=C\CCCCC,CCCCC/C=C\C/C=C\CCCCCCCCC(CCCCCCCC/C=C\C/C=C\CCCCC)OC(=O)CCCN(C)C,NRLNQCOGCKAESA-KWXKLSQISA-N,False
lnp_atlas,194,DLin-MC3-DMA,CCCCC/C=C\C/C=C\CCCCCCCCC(OC(=O)CCCN(C)C)CCCCCCCC/C=C\C/C=C\CCCCC,CCCCC/C=C\C/C=C\CCCCCCCCC(CCCCCCCC/C=C\C/C=C\CCCCC)OC(=O)CCCN(C)C,NRLNQCOGCKAESA-KWXKLSQISA-N,False
lnp_atlas,195,DLin-MC3-DMA,CCCCC/C=C\C/C=C\CCCCCCCCC(OC(=O)CCCN(C)C)CCCCCCCC/C=C\C/C=C\CCCCC,CCCCC/C=C\C/C=C\CCCCCCCCC(CCCCCCCC/C=C\C/C=C\CCCCC)OC(=O)CCCN(C)C,NRLNQCOGCKAESA-KWXKLSQISA-N,False
lnp_atlas,196,DLin-MC3-DMA,CCCCC/C=C\C/C=C\CCCCCCCCC(OC(=O)CCCN(C)C)CCCCCCCC/C=C\C/C=C\CCCCC,CCCCC/C=C\C/C=C\CCCCCCCCC(CCCCCCCC/C=C\C/C=C\CCCCC)OC(=O)CCCN(C)C,NRLNQCOGCKAESA-KWXKLSQISA-N,False
lnp_atlas,197,DLin-MC3-DMA,CCCCC/C=C\C/C=C\CCCCCCCCC(OC(=O)CCCN(C)C)CCCCCCCC/C=C\C/C=C\CCCCC,CCCCC/C=C\C/C=C\CCCCCCCCC(CCCCCCCC/C=C\C/C=C\CCCCC)OC(=O)CCCN(C)C,NRLNQCOGCKAESA-KWXKLSQISA-N,False
lnp_atlas,198,OF-Deg-Lin,CCCCC/C=C\C/C=C\CCCCCCCC(=O)OCCN(CCOC(=O)CCCCCCC/C=C\C/C=C\CCCCC)CCCCC1NC(=O)C(NC1=O)CCCCN(CCOC(=O)CCCCCCC/C=C\C/C=C\CCCCC)CCOC(=O)CCCCCCC/C=C\C/C=C\CCCCC,CCCCC/C=C\C/C=C\CCCCCCCC(=O)OCCN(CCCCC1NC(=O)C(CCCCN(CCOC(=O)CCCCCCC/C=C\C/C=C\CCCCC)CCOC(=O)CCCCCCC/C=C\C/C=C\CCCCC)NC1=O)CCOC(=O)CCCCCCC/C=C\C/C=C\CCCCC,HAZAXVJMCWCIDS-RGLFHLPNSA-N,True
lnp_atlas,199,OF-Deg-Lin,CCCCC/C=C\C/C=C\CCCCCCCC(=O)OCCN(CCOC(=O)CCCCCCC/C=C\C/C=C\CCCCC)CCCCC1NC(=O)C(NC1=O)CCCCN(CCOC(=O)CCCCCCC/C=C\C/C=C\CCCCC)CCOC(=O)CCCCCCC/C=C\C/C=C\CCCCC,CCCCC/C=C\C/C=C\CCCCCCCC(=O)OCCN(CCCCC1NC(=O)C(CCCCN(CCOC(=O)CCCCCCC/C=C\C/C=C\CCCCC)CCOC(=O)CCCCCCC/C=C\C/C=C\CCCCC)NC1=O)CCOC(=O)CCCCCCC/C=C\C/C=C\CCCCC,HAZAXVJMCWCIDS-RGLFHLPNSA-N,False
lnp_atlas,200,OF-02,CCCCC/C=C\C/C=C\CCCCCCC(O)CN(CC(O)CCCCCC/C=C\C/C=C\CCCCC)CCCCC1NC(=O)C(NC1=O)CCCCN(CC(O)CCCCCC/C=C\C/C=C\CCCCC)CC(O)CCCCCC/C=C\C/C=C\CCCCC,CCCCC/C=C\C/C=C\CCCCCCC(O)CN(CCCCC1NC(=O)C(CCCCN(CC(O)CCCCCC/C=C\C/C=C\CCCCC)CC(O)CCCCCC/C=C\C/C=C\CCCCC)NC1=O)CC(O)CCCCCC/C=C\C/C=C\CCCCC,UMSCHHWDFWCONK-RGLFHLPNSA-N,True
lnp_atlas,201,OF-02,CCCCC/C=C\C/C=C\CCCCCCC(O)CN(CC(O)CCCCCC/C=C\C/C=C\CCCCC)CCCCC1NC(=O)C(NC1=O)CCCCN(CC(O)CCCCCC/C=C\C/C=C\CCCCC)CC(O)CCCCCC/C=C\C/C=C\CCCCC,CCCCC/C=C\C/C=C\CCCCCCC(O)CN(CCCCC1NC(=O)C(CCCCN(CC(O)CCCCCC/C=C\C/C=C\CCCCC)CC(O)CCCCCC/C=C\C/C=C\CCCCC)NC1=O)CC(O)CCCCCC/C=C\C/C=C\CCCCC,UMSCHHWDFWCONK-RGLFHLPNSA-N,False
lnp_atlas,202,1-A2-6b,NNCC1=CC(=C(O)C(=C1)OC(=O)CC(CC)CCC)OC(=O)CC(CC)CCC,CCCC(CC)CC(=O)Oc1cc(CNN)cc(OC(=O)CC(CC)CCC)c1O,NLVDAAIEGLMXMD-UHFFFAOYSA-N,True
lnp_atlas,203,2-A2-6b,NCCCCNCC1=CC(=C(O)C(=C1)OC(=O)CC(CC)CCC)OC(=O)CC(CC)CCC,CCCC(CC)CC(=O)Oc1cc(CNCCCCN)cc(OC(=O)CC(CC)CCC)c1O,KHJVVQVHAUIZFD-UHFFFAOYSA-N,True
lnp_atlas,204,3-A2-6b,NC1CCN(CC1)CC2=CC(=C(O)C(=C2)OC(=O)CC(CC)CCC)OC(=O)CC(CC)CCC,CCCC(CC)CC(=O)Oc1cc(CN2CCC(N)CC2)cc(OC(=O)CC(CC)CCC)c1O,ZMGDMUQRNAFNNN-UHFFFAOYSA-N,True
lnp_atlas,205,4-A2-6b,NCCN1CCN(CC1)CC2=CC(=C(O)C(=C2)OC(=O)CC(CC)CCC)OC(=O)CC(CC)CCC,CCCC(CC)CC(=O)Oc1cc(CN2CCN(CCN)CC2)cc(OC(=O)CC(CC)CCC)c1O,CANIDCYPXBAYJB-UHFFFAOYSA-N,True
lnp_atlas,206,11-A2-6b,NCCCN(CC1=CC(=C(O)C(=C1)OC(=O)CC(CC)CCC)OC(=O)CC(CC)CCC)CCN,CCCC(CC)CC(=O)Oc1cc(CN(CCN)CCCN)cc(OC(=O)CC(CC)CCC)c1O,BIMKQLDCKUAZHL-UHFFFAOYSA-N,True
lnp_atlas,207,12-A2-6b,NCCN(CC1=CC(=C(O)C(=C1)OC(=O)CC(CC)CCC)OC(=O)CC(CC)CCC)CCCN,CCCC(CC)CC(=O)Oc1cc(CN(CCN)CCCN)cc(OC(=O)CC(CC)CCC)c1O,BIMKQLDCKUAZHL-UHFFFAOYSA-N,False
lnp_atlas,208,1-A2-7b,NNCC1=CC(=C(O)C(=C1)OC(=O)CC(CC)CCCC)OC(=O)CC(CC)CCCC,CCCCC(CC)CC(=O)Oc1cc(CNN)cc(OC(=O)CC(CC)CCCC)c1O,WNVZZIWPXTWDLS-UHFFFAOYSA-N,True
lnp_atlas,209,2-A2-7b,NCCCCNCC1=CC(=C(O)C(=C1)OC(=O)CC(CC)CCCC)OC(=O)CC(CC)CCCC,CCCCC(CC)CC(=O)Oc1cc(CNCCCCN)cc(OC(=O)CC(CC)CCCC)c1O,VTSMSGLLAAQKFT-UHFFFAOYSA-N,True
lnp_atlas,210,3-A2-7b,NC1CCN(CC1)CC2=CC(=C(O)C(=C2)OC(=O)CC(CC)CCCC)OC(=O)CC(CC)CCCC,CCCCC(CC)CC(=O)Oc1cc(CN2CCC(N)CC2)cc(OC(=O)CC(CC)CCCC)c1O,FXVOEUDUOBHJJL-UHFFFAOYSA-N,True
lnp_atlas,211,4-A2-7b,NCCN1CCN(CC1)CC2=CC(=C(O)C(=C2)OC(=O)CC(CC)CCCC)OC(=O)CC(CC)CCCC,CCCCC(CC)CC(=O)Oc1cc(CN2CCN(CCN)CC2)cc(OC(=O)CC(CC)CCCC)c1O,YOOFGLOOWJGIAI-UHFFFAOYSA-N,True
lnp_atlas,212,11-A2-7b,NCCCN(CC1=CC(=C(O)C(=C1)OC(=O)CC(CC)CCCC)OC(=O)CC(CC)CCCC)CCN,CCCCC(CC)CC(=O)Oc1cc(CN(CCN)CCCN)cc(OC(=O)CC(CC)CCCC)c1O,NKDJJZLKAZFUAF-UHFFFAOYSA-N,True
lnp_atlas,213,12-A2-7b,NCCN(CC1=CC(=C(O)C(=C1)OC(=O)CC(CC)CCCC)OC(=O)CC(CC)CCCC)CCCN,CCCCC(CC)CC(=O)Oc1cc(CN(CCN)CCCN)cc(OC(=O)CC(CC)CCCC)c1O,NKDJJZLKAZFUAF-UHFFFAOYSA-N,False
lnp_atlas,214,1-A2-7b2,NNCC1=CC(=C(O)C(=C1)OC(=O)CC(CC)CCCC)OC(=O)CC(CC)CCCC,CCCCC(CC)CC(=O)Oc1cc(CNN)cc(OC(=O)CC(CC)CCCC)c1O,WNVZZIWPXTWDLS-UHFFFAOYSA-N,False
lnp_atlas,215,2-A2-7b2,NCCCCNCC1=CC(=C(O)C(=C1)OC(=O)CC(CC)CCCC)OC(=O)CC(CC)CCCC,CCCCC(CC)CC(=O)Oc1cc(CNCCCCN)cc(OC(=O)CC(CC)CCCC)c1O,VTSMSGLLAAQKFT-UHFFFAOYSA-N,False
lnp_atlas,216,3-A2-7b2,NC1CCN(CC1)CC2=CC(=C(O)C(=C2)OC(=O)CC(CC)CCCC)OC(=O)CC(CC)CCCC,CCCCC(CC)CC(=O)Oc1cc(CN2CCC(N)CC2)cc(OC(=O)CC(CC)CCCC)c1O,FXVOEUDUOBHJJL-UHFFFAOYSA-N,False
lnp_atlas,217,4-A2-7b2,NCCN1CCN(CC1)CC2=CC(=C(O)C(=C2)OC(=O)CC(CC)CCCC)OC(=O)CC(CC)CCCC,CCCCC(CC)CC(=O)Oc1cc(CN2CCN(CCN)CC2)cc(OC(=O)CC(CC)CCCC)c1O,YOOFGLOOWJGIAI-UHFFFAOYSA-N,False
lnp_atlas,218,11-A2-7b2,NCCCN(CC1=CC(=C(O)C(=C1)OC(=O)CC(CC)CCCC)OC(=O)CC(CC)CCCC)CCN,CCCCC(CC)CC(=O)Oc1cc(CN(CCN)CCCN)cc(OC(=O)CC(CC)CCCC)c1O,NKDJJZLKAZFUAF-UHFFFAOYSA-N,False
lnp_atlas,219,12-A2-7b2,NCCN(CC1=CC(=C(O)C(=C1)OC(=O)CC(CC)CCCC)OC(=O)CC(CC)CCCC)CCCN,CCCCC(CC)CC(=O)Oc1cc(CN(CCN)CCCN)cc(OC(=O)CC(CC)CCCC)c1O,NKDJJZLKAZFUAF-UHFFFAOYSA-N,False
lnp_atlas,220,1-A2-8b,NNCC1=CC(=C(O)C(=C1)OC(=O)CC(CC)CCCCC)OC(=O)CC(CC)CCCCC,CCCCCC(CC)CC(=O)Oc1cc(CNN)cc(OC(=O)CC(CC)CCCCC)c1O,YROUAWYJGNPCQU-UHFFFAOYSA-N,True
lnp_atlas,221,2-A2-8b,NCCCCNCC1=CC(=C(O)C(=C1)OC(=O)CC(CC)CCCCC)OC(=O)CC(CC)CCCCC,CCCCCC(CC)CC(=O)Oc1cc(CNCCCCN)cc(OC(=O)CC(CC)CCCCC)c1O,VWLQVVYXGMYVHR-UHFFFAOYSA-N,True
lnp_atlas,222,3-A2-8b,NC1CCN(CC1)CC2=CC(=C(O)C(=C2)OC(=O)CC(CC)CCCCC)OC(=O)CC(CC)CCCCC,CCCCCC(CC)CC(=O)Oc1cc(CN2CCC(N)CC2)cc(OC(=O)CC(CC)CCCCC)c1O,GZXIFLAZYLGBPT-UHFFFAOYSA-N,True
lnp_atlas,223,4-A2-8b,NCCN1CCN(CC1)CC2=CC(=C(O)C(=C2)OC(=O)CC(CC)CCCCC)OC(=O)CC(CC)CCCCC,CCCCCC(CC)CC(=O)Oc1cc(CN2CCN(CCN)CC2)cc(OC(=O)CC(CC)CCCCC)c1O,PCFZQPBICPFTMJ-UHFFFAOYSA-N,True
lnp_atlas,224,11-A2-8b,NCCCN(CC1=CC(=C(O)C(=C1)OC(=O)CC(CC)CCCCC)OC(=O)CC(CC)CCCCC)CCN,CCCCCC(CC)CC(=O)Oc1cc(CN(CCN)CCCN)cc(OC(=O)CC(CC)CCCCC)c1O,QPDQBGNINOVOPR-UHFFFAOYSA-N,True
lnp_atlas,225,12-A2-8b,NCCN(CC1=CC(=C(O)C(=C1)OC(=O)CC(CC)CCCCC)OC(=O)CC(CC)CCCCC)CCCN,CCCCCC(CC)CC(=O)Oc1cc(CN(CCN)CCCN)cc(OC(=O)CC(CC)CCCCC)c1O,QPDQBGNINOVOPR-UHFFFAOYSA-N,False
lnp_atlas,226,MC3,CCCCC/C=C\C/C=C\CCCCCCCCC(OC(=O)CCCN(C)C)CCCCCCCC/C=C\C/C=C\CCCCC,CCCCC/C=C\C/C=C\CCCCCCCCC(CCCCCCCC/C=C\C/C=C\CCCCC)OC(=O)CCCN(C)C,NRLNQCOGCKAESA-KWXKLSQISA-N,False
lnp_atlas,227,1-A2-9b,NNCC1=CC(=C(O)C(=C1)OC(=O)CC(CCCCCC)CC)OC(=O)CC(CCCCCC)CC,CCCCCCC(CC)CC(=O)Oc1cc(CNN)cc(OC(=O)CC(CC)CCCCCC)c1O,CFEYEPCKRYVRAQ-UHFFFAOYSA-N,True
lnp_atlas,228,2-A2-9b,NCCCCNCC1=CC(=C(O)C(=C1)OC(=O)CC(CCCCCC)CC)OC(=O)CC(CCCCCC)CC,CCCCCCC(CC)CC(=O)Oc1cc(CNCCCCN)cc(OC(=O)CC(CC)CCCCCC)c1O,GVKUPUPMKYMROG-UHFFFAOYSA-N,True
lnp_atlas,229,3-A2-9b,NC1CCN(CC1)CC2=CC(=C(O)C(=C2)OC(=O)CC(CCCCCC)CC)OC(=O)CC(CCCCCC)CC,CCCCCCC(CC)CC(=O)Oc1cc(CN2CCC(N)CC2)cc(OC(=O)CC(CC)CCCCCC)c1O,SKQBNSLNZQZFAX-UHFFFAOYSA-N,True
lnp_atlas,230,4-A2-9b,NCCN1CCN(CC1)CC2=CC(=C(O)C(=C2)OC(=O)CC(CCCCCC)CC)OC(=O)CC(CCCCCC)CC,CCCCCCC(CC)CC(=O)Oc1cc(CN2CCN(CCN)CC2)cc(OC(=O)CC(CC)CCCCCC)c1O,MPERNPYDYFJGMD-UHFFFAOYSA-N,True
lnp_atlas,231,11-A2-9b,NCCCN(CC1=CC(=C(O)C(=C1)OC(=O)CC(CCCCCC)CC)OC(=O)CC(CCCCCC)CC)CCN,CCCCCCC(CC)CC(=O)Oc1cc(CN(CCN)CCCN)cc(OC(=O)CC(CC)CCCCCC)c1O,KQAJUWKXVCQAFI-UHFFFAOYSA-N,True
lnp_atlas,232,12-A2-9b,NCCN(CC1=CC(=C(O)C(=C1)OC(=O)CC(CCCCCC)CC)OC(=O)CC(CCCCCC)CC)CCCN,CCCCCCC(CC)CC(=O)Oc1cc(CN(CCN)CCCN)cc(OC(=O)CC(CC)CCCCCC)c1O,KQAJUWKXVCQAFI-UHFFFAOYSA-N,False
lnp_atlas,233,1-A2-9b2,NNCC1=CC(=C(O)C(=C1)OC(=O)CCC(CC)CCCCCC)OC(=O)CCC(CC)CCCCCC,CCCCCCC(CC)CCC(=O)Oc1cc(CNN)cc(OC(=O)CCC(CC)CCCCCC)c1O,KWOKOPLXUFFJJL-UHFFFAOYSA-N,True
lnp_atlas,234,2-A2-9b2,NCCCCNCC1=CC(=C(O)C(=C1)OC(=O)CCC(CC)CCCCCC)OC(=O)CCC(CC)CCCCCC,CCCCCCC(CC)CCC(=O)Oc1cc(CNCCCCN)cc(OC(=O)CCC(CC)CCCCCC)c1O,ZKZLUSCNQLUSPZ-UHFFFAOYSA-N,True
lnp_atlas,235,3-A2-9b2,NC1CCN(CC1)CC2=CC(=C(O)C(=C2)OC(=O)CCC(CC)CCCCCC)OC(=O)CCC(CC)CCCCCC,CCCCCCC(CC)CCC(=O)Oc1cc(CN2CCC(N)CC2)cc(OC(=O)CCC(CC)CCCCCC)c1O,JIZQBZVNFXTJNX-UHFFFAOYSA-N,True
lnp_atlas,236,4-A2-9b2,NCCN1CCN(CC1)CC2=CC(=C(O)C(=C2)OC(=O)CCC(CC)CCCCCC)OC(=O)CCC(CC)CCCCCC,CCCCCCC(CC)CCC(=O)Oc1cc(CN2CCN(CCN)CC2)cc(OC(=O)CCC(CC)CCCCCC)c1O,GLCNPHFHEUTUJY-UHFFFAOYSA-N,True
lnp_atlas,237,11-A2-9b2,NCCCN(CC1=CC(=C(O)C(=C1)OC(=O)CCC(CC)CCCCCC)OC(=O)CCC(CC)CCCCCC)CCN,CCCCCCC(CC)CCC(=O)Oc1cc(CN(CCN)CCCN)cc(OC(=O)CCC(CC)CCCCCC)c1O,HKWDCDAMWQEIEI-UHFFFAOYSA-N,True
lnp_atlas,238,12-A2-9b2,NCCN(CC1=CC(=C(O)C(=C1)OC(=O)CCC(CC)CCCCCC)OC(=O)CCC(CC)CCCCCC)CCCN,CCCCCCC(CC)CCC(=O)Oc1cc(CN(CCN)CCCN)cc(OC(=O)CCC(CC)CCCCCC)c1O,HKWDCDAMWQEIEI-UHFFFAOYSA-N,False
lnp_atlas,239,1-A3-6b,NNCC1=CC(=C(OC(=O)CC(CC)CCC)C(=C1)OC(=O)CC(CC)CCC)OC(=O)CC(CC)CCC,CCCC(CC)CC(=O)Oc1cc(CNN)cc(OC(=O)CC(CC)CCC)c1OC(=O)CC(CC)CCC,WQNPSBGNQRXVMD-UHFFFAOYSA-N,True
lnp_atlas,240,2-A3-6b,NCCCCNCC1=CC(=C(OC(=O)CC(CC)CCC)C(=C1)OC(=O)CC(CC)CCC)OC(=O)CC(CC)CCC,CCCC(CC)CC(=O)Oc1cc(CNCCCCN)cc(OC(=O)CC(CC)CCC)c1OC(=O)CC(CC)CCC,YOGYRQSQQDUDTR-UHFFFAOYSA-N,True
lnp_atlas,241,3-A3-6b,NC1CCN(CC1)CC2=CC(=C(OC(=O)CC(CC)CCC)C(=C2)OC(=O)CC(CC)CCC)OC(=O)CC(CC)CCC,CCCC(CC)CC(=O)Oc1cc(CN2CCC(N)CC2)cc(OC(=O)CC(CC)CCC)c1OC(=O)CC(CC)CCC,LKBPBSOGXUMVRB-UHFFFAOYSA-N,True
lnp_atlas,242,4-A3-6b,NCCN1CCN(CC1)CC2=CC(=C(OC(=O)CC(CC)CCC)C(=C2)OC(=O)CC(CC)CCC)OC(=O)CC(CC)CCC,CCCC(CC)CC(=O)Oc1cc(CN2CCN(CCN)CC2)cc(OC(=O)CC(CC)CCC)c1OC(=O)CC(CC)CCC,HAWDBUZANMSWRA-UHFFFAOYSA-N,True
lnp_atlas,243,11-A3-6b,NCCCN(CC1=CC(=C(OC(=O)CC(CC)CCC)C(=C1)OC(=O)CC(CC)CCC)OC(=O)CC(CC)CCC)CCN,CCCC(CC)CC(=O)Oc1cc(CN(CCN)CCCN)cc(OC(=O)CC(CC)CCC)c1OC(=O)CC(CC)CCC,XSABLYJBBSMIQL-UHFFFAOYSA-N,True
lnp_atlas,244,12-A3-6b,NCCN(CC1=CC(=C(OC(=O)CC(CC)CCC)C(=C1)OC(=O)CC(CC)CCC)OC(=O)CC(CC)CCC)CCCN,CCCC(CC)CC(=O)Oc1cc(CN(CCN)CCCN)cc(OC(=O)CC(CC)CCC)c1OC(=O)CC(CC)CCC,XSABLYJBBSMIQL-UHFFFAOYSA-N,False
lnp_atlas,245,1-A3-7b,NNCC1=CC(=C(OC(=O)CC(CC)CCCC)C(=C1)OC(=O)CC(CC)CCCC)OC(=O)CC(CC)CCCC,CCCCC(CC)CC(=O)Oc1cc(CNN)cc(OC(=O)CC(CC)CCCC)c1OC(=O)CC(CC)CCCC,NYESUSPCVZBEMA-UHFFFAOYSA-N,True
lnp_atlas,246,2-A3-7b,NCCCCNCC1=CC(=C(OC(=O)CC(CC)CCCC)C(=C1)OC(=O)CC(CC)CCCC)OC(=O)CC(CC)CCCC,CCCCC(CC)CC(=O)Oc1cc(CNCCCCN)cc(OC(=O)CC(CC)CCCC)c1OC(=O)CC(CC)CCCC,MLTOEWMUAUWTRO-UHFFFAOYSA-N,True
lnp_atlas,247,3-A3-7b,NC1CCN(CC1)CC2=CC(=C(OC(=O)CC(CC)CCCC)C(=C2)OC(=O)CC(CC)CCCC)OC(=O)CC(CC)CCCC,CCCCC(CC)CC(=O)Oc1cc(CN2CCC(N)CC2)cc(OC(=O)CC(CC)CCCC)c1OC(=O)CC(CC)CCCC,HHQYWFRSLBECIJ-UHFFFAOYSA-N,True
lnp_atlas,248,4-A3-7b,NCCN1CCN(CC1)CC2=CC(=C(OC(=O)CC(CC)CCCC)C(=C2)OC(=O)CC(CC)CCCC)OC(=O)CC(CC)CCCC,CCCCC(CC)CC(=O)Oc1cc(CN2CCN(CCN)CC2)cc(OC(=O)CC(CC)CCCC)c1OC(=O)CC(CC)CCCC,KIQXHBYOCVIJTO-UHFFFAOYSA-N,True
lnp_atlas,249,11-A3-7b,NCCCN(CC1=CC(=C(OC(=O)CC(CC)CCCC)C(=C1)OC(=O)CC(CC)CCCC)OC(=O)CC(CC)CCCC)CCN,CCCCC(CC)CC(=O)Oc1cc(CN(CCN)CCCN)cc(OC(=O)CC(CC)CCCC)c1OC(=O)CC(CC)CCCC,NABMGRVFRHIORC-UHFFFAOYSA-N,True
lnp_atlas,250,12-A3-7b,NCCN(CC1=CC(=C(OC(=O)CC(CC)CCCC)C(=C1)OC(=O)CC(CC)CCCC)OC(=O)CC(CC)CCCC)CCCN,CCCCC(CC)CC(=O)Oc1cc(CN(CCN)CCCN)cc(OC(=O)CC(CC)CCCC)c1OC(=O)CC(CC)CCCC,NABMGRVFRHIORC-UHFFFAOYSA-N,False
lnp_atlas,251,1-A3-7b2,NNCC1=CC(=C(OC(=O)CC(CC)CCCC)C(=C1)OC(=O)CC(CC)CCCC)OC(=O)CC(CC)CCCC,CCCCC(CC)CC(=O)Oc1cc(CNN)cc(OC(=O)CC(CC)CCCC)c1OC(=O)CC(CC)CCCC,NYESUSPCVZBEMA-UHFFFAOYSA-N,False
lnp_atlas,252,2-A3-7b2,NCCCCNCC1=CC(=C(OC(=O)CC(CC)CCCC)C(=C1)OC(=O)CC(CC)CCCC)OC(=O)CC(CC)CCCC,CCCCC(CC)CC(=O)Oc1cc(CNCCCCN)cc(OC(=O)CC(CC)CCCC)c1OC(=O)CC(CC)CCCC,MLTOEWMUAUWTRO-UHFFFAOYSA-N,False
lnp_atlas,253,3-A3-7b2,NC1CCN(CC1)CC2=CC(=C(OC(=O)CC(CC)CCCC)C(=C2)OC(=O)CC(CC)CCCC)OC(=O)CC(CC)CCCC,CCCCC(CC)CC(=O)Oc1cc(CN2CCC(N)CC2)cc(OC(=O)CC(CC)CCCC)c1OC(=O)CC(CC)CCCC,HHQYWFRSLBECIJ-UHFFFAOYSA-N,False
lnp_atlas,254,4-A3-7b2,NCCN1CCN(CC1)CC2=CC(=C(OC(=O)CC(CC)CCCC)C(=C2)OC(=O)CC(CC)CCCC)OC(=O)CC(CC)CCCC,CCCCC(CC)CC(=O)Oc1cc(CN2CCN(CCN)CC2)cc(OC(=O)CC(CC)CCCC)c1OC(=O)CC(CC)CCCC,KIQXHBYOCVIJTO-UHFFFAOYSA-N,False
lnp_atlas,255,11-A3-7b2,NCCCN(CC1=CC(=C(OC(=O)CC(CC)CCCC)C(=C1)OC(=O)CC(CC)CCCC)OC(=O)CC(CC)CCCC)CCN,CCCCC(CC)CC(=O)Oc1cc(CN(CCN)CCCN)cc(OC(=O)CC(CC)CCCC)c1OC(=O)CC(CC)CCCC,NABMGRVFRHIORC-UHFFFAOYSA-N,False
lnp_atlas,256,12-A3-7b2,NCCN(CC1=CC(=C(OC(=O)CC(CC)CCCC)C(=C1)OC(=O)CC(CC)CCCC)OC(=O)CC(CC)CCCC)CCCN,CCCCC(CC)CC(=O)Oc1cc(CN(CCN)CCCN)cc(OC(=O)CC(CC)CCCC)c1OC(=O)CC(CC)CCCC,NABMGRVFRHIORC-UHFFFAOYSA-N,False
lnp_atlas,257,1-A3-8b,NNCC1=CC(=C(OC(=O)CC(CC)CCCCC)C(=C1)OC(=O)CC(CC)CCCCC)OC(=O)CC(CC)CCCCC,CCCCCC(CC)CC(=O)Oc1cc(CNN)cc(OC(=O)CC(CC)CCCCC)c1OC(=O)CC(CC)CCCCC,UTIIOWPJEHWQNE-UHFFFAOYSA-N,True
lnp_atlas,258,2-A3-8b,NCCCCNCC1=CC(=C(OC(=O)CC(CC)CCCCC)C(=C1)OC(=O)CC(CC)CCCCC)OC(=O)CC(CC)CCCCC,CCCCCC(CC)CC(=O)Oc1cc(CNCCCCN)cc(OC(=O)CC(CC)CCCCC)c1OC(=O)CC(CC)CCCCC,PEOGXCCDCCNWIP-UHFFFAOYSA-N,True
lnp_atlas,259,3-A3-8b,NC1CCN(CC1)CC2=CC(=C(OC(=O)CC(CC)CCCCC)C(=C2)OC(=O)CC(CC)CCCCC)OC(=O)CC(CC)CCCCC,CCCCCC(CC)CC(=O)Oc1cc(CN2CCC(N)CC2)cc(OC(=O)CC(CC)CCCCC)c1OC(=O)CC(CC)CCCCC,BMZATKHGFQQPRC-UHFFFAOYSA-N,True
lnp_atlas,260,4-A3-8b,NCCN1CCN(CC1)CC2=CC(=C(OC(=O)CC(CC)CCCCC)C(=C2)OC(=O)CC(CC)CCCCC)OC(=O)CC(CC)CCCCC,CCCCCC(CC)CC(=O)Oc1cc(CN2CCN(CCN)CC2)cc(OC(=O)CC(CC)CCCCC)c1OC(=O)CC(CC)CCCCC,RSVGIGNBFVOHHI-UHFFFAOYSA-N,True
lnp_atlas,261,11-A3-8b,NCCCN(CC1=CC(=C(OC(=O)CC(CC)CCCCC)C(=C1)OC(=O)CC(CC)CCCCC)OC(=O)CC(CC)CCCCC)CCN,CCCCCC(CC)CC(=O)Oc1cc(CN(CCN)CCCN)cc(OC(=O)CC(CC)CCCCC)c1OC(=O)CC(CC)CCCCC,HKMJELYTTNMXOY-UHFFFAOYSA-N,True
lnp_atlas,262,12-A3-8b,NCCN(CC1=CC(=C(OC(=O)CC(CC)CCCCC)C(=C1)OC(=O)CC(CC)CCCCC)OC(=O)CC(CC)CCCCC)CCCN,CCCCCC(CC)CC(=O)Oc1cc(CN(CCN)CCCN)cc(OC(=O)CC(CC)CCCCC)c1OC(=O)CC(CC)CCCCC,HKMJELYTTNMXOY-UHFFFAOYSA-N,False
lnp_atlas,263,1-A3-9b2,NNCC1=CC(=C(OC(=O)CCC(CC)CCCCCC)C(=C1)OC(=O)CCC(CC)CCCCCC)OC(=O)CCC(CC)CCCCCC,CCCCCCC(CC)CCC(=O)Oc1cc(CNN)cc(OC(=O)CCC(CC)CCCCCC)c1OC(=O)CCC(CC)CCCCCC,RBZWBWWXPBWDCL-UHFFFAOYSA-N,True
lnp_atlas,264,2-A3-9b2,NCCCCNCC1=CC(=C(OC(=O)CCC(CC)CCCCCC)C(=C1)OC(=O)CCC(CC)CCCCCC)OC(=O)CCC(CC)CCCCCC,CCCCCCC(CC)CCC(=O)Oc1cc(CNCCCCN)cc(OC(=O)CCC(CC)CCCCCC)c1OC(=O)CCC(CC)CCCCCC,FYYNOSXCAHWSEI-UHFFFAOYSA-N,True
lnp_atlas,265,3-A3-9b2,NC1CCN(CC1)CC2=CC(=C(OC(=O)CCC(CC)CCCCCC)C(=C2)OC(=O)CCC(CC)CCCCCC)OC(=O)CCC(CC)CCCCCC,CCCCCCC(CC)CCC(=O)Oc1cc(CN2CCC(N)CC2)cc(OC(=O)CCC(CC)CCCCCC)c1OC(=O)CCC(CC)CCCCCC,JYNAIFLYNWDCEE-UHFFFAOYSA-N,True
lnp_atlas,266,4-A3-9b2,NCCN1CCN(CC1)CC2=CC(=C(OC(=O)CCC(CC)CCCCCC)C(=C2)OC(=O)CCC(CC)CCCCCC)OC(=O)CCC(CC)CCCCCC,CCCCCCC(CC)CCC(=O)Oc1cc(CN2CCN(CCN)CC2)cc(OC(=O)CCC(CC)CCCCCC)c1OC(=O)CCC(CC)CCCCCC,YMOQDQFYQNBXFO-UHFFFAOYSA-N,True
lnp_atlas,267,11-A3-9b2,NCCCN(CC1=CC(=C(OC(=O)CCC(CC)CCCCCC)C(=C1)OC(=O)CCC(CC)CCCCCC)OC(=O)CCC(CC)CCCCCC)CCN,CCCCCCC(CC)CCC(=O)Oc1cc(CN(CCN)CCCN)cc(OC(=O)CCC(CC)CCCCCC)c1OC(=O)CCC(CC)CCCCCC,SESJZWKOYHQUDR-UHFFFAOYSA-N,True
lnp_atlas,268,12-A3-9b2,NCCN(CC1=CC(=C(OC(=O)CCC(CC)CCCCCC)C(=C1)OC(=O)CCC(CC)CCCCCC)OC(=O)CCC(CC)CCCCCC)CCCN,CCCCCCC(CC)CCC(=O)Oc1cc(CN(CCN)CCCN)cc(OC(=O)CCC(CC)CCCCCC)c1OC(=O)CCC(CC)CCCCCC,SESJZWKOYHQUDR-UHFFFAOYSA-N,False
lnp_atlas,269,1-A2-7,NNCC1=CC(=C(O)C(=C1)OC(=O)CCCCCCCC)OC(=O)CCCCCCCC,CCCCCCCCC(=O)Oc1cc(CNN)cc(OC(=O)CCCCCCCC)c1O,DZDROQIMVPDSJB-UHFFFAOYSA-N,True
lnp_atlas,270,2-A2-7,NCCCCNCC1=CC(=C(O)C(=C1)OC(=O)CCCCCCCC)OC(=O)CCCCCCCC,CCCCCCCCC(=O)Oc1cc(CNCCCCN)cc(OC(=O)CCCCCCCC)c1O,LFSROISXUHZZQH-UHFFFAOYSA-N,True
lnp_atlas,271,3-A2-7,NC1CCN(CC1)CC2=CC(=C(O)C(=C2)OC(=O)CCCCCCCC)OC(=O)CCCCCCCC,CCCCCCCCC(=O)Oc1cc(CN2CCC(N)CC2)cc(OC(=O)CCCCCCCC)c1O,HQBSMNVGHUPIGI-UHFFFAOYSA-N,True
lnp_atlas,272,4-A2-7,NCCN1CCN(CC1)CC2=CC(=C(O)C(=C2)OC(=O)CCCCCCCC)OC(=O)CCCCCCCC,CCCCCCCCC(=O)Oc1cc(CN2CCN(CCN)CC2)cc(OC(=O)CCCCCCCC)c1O,QLPIBDQIFJNNJH-UHFFFAOYSA-N,True
lnp_atlas,273,11-A2-7,NCCCN(CC1=CC(=C(O)C(=C1)OC(=O)CCCCCCCC)OC(=O)CCCCCCCC)CCN,CCCCCCCCC(=O)Oc1cc(CN(CCN)CCCN)cc(OC(=O)CCCCCCCC)c1O,SZBAEUWTYDLGCP-UHFFFAOYSA-N,True
lnp_atlas,274,12-A2-7,NCCN(CC1=CC(=C(O)C(=C1)OC(=O)CCCCCCCC)OC(=O)CCCCCCCC)CCCN,CCCCCCCCC(=O)Oc1cc(CN(CCN)CCCN)cc(OC(=O)CCCCCCCC)c1O,SZBAEUWTYDLGCP-UHFFFAOYSA-N,False
lnp_atlas,275,1-A2-6,NNCC1=CC(=C(O)C(=C1)OC(=O)CCCCCC)OC(=O)CCCCCC,CCCCCCC(=O)Oc1cc(CNN)cc(OC(=O)CCCCCC)c1O,CKSSKRXKVDNKBU-UHFFFAOYSA-N,True
lnp_atlas,276,5-A2-6b,CN(C)CCNCC1=CC(=C(O)C(=C1)OC(=O)CC(CC)CCC)OC(=O)CC(CC)CCC,CCCC(CC)CC(=O)Oc1cc(CNCCN(C)C)cc(OC(=O)CC(CC)CCC)c1O,JFBQSBDXDJIVJQ-UHFFFAOYSA-N,True
lnp_atlas,277,9-A2-6b,CCCCCCCC(CCCN)NCC1=CC(=C(O)C(=C1)OC(=O)CC(CC)CCC)OC(=O)CC(CC)CCC,CCCCCCCC(CCCN)NCc1cc(OC(=O)CC(CC)CCC)c(O)c(OC(=O)CC(CC)CCC)c1,NHVHTESIVRQDRD-UHFFFAOYSA-N,True
lnp_atlas,278,6-A2-7,CN(CCCC)NCC1=CC(=C(O)C(=C1)OC(=O)CCCCCCCC)OC(=O)CCCCCCCC,CCCCCCCCC(=O)Oc1cc(CNN(C)CCCC)cc(OC(=O)CCCCCCCC)c1O,MGWPUWQSTIIDHX-UHFFFAOYSA-N,True
lnp_atlas,279,8-A2-7b,CCCCCCCC(CCNCC1=CC(=C(O)C(=C1)OC(=O)CC(CC)CCCC)OC(=O)CC(CC)CCCC)CC,CCCCCCCC(CC)CCNCc1cc(OC(=O)CC(CC)CCCC)c(O)c(OC(=O)CC(CC)CCCC)c1,PZNRKOJPNKUQLW-UHFFFAOYSA-N,True
lnp_atlas,280,8-A2-7b2,CCCCCCCC(CCNCC1=CC(=C(O)C(=C1)OC(=O)CC(CC)CCCC)OC(=O)CC(CC)CCCC)CC,CCCCCCCC(CC)CCNCc1cc(OC(=O)CC(CC)CCCC)c(O)c(OC(=O)CC(CC)CCCC)c1,PZNRKOJPNKUQLW-UHFFFAOYSA-N,False
lnp_atlas,281,5-A2-8b,CN(C)CCNCC1=CC(=C(O)C(=C1)OC(=O)CC(CC)CCCCC)OC(=O)CC(CC)CCCCC,CCCCCC(CC)CC(=O)Oc1cc(CNCCN(C)C)cc(OC(=O)CC(CC)CCCCC)c1O,WQXLLZCOLIOWSZ-UHFFFAOYSA-N,True
lnp_atlas,282,6-A2-8b,CN(CCCC)NCC1=CC(=C(O)C(=C1)OC(=O)CC(CC)CCCCC)OC(=O)CC(CC)CCCCC,CCCCCC(CC)CC(=O)Oc1cc(CNN(C)CCCC)cc(OC(=O)CC(CC)CCCCC)c1O,CQPDMWZINUQQNB-UHFFFAOYSA-N,True
lnp_atlas,283,7-A2-8b,CCCCCN(CCC)NCC1=CC(=C(O)C(=C1)OC(=O)CC(CC)CCCCC)OC(=O)CC(CC)CCCCC,CCCCCC(CC)CC(=O)Oc1cc(CNN(CCC)CCCCC)cc(OC(=O)CC(CC)CCCCC)c1O,KHOXFARUQHLXBW-UHFFFAOYSA-N,True
lnp_atlas,284,8-A2-8b,CCCCCCCC(CCNCC1=CC(=C(O)C(=C1)OC(=O)CC(CC)CCCCC)OC(=O)CC(CC)CCCCC)CC,CCCCCCCC(CC)CCNCc1cc(OC(=O)CC(CC)CCCCC)c(O)c(OC(=O)CC(CC)CCCCC)c1,OBLRGSMHGAGZCM-UHFFFAOYSA-N,True
lnp_atlas,285,9-A2-8b,CCCCCCCC(CCCN)NCC1=CC(=C(O)C(=C1)OC(=O)CC(CC)CCCCC)OC(=O)CC(CC)CCCCC,CCCCCCCC(CCCN)NCc1cc(OC(=O)CC(CC)CCCCC)c(O)c(OC(=O)CC(CC)CCCCC)c1,DKFQZOZEVBPYMN-UHFFFAOYSA-N,True
lnp_atlas,286,10-A2-8b,NCCCCCCCCCCNCC1=CC(=C(O)C(=C1)OC(=O)CC(CC)CCCCC)OC(=O)CC(CC)CCCCC,CCCCCC(CC)CC(=O)Oc1cc(CNCCCCCCCCCCN)cc(OC(=O)CC(CC)CCCCC)c1O,IQPYSDYALBANON-UHFFFAOYSA-N,True
lnp_atlas,288,6-A3-6b,CN(CCCC)NCC1=CC(=C(OC(=O)CC(CC)CCC)C(=C1)OC(=O)CC(CC)CCC)OC(=O)CC(CC)CCC,CCCCN(C)NCc1cc(OC(=O)CC(CC)CCC)c(OC(=O)CC(CC)CCC)c(OC(=O)CC(CC)CCC)c1,NXAIDBCHMPZUNM-UHFFFAOYSA-N,True
lnp_atlas,289,10-A3-6b,NCCCCCCCCCCNCC1=CC(=C(OC(=O)CC(CC)CCC)C(=C1)OC(=O)CC(CC)CCC)OC(=O)CC(CC)CCC,CCCC(CC)CC(=O)Oc1cc(CNCCCCCCCCCCN)cc(OC(=O)CC(CC)CCC)c1OC(=O)CC(CC)CCC,KCMCYNPULBBPPT-UHFFFAOYSA-N,True
lnp_atlas,290,7-A3-7b,CCCCCN(CCC)NCC1=CC(=C(OC(=O)CC(CC)CCCC)C(=C1)OC(=O)CC(CC)CCCC)OC(=O)CC(CC)CCCC,CCCCCN(CCC)NCc1cc(OC(=O)CC(CC)CCCC)c(OC(=O)CC(CC)CCCC)c(OC(=O)CC(CC)CCCC)c1,RUULENOLIPZOEM-UHFFFAOYSA-N,True
lnp_atlas,291,9-A3-7b,CCCCCCCC(CCCN)NCC1=CC(=C(OC(=O)CC(CC)CCCC)C(=C1)OC(=O)CC(CC)CCCC)OC(=O)CC(CC)CCCC,CCCCCCCC(CCCN)NCc1cc(OC(=O)CC(CC)CCCC)c(OC(=O)CC(CC)CCCC)c(OC(=O)CC(CC)CCCC)c1,LFSNWCHJYFRHJT-UHFFFAOYSA-N,True
lnp_atlas,292,6-A3-7b2,CN(CCCC)NCC1=CC(=C(OC(=O)CC(CC)CCCC)C(=C1)OC(=O)CC(CC)CCCC)OC(=O)CC(CC)CCCC,CCCCC(CC)CC(=O)Oc1cc(CNN(C)CCCC)cc(OC(=O)CC(CC)CCCC)c1OC(=O)CC(CC)CCCC,WVBSECVEWDPPGV-UHFFFAOYSA-N,True
lnp_atlas,293,8-A3-7b2,CCCCCCCC(CCNCC1=CC(=C(OC(=O)CC(CC)CCCC)C(=C1)OC(=O)CC(CC)CCCC)OC(=O)CC(CC)CCCC)CC,CCCCCCCC(CC)CCNCc1cc(OC(=O)CC(CC)CCCC)c(OC(=O)CC(CC)CCCC)c(OC(=O)CC(CC)CCCC)c1,WVXLBAKMXNHHGC-UHFFFAOYSA-N,True
lnp_atlas,294,5-A3-8b,CN(C)CCNCC1=CC(=C(OC(=O)CC(CC)CCCCC)C(=C1)OC(=O)CC(CC)CCCCC)OC(=O)CC(CC)CCCCC,CCCCCC(CC)CC(=O)Oc1cc(CNCCN(C)C)cc(OC(=O)CC(CC)CCCCC)c1OC(=O)CC(CC)CCCCC,FJDRJBCWBYSKLN-UHFFFAOYSA-N,True
lnp_atlas,295,7-A3-8b,CCCCCN(CCC)NCC1=CC(=C(OC(=O)CC(CC)CCCCC)C(=C1)OC(=O)CC(CC)CCCCC)OC(=O)CC(CC)CCCCC,CCCCCC(CC)CC(=O)Oc1cc(CNN(CCC)CCCCC)cc(OC(=O)CC(CC)CCCCC)c1OC(=O)CC(CC)CCCCC,WXESYBXNFNKUJQ-UHFFFAOYSA-N,True
lnp_atlas,296,5-A3-9b2,CN(C)CCNCC1=CC(=C(OC(=O)CCC(CC)CCCCCC)C(=C1)OC(=O)CCC(CC)CCCCCC)OC(=O)CCC(CC)CCCCCC,CCCCCCC(CC)CCC(=O)Oc1cc(CNCCN(C)C)cc(OC(=O)CCC(CC)CCCCCC)c1OC(=O)CCC(CC)CCCCCC,FNPKMNNPRGGMIB-UHFFFAOYSA-N,True
lnp_atlas,297,7-A3-9b2,CCCCCN(CCC)NCC1=CC(=C(OC(=O)CCC(CC)CCCCCC)C(=C1)OC(=O)CCC(CC)CCCCCC)OC(=O)CCC(CC)CCCCCC,CCCCCCC(CC)CCC(=O)Oc1cc(CNN(CCC)CCCCC)cc(OC(=O)CCC(CC)CCCCCC)c1OC(=O)CCC(CC)CCCCCC,IZDFCCVMSYQCQR-UHFFFAOYSA-N,True
lnp_atlas,298,10-A3-9b2,NCCCCCCCCCCNCC1=CC(=C(OC(=O)CCC(CC)CCCCCC)C(=C1)OC(=O)CCC(CC)CCCCCC)OC(=O)CCC(CC)CCCCCC,CCCCCCC(CC)CCC(=O)Oc1cc(CNCCCCCCCCCCN)cc(OC(=O)CCC(CC)CCCCCC)c1OC(=O)CCC(CC)CCCCCC,DGPSYYKQECNFSQ-UHFFFAOYSA-N,True
lnp_atlas,299,C12-200,NCCN1CCN(CCN(CC(O)CCCCCCCCCCCC)CC(O)CCCCCCCCCCCC)CC1CN(CC(O)CCCCCCCCCCCC)CN(CC(O)CCCCCCCCCCCC)CC(O)CCCCCCCCCCCC,CCCCCCCCCCCCC(O)CN(CCN1CCN(CCN)C(CN(CC(O)CCCCCCCCCCCC)CN(CC(O)CCCCCCCCCCCC)CC(O)CCCCCCCCCCCC)C1)CC(O)CCCCCCCCCCCC,WZJASPMKFTYOPC-UHFFFAOYSA-N,False
lnp_atlas,300,C12-200,NCCN1CCN(CCN(CC(O)CCCCCCCCCCCC)CC(O)CCCCCCCCCCCC)CC1CN(CC(O)CCCCCCCCCCCC)CN(CC(O)CCCCCCCCCCCC)CC(O)CCCCCCCCCCCC,CCCCCCCCCCCCC(O)CN(CCN1CCN(CCN)C(CN(CC(O)CCCCCCCCCCCC)CN(CC(O)CCCCCCCCCCCC)CC(O)CCCCCCCCCCCC)C1)CC(O)CCCCCCCCCCCC,WZJASPMKFTYOPC-UHFFFAOYSA-N,False
lnp_atlas,301,C12-200,NCCN1CCN(CCN(CC(O)CCCCCCCCCCCC)CC(O)CCCCCCCCCCCC)CC1CN(CC(O)CCCCCCCCCCCC)CN(CC(O)CCCCCCCCCCCC)CC(O)CCCCCCCCCCCC,CCCCCCCCCCCCC(O)CN(CCN1CCN(CCN)C(CN(CC(O)CCCCCCCCCCCC)CN(CC(O)CCCCCCCCCCCC)CC(O)CCCCCCCCCCCC)C1)CC(O)CCCCCCCCCCCC,WZJASPMKFTYOPC-UHFFFAOYSA-N,False
lnp_atlas,302,C12-200,NCCN1CCN(CCN(CC(O)CCCCCCCCCCCC)CC(O)CCCCCCCCCCCC)CC1CN(CC(O)CCCCCCCCCCCC)CN(CC(O)CCCCCCCCCCCC)CC(O)CCCCCCCCCCCC,CCCCCCCCCCCCC(O)CN(CCN1CCN(CCN)C(CN(CC(O)CCCCCCCCCCCC)CN(CC(O)CCCCCCCCCCCC)CC(O)CCCCCCCCCCCC)C1)CC(O)CCCCCCCCCCCC,WZJASPMKFTYOPC-UHFFFAOYSA-N,False
lnp_atlas,303,C12-200,NCCN1CCN(CCN(CC(O)CCCCCCCCCCCC)CC(O)CCCCCCCCCCCC)CC1CN(CC(O)CCCCCCCCCCCC)CN(CC(O)CCCCCCCCCCCC)CC(O)CCCCCCCCCCCC,CCCCCCCCCCCCC(O)CN(CCN1CCN(CCN)C(CN(CC(O)CCCCCCCCCCCC)CN(CC(O)CCCCCCCCCCCC)CC(O)CCCCCCCCCCCC)C1)CC(O)CCCCCCCCCCCC,WZJASPMKFTYOPC-UHFFFAOYSA-N,False
lnp_atlas,304,C12-200,NCCN1CCN(CCN(CC(O)CCCCCCCCCCCC)CC(O)CCCCCCCCCCCC)CC1CN(CC(O)CCCCCCCCCCCC)CN(CC(O)CCCCCCCCCCCC)CC(O)CCCCCCCCCCCC,CCCCCCCCCCCCC(O)CN(CCN1CCN(CCN)C(CN(CC(O)CCCCCCCCCCCC)CN(CC(O)CCCCCCCCCCCC)CC(O)CCCCCCCCCCCC)C1)CC(O)CCCCCCCCCCCC,WZJASPMKFTYOPC-UHFFFAOYSA-N,False
lnp_atlas,305,C12-200,NCCN1CCN(CCN(CC(O)CCCCCCCCCCCC)CC(O)CCCCCCCCCCCC)CC1CN(CC(O)CCCCCCCCCCCC)CN(CC(O)CCCCCCCCCCCC)CC(O)CCCCCCCCCCCC,CCCCCCCCCCCCC(O)CN(CCN1CCN(CCN)C(CN(CC(O)CCCCCCCCCCCC)CN(CC(O)CCCCCCCCCCCC)CC(O)CCCCCCCCCCCC)C1)CC(O)CCCCCCCCCCCC,WZJASPMKFTYOPC-UHFFFAOYSA-N,False
lnp_atlas,306,C12-200,NCCN1CCN(CCN(CC(O)CCCCCCCCCCCC)CC(O)CCCCCCCCCCCC)CC1CN(CC(O)CCCCCCCCCCCC)CN(CC(O)CCCCCCCCCCCC)CC(O)CCCCCCCCCCCC,CCCCCCCCCCCCC(O)CN(CCN1CCN(CCN)C(CN(CC(O)CCCCCCCCCCCC)CN(CC(O)CCCCCCCCCCCC)CC(O)CCCCCCCCCCCC)C1)CC(O)CCCCCCCCCCCC,WZJASPMKFTYOPC-UHFFFAOYSA-N,False
lnp_atlas,307,C12-200,NCCN1CCN(CCN(CC(O)CCCCCCCCCCCC)CC(O)CCCCCCCCCCCC)CC1CN(CC(O)CCCCCCCCCCCC)CN(CC(O)CCCCCCCCCCCC)CC(O)CCCCCCCCCCCC,CCCCCCCCCCCCC(O)CN(CCN1CCN(CCN)C(CN(CC(O)CCCCCCCCCCCC)CN(CC(O)CCCCCCCCCCCC)CC(O)CCCCCCCCCCCC)C1)CC(O)CCCCCCCCCCCC,WZJASPMKFTYOPC-UHFFFAOYSA-N,False
lnp_atlas,308,C12-200,NCCN1CCN(CCN(CC(O)CCCCCCCCCCCC)CC(O)CCCCCCCCCCCC)CC1CN(CC(O)CCCCCCCCCCCC)CN(CC(O)CCCCCCCCCCCC)CC(O)CCCCCCCCCCCC,CCCCCCCCCCCCC(O)CN(CCN1CCN(CCN)C(CN(CC(O)CCCCCCCCCCCC)CN(CC(O)CCCCCCCCCCCC)CC(O)CCCCCCCCCCCC)C1)CC(O)CCCCCCCCCCCC,WZJASPMKFTYOPC-UHFFFAOYSA-N,False
lnp_atlas,309,C12-200,NCCN1CCN(CCN(CC(O)CCCCCCCCCCCC)CC(O)CCCCCCCCCCCC)CC1CN(CC(O)CCCCCCCCCCCC)CN(CC(O)CCCCCCCCCCCC)CC(O)CCCCCCCCCCCC,CCCCCCCCCCCCC(O)CN(CCN1CCN(CCN)C(CN(CC(O)CCCCCCCCCCCC)CN(CC(O)CCCCCCCCCCCC)CC(O)CCCCCCCCCCCC)C1)CC(O)CCCCCCCCCCCC,WZJASPMKFTYOPC-UHFFFAOYSA-N,False
lnp_atlas,310,C12-200,NCCN1CCN(CCN(CC(O)CCCCCCCCCCCC)CC(O)CCCCCCCCCCCC)CC1CN(CC(O)CCCCCCCCCCCC)CN(CC(O)CCCCCCCCCCCC)CC(O)CCCCCCCCCCCC,CCCCCCCCCCCCC(O)CN(CCN1CCN(CCN)C(CN(CC(O)CCCCCCCCCCCC)CN(CC(O)CCCCCCCCCCCC)CC(O)CCCCCCCCCCCC)C1)CC(O)CCCCCCCCCCCC,WZJASPMKFTYOPC-UHFFFAOYSA-N,False
lnp_atlas,311,C12-200,NCCN1CCN(CCN(CC(O)CCCCCCCCCCCC)CC(O)CCCCCCCCCCCC)CC1CN(CC(O)CCCCCCCCCCCC)CN(CC(O)CCCCCCCCCCCC)CC(O)CCCCCCCCCCCC,CCCCCCCCCCCCC(O)CN(CCN1CCN(CCN)C(CN(CC(O)CCCCCCCCCCCC)CN(CC(O)CCCCCCCCCCCC)CC(O)CCCCCCCCCCCC)C1)CC(O)CCCCCCCCCCCC,WZJASPMKFTYOPC-UHFFFAOYSA-N,False
lnp_atlas,312,C12-200,NCCN1CCN(CCN(CC(O)CCCCCCCCCCCC)CC(O)CCCCCCCCCCCC)CC1CN(CC(O)CCCCCCCCCCCC)CN(CC(O)CCCCCCCCCCCC)CC(O)CCCCCCCCCCCC,CCCCCCCCCCCCC(O)CN(CCN1CCN(CCN)C(CN(CC(O)CCCCCCCCCCCC)CN(CC(O)CCCCCCCCCCCC)CC(O)CCCCCCCCCCCC)C1)CC(O)CCCCCCCCCCCC,WZJASPMKFTYOPC-UHFFFAOYSA-N,False
lnp_atlas,313,C12-200,NCCN1CCN(CCN(CC(O)CCCCCCCCCCCC)CC(O)CCCCCCCCCCCC)CC1CN(CC(O)CCCCCCCCCCCC)CN(CC(O)CCCCCCCCCCCC)CC(O)CCCCCCCCCCCC,CCCCCCCCCCCCC(O)CN(CCN1CCN(CCN)C(CN(CC(O)CCCCCCCCCCCC)CN(CC(O)CCCCCCCCCCCC)CC(O)CCCCCCCCCCCC)C1)CC(O)CCCCCCCCCCCC,WZJASPMKFTYOPC-UHFFFAOYSA-N,False
lnp_atlas,314,C12-200,NCCN1CCN(CCN(CC(O)CCCCCCCCCCCC)CC(O)CCCCCCCCCCCC)CC1CN(CC(O)CCCCCCCCCCCC)CN(CC(O)CCCCCCCCCCCC)CC(O)CCCCCCCCCCCC,CCCCCCCCCCCCC(O)CN(CCN1CCN(CCN)C(CN(CC(O)CCCCCCCCCCCC)CN(CC(O)CCCCCCCCCCCC)CC(O)CCCCCCCCCCCC)C1)CC(O)CCCCCCCCCCCC,WZJASPMKFTYOPC-UHFFFAOYSA-N,False
lnp_atlas,315,C12-200,NCCN1CCN(CCN(CC(O)CCCCCCCCCCCC)CC(O)CCCCCCCCCCCC)CC1CN(CC(O)CCCCCCCCCCCC)CN(CC(O)CCCCCCCCCCCC)CC(O)CCCCCCCCCCCC,CCCCCCCCCCCCC(O)CN(CCN1CCN(CCN)C(CN(CC(O)CCCCCCCCCCCC)CN(CC(O)CCCCCCCCCCCC)CC(O)CCCCCCCCCCCC)C1)CC(O)CCCCCCCCCCCC,WZJASPMKFTYOPC-UHFFFAOYSA-N,False
lnp_atlas,316,C12-200,NCCN1CCN(CCN(CC(O)CCCCCCCCCCCC)CC(O)CCCCCCCCCCCC)CC1CN(CC(O)CCCCCCCCCCCC)CN(CC(O)CCCCCCCCCCCC)CC(O)CCCCCCCCCCCC,CCCCCCCCCCCCC(O)CN(CCN1CCN(CCN)C(CN(CC(O)CCCCCCCCCCCC)CN(CC(O)CCCCCCCCCCCC)CC(O)CCCCCCCCCCCC)C1)CC(O)CCCCCCCCCCCC,WZJASPMKFTYOPC-UHFFFAOYSA-N,False
lnp_atlas,317,C12-200,NCCN1CCN(CCN(CC(O)CCCCCCCCCCCC)CC(O)CCCCCCCCCCCC)CC1CN(CC(O)CCCCCCCCCCCC)CN(CC(O)CCCCCCCCCCCC)CC(O)CCCCCCCCCCCC,CCCCCCCCCCCCC(O)CN(CCN1CCN(CCN)C(CN(CC(O)CCCCCCCCCCCC)CN(CC(O)CCCCCCCCCCCC)CC(O)CCCCCCCCCCCC)C1)CC(O)CCCCCCCCCCCC,WZJASPMKFTYOPC-UHFFFAOYSA-N,False
lnp_atlas,318,C12-200,NCCN1CCN(CCN(CC(O)CCCCCCCCCCCC)CC(O)CCCCCCCCCCCC)CC1CN(CC(O)CCCCCCCCCCCC)CN(CC(O)CCCCCCCCCCCC)CC(O)CCCCCCCCCCCC,CCCCCCCCCCCCC(O)CN(CCN1CCN(CCN)C(CN(CC(O)CCCCCCCCCCCC)CN(CC(O)CCCCCCCCCCCC)CC(O)CCCCCCCCCCCC)C1)CC(O)CCCCCCCCCCCC,WZJASPMKFTYOPC-UHFFFAOYSA-N,False
lnp_atlas,319,C12-200,NCCN1CCN(CCN(CC(O)CCCCCCCCCCCC)CC(O)CCCCCCCCCCCC)CC1CN(CC(O)CCCCCCCCCCCC)CN(CC(O)CCCCCCCCCCCC)CC(O)CCCCCCCCCCCC,CCCCCCCCCCCCC(O)CN(CCN1CCN(CCN)C(CN(CC(O)CCCCCCCCCCCC)CN(CC(O)CCCCCCCCCCCC)CC(O)CCCCCCCCCCCC)C1)CC(O)CCCCCCCCCCCC,WZJASPMKFTYOPC-UHFFFAOYSA-N,False
lnp_atlas,320,C12-200,NCCN1CCN(CCN(CC(O)CCCCCCCCCCCC)CC(O)CCCCCCCCCCCC)CC1CN(CC(O)CCCCCCCCCCCC)CN(CC(O)CCCCCCCCCCCC)CC(O)CCCCCCCCCCCC,CCCCCCCCCCCCC(O)CN(CCN1CCN(CCN)C(CN(CC(O)CCCCCCCCCCCC)CN(CC(O)CCCCCCCCCCCC)CC(O)CCCCCCCCCCCC)C1)CC(O)CCCCCCCCCCCC,WZJASPMKFTYOPC-UHFFFAOYSA-N,False
lnp_atlas,321,C12-200,NCCN1CCN(CCN(CC(O)CCCCCCCCCCCC)CC(O)CCCCCCCCCCCC)CC1CN(CC(O)CCCCCCCCCCCC)CN(CC(O)CCCCCCCCCCCC)CC(O)CCCCCCCCCCCC,CCCCCCCCCCCCC(O)CN(CCN1CCN(CCN)C(CN(CC(O)CCCCCCCCCCCC)CN(CC(O)CCCCCCCCCCCC)CC(O)CCCCCCCCCCCC)C1)CC(O)CCCCCCCCCCCC,WZJASPMKFTYOPC-UHFFFAOYSA-N,False
lnp_atlas,322,C12-200,NCCN1CCN(CCN(CC(O)CCCCCCCCCCCC)CC(O)CCCCCCCCCCCC)CC1CN(CC(O)CCCCCCCCCCCC)CN(CC(O)CCCCCCCCCCCC)CC(O)CCCCCCCCCCCC,CCCCCCCCCCCCC(O)CN(CCN1CCN(CCN)C(CN(CC(O)CCCCCCCCCCCC)CN(CC(O)CCCCCCCCCCCC)CC(O)CCCCCCCCCCCC)C1)CC(O)CCCCCCCCCCCC,WZJASPMKFTYOPC-UHFFFAOYSA-N,False
lnp_atlas,323,C12-200,NCCN1CCN(CCN(CC(O)CCCCCCCCCCCC)CC(O)CCCCCCCCCCCC)CC1CN(CC(O)CCCCCCCCCCCC)CN(CC(O)CCCCCCCCCCCC)CC(O)CCCCCCCCCCCC,CCCCCCCCCCCCC(O)CN(CCN1CCN(CCN)C(CN(CC(O)CCCCCCCCCCCC)CN(CC(O)CCCCCCCCCCCC)CC(O)CCCCCCCCCCCC)C1)CC(O)CCCCCCCCCCCC,WZJASPMKFTYOPC-UHFFFAOYSA-N,False
lnp_atlas,324,C12-200,NCCN1CCN(CCN(CC(O)CCCCCCCCCCCC)CC(O)CCCCCCCCCCCC)CC1CN(CC(O)CCCCCCCCCCCC)CN(CC(O)CCCCCCCCCCCC)CC(O)CCCCCCCCCCCC,CCCCCCCCCCCCC(O)CN(CCN1CCN(CCN)C(CN(CC(O)CCCCCCCCCCCC)CN(CC(O)CCCCCCCCCCCC)CC(O)CCCCCCCCCCCC)C1)CC(O)CCCCCCCCCCCC,WZJASPMKFTYOPC-UHFFFAOYSA-N,False
lnp_atlas,325,C12-200,NCCN1CCN(CCN(CC(O)CCCCCCCCCCCC)CC(O)CCCCCCCCCCCC)CC1CN(CC(O)CCCCCCCCCCCC)CN(CC(O)CCCCCCCCCCCC)CC(O)CCCCCCCCCCCC,CCCCCCCCCCCCC(O)CN(CCN1CCN(CCN)C(CN(CC(O)CCCCCCCCCCCC)CN(CC(O)CCCCCCCCCCCC)CC(O)CCCCCCCCCCCC)C1)CC(O)CCCCCCCCCCCC,WZJASPMKFTYOPC-UHFFFAOYSA-N,False
lnp_atlas,326,C12-200,NCCN1CCN(CCN(CC(O)CCCCCCCCCCCC)CC(O)CCCCCCCCCCCC)CC1CN(CC(O)CCCCCCCCCCCC)CN(CC(O)CCCCCCCCCCCC)CC(O)CCCCCCCCCCCC,CCCCCCCCCCCCC(O)CN(CCN1CCN(CCN)C(CN(CC(O)CCCCCCCCCCCC)CN(CC(O)CCCCCCCCCCCC)CC(O)CCCCCCCCCCCC)C1)CC(O)CCCCCCCCCCCC,WZJASPMKFTYOPC-UHFFFAOYSA-N,False
lnp_atlas,327,C12-200,NCCN1CCN(CCN(CC(O)CCCCCCCCCCCC)CC(O)CCCCCCCCCCCC)CC1CN(CC(O)CCCCCCCCCCCC)CN(CC(O)CCCCCCCCCCCC)CC(O)CCCCCCCCCCCC,CCCCCCCCCCCCC(O)CN(CCN1CCN(CCN)C(CN(CC(O)CCCCCCCCCCCC)CN(CC(O)CCCCCCCCCCCC)CC(O)CCCCCCCCCCCC)C1)CC(O)CCCCCCCCCCCC,WZJASPMKFTYOPC-UHFFFAOYSA-N,False
lnp_atlas,328,C12-200,NCCN1CCN(CCN(CC(O)CCCCCCCCCCCC)CC(O)CCCCCCCCCCCC)CC1CN(CC(O)CCCCCCCCCCCC)CN(CC(O)CCCCCCCCCCCC)CC(O)CCCCCCCCCCCC,CCCCCCCCCCCCC(O)CN(CCN1CCN(CCN)C(CN(CC(O)CCCCCCCCCCCC)CN(CC(O)CCCCCCCCCCCC)CC(O)CCCCCCCCCCCC)C1)CC(O)CCCCCCCCCCCC,WZJASPMKFTYOPC-UHFFFAOYSA-N,False
lnp_atlas,329,C12-200,NCCN1CCN(CCN(CC(O)CCCCCCCCCCCC)CC(O)CCCCCCCCCCCC)CC1CN(CC(O)CCCCCCCCCCCC)CN(CC(O)CCCCCCCCCCCC)CC(O)CCCCCCCCCCCC,CCCCCCCCCCCCC(O)CN(CCN1CCN(CCN)C(CN(CC(O)CCCCCCCCCCCC)CN(CC(O)CCCCCCCCCCCC)CC(O)CCCCCCCCCCCC)C1)CC(O)CCCCCCCCCCCC,WZJASPMKFTYOPC-UHFFFAOYSA-N,False
lnp_atlas,330,C12-200,NCCN1CCN(CCN(CC(O)CCCCCCCCCCCC)CC(O)CCCCCCCCCCCC)CC1CN(CC(O)CCCCCCCCCCCC)CN(CC(O)CCCCCCCCCCCC)CC(O)CCCCCCCCCCCC,CCCCCCCCCCCCC(O)CN(CCN1CCN(CCN)C(CN(CC(O)CCCCCCCCCCCC)CN(CC(O)CCCCCCCCCCCC)CC(O)CCCCCCCCCCCC)C1)CC(O)CCCCCCCCCCCC,WZJASPMKFTYOPC-UHFFFAOYSA-N,False
lnp_atlas,331,C12-200,NCCN1CCN(CCN(CC(O)CCCCCCCCCCCC)CC(O)CCCCCCCCCCCC)CC1CN(CC(O)CCCCCCCCCCCC)CN(CC(O)CCCCCCCCCCCC)CC(O)CCCCCCCCCCCC,CCCCCCCCCCCCC(O)CN(CCN1CCN(CCN)C(CN(CC(O)CCCCCCCCCCCC)CN(CC(O)CCCCCCCCCCCC)CC(O)CCCCCCCCCCCC)C1)CC(O)CCCCCCCCCCCC,WZJASPMKFTYOPC-UHFFFAOYSA-N,False
lnp_atlas,332,C12-200,NCCN1CCN(CCN(CC(O)CCCCCCCCCCCC)CC(O)CCCCCCCCCCCC)CC1CN(CC(O)CCCCCCCCCCCC)CN(CC(O)CCCCCCCCCCCC)CC(O)CCCCCCCCCCCC,CCCCCCCCCCCCC(O)CN(CCN1CCN(CCN)C(CN(CC(O)CCCCCCCCCCCC)CN(CC(O)CCCCCCCCCCCC)CC(O)CCCCCCCCCCCC)C1)CC(O)CCCCCCCCCCCC,WZJASPMKFTYOPC-UHFFFAOYSA-N,False
lnp_atlas,333,C12-200,NCCN1CCN(CCN(CC(O)CCCCCCCCCCCC)CC(O)CCCCCCCCCCCC)CC1CN(CC(O)CCCCCCCCCCCC)CN(CC(O)CCCCCCCCCCCC)CC(O)CCCCCCCCCCCC,CCCCCCCCCCCCC(O)CN(CCN1CCN(CCN)C(CN(CC(O)CCCCCCCCCCCC)CN(CC(O)CCCCCCCCCCCC)CC(O)CCCCCCCCCCCC)C1)CC(O)CCCCCCCCCCCC,WZJASPMKFTYOPC-UHFFFAOYSA-N,False
lnp_atlas,334,C12-200,NCCN1CCN(CCN(CC(O)CCCCCCCCCCCC)CC(O)CCCCCCCCCCCC)CC1CN(CC(O)CCCCCCCCCCCC)CN(CC(O)CCCCCCCCCCCC)CC(O)CCCCCCCCCCCC,CCCCCCCCCCCCC(O)CN(CCN1CCN(CCN)C(CN(CC(O)CCCCCCCCCCCC)CN(CC(O)CCCCCCCCCCCC)CC(O)CCCCCCCCCCCC)C1)CC(O)CCCCCCCCCCCC,WZJASPMKFTYOPC-UHFFFAOYSA-N,False
lnp_atlas,335,C12-200,NCCN1CCN(CCN(CC(O)CCCCCCCCCCCC)CC(O)CCCCCCCCCCCC)CC1CN(CC(O)CCCCCCCCCCCC)CN(CC(O)CCCCCCCCCCCC)CC(O)CCCCCCCCCCCC,CCCCCCCCCCCCC(O)CN(CCN1CCN(CCN)C(CN(CC(O)CCCCCCCCCCCC)CN(CC(O)CCCCCCCCCCCC)CC(O)CCCCCCCCCCCC)C1)CC(O)CCCCCCCCCCCC,WZJASPMKFTYOPC-UHFFFAOYSA-N,False
lnp_atlas,336,C12-200,NCCN1CCN(CCN(CC(O)CCCCCCCCCCCC)CC(O)CCCCCCCCCCCC)CC1CN(CC(O)CCCCCCCCCCCC)CN(CC(O)CCCCCCCCCCCC)CC(O)CCCCCCCCCCCC,CCCCCCCCCCCCC(O)CN(CCN1CCN(CCN)C(CN(CC(O)CCCCCCCCCCCC)CN(CC(O)CCCCCCCCCCCC)CC(O)CCCCCCCCCCCC)C1)CC(O)CCCCCCCCCCCC,WZJASPMKFTYOPC-UHFFFAOYSA-N,False
lnp_atlas,337,C12-200,NCCN1CCN(CCN(CC(O)CCCCCCCCCCCC)CC(O)CCCCCCCCCCCC)CC1CN(CC(O)CCCCCCCCCCCC)CN(CC(O)CCCCCCCCCCCC)CC(O)CCCCCCCCCCCC,CCCCCCCCCCCCC(O)CN(CCN1CCN(CCN)C(CN(CC(O)CCCCCCCCCCCC)CN(CC(O)CCCCCCCCCCCC)CC(O)CCCCCCCCCCCC)C1)CC(O)CCCCCCCCCCCC,WZJASPMKFTYOPC-UHFFFAOYSA-N,False
lnp_atlas,338,C12-200,NCCN1CCN(CCN(CC(O)CCCCCCCCCCCC)CC(O)CCCCCCCCCCCC)CC1CN(CC(O)CCCCCCCCCCCC)CN(CC(O)CCCCCCCCCCCC)CC(O)CCCCCCCCCCCC,CCCCCCCCCCCCC(O)CN(CCN1CCN(CCN)C(CN(CC(O)CCCCCCCCCCCC)CN(CC(O)CCCCCCCCCCCC)CC(O)CCCCCCCCCCCC)C1)CC(O)CCCCCCCCCCCC,WZJASPMKFTYOPC-UHFFFAOYSA-N,False
lnp_atlas,339,C12-200,NCCN1CCN(CCN(CC(O)CCCCCCCCCCCC)CC(O)CCCCCCCCCCCC)CC1CN(CC(O)CCCCCCCCCCCC)CN(CC(O)CCCCCCCCCCCC)CC(O)CCCCCCCCCCCC,CCCCCCCCCCCCC(O)CN(CCN1CCN(CCN)C(CN(CC(O)CCCCCCCCCCCC)CN(CC(O)CCCCCCCCCCCC)CC(O)CCCCCCCCCCCC)C1)CC(O)CCCCCCCCCCCC,WZJASPMKFTYOPC-UHFFFAOYSA-N,False
lnp_atlas,340,C12-200,NCCN1CCN(CCN(CC(O)CCCCCCCCCCCC)CC(O)CCCCCCCCCCCC)CC1CN(CC(O)CCCCCCCCCCCC)CN(CC(O)CCCCCCCCCCCC)CC(O)CCCCCCCCCCCC,CCCCCCCCCCCCC(O)CN(CCN1CCN(CCN)C(CN(CC(O)CCCCCCCCCCCC)CN(CC(O)CCCCCCCCCCCC)CC(O)CCCCCCCCCCCC)C1)CC(O)CCCCCCCCCCCC,WZJASPMKFTYOPC-UHFFFAOYSA-N,False
lnp_atlas,341,C12-200,NCCN1CCN(CCN(CC(O)CCCCCCCCCCCC)CC(O)CCCCCCCCCCCC)CC1CN(CC(O)CCCCCCCCCCCC)CN(CC(O)CCCCCCCCCCCC)CC(O)CCCCCCCCCCCC,CCCCCCCCCCCCC(O)CN(CCN1CCN(CCN)C(CN(CC(O)CCCCCCCCCCCC)CN(CC(O)CCCCCCCCCCCC)CC(O)CCCCCCCCCCCC)C1)CC(O)CCCCCCCCCCCC,WZJASPMKFTYOPC-UHFFFAOYSA-N,False
lnp_atlas,342,C12-200,NCCN1CCN(CCN(CC(O)CCCCCCCCCCCC)CC(O)CCCCCCCCCCCC)CC1CN(CC(O)CCCCCCCCCCCC)CN(CC(O)CCCCCCCCCCCC)CC(O)CCCCCCCCCCCC,CCCCCCCCCCCCC(O)CN(CCN1CCN(CCN)C(CN(CC(O)CCCCCCCCCCCC)CN(CC(O)CCCCCCCCCCCC)CC(O)CCCCCCCCCCCC)C1)CC(O)CCCCCCCCCCCC,WZJASPMKFTYOPC-UHFFFAOYSA-N,False
lnp_atlas,343,C12-200,NCCN1CCN(CCN(CC(O)CCCCCCCCCCCC)CC(O)CCCCCCCCCCCC)CC1CN(CC(O)CCCCCCCCCCCC)CN(CC(O)CCCCCCCCCCCC)CC(O)CCCCCCCCCCCC,CCCCCCCCCCCCC(O)CN(CCN1CCN(CCN)C(CN(CC(O)CCCCCCCCCCCC)CN(CC(O)CCCCCCCCCCCC)CC(O)CCCCCCCCCCCC)C1)CC(O)CCCCCCCCCCCC,WZJASPMKFTYOPC-UHFFFAOYSA-N,False
lnp_atlas,344,C12-200,NCCN1CCN(CCN(CC(O)CCCCCCCCCCCC)CC(O)CCCCCCCCCCCC)CC1CN(CC(O)CCCCCCCCCCCC)CN(CC(O)CCCCCCCCCCCC)CC(O)CCCCCCCCCCCC,CCCCCCCCCCCCC(O)CN(CCN1CCN(CCN)C(CN(CC(O)CCCCCCCCCCCC)CN(CC(O)CCCCCCCCCCCC)CC(O)CCCCCCCCCCCC)C1)CC(O)CCCCCCCCCCCC,WZJASPMKFTYOPC-UHFFFAOYSA-N,False
lnp_atlas,345,C12-200,NCCN1CCN(CCN(CC(O)CCCCCCCCCCCC)CC(O)CCCCCCCCCCCC)CC1CN(CC(O)CCCCCCCCCCCC)CN(CC(O)CCCCCCCCCCCC)CC(O)CCCCCCCCCCCC,CCCCCCCCCCCCC(O)CN(CCN1CCN(CCN)C(CN(CC(O)CCCCCCCCCCCC)CN(CC(O)CCCCCCCCCCCC)CC(O)CCCCCCCCCCCC)C1)CC(O)CCCCCCCCCCCC,WZJASPMKFTYOPC-UHFFFAOYSA-N,False
lnp_atlas,346,C12-200,NCCN1CCN(CCN(CC(O)CCCCCCCCCCCC)CC(O)CCCCCCCCCCCC)CC1CN(CC(O)CCCCCCCCCCCC)CN(CC(O)CCCCCCCCCCCC)CC(O)CCCCCCCCCCCC,CCCCCCCCCCCCC(O)CN(CCN1CCN(CCN)C(CN(CC(O)CCCCCCCCCCCC)CN(CC(O)CCCCCCCCCCCC)CC(O)CCCCCCCCCCCC)C1)CC(O)CCCCCCCCCCCC,WZJASPMKFTYOPC-UHFFFAOYSA-N,False
lnp_atlas,347,C12-200,NCCN1CCN(CCN(CC(O)CCCCCCCCCCCC)CC(O)CCCCCCCCCCCC)CC1CN(CC(O)CCCCCCCCCCCC)CN(CC(O)CCCCCCCCCCCC)CC(O)CCCCCCCCCCCC,CCCCCCCCCCCCC(O)CN(CCN1CCN(CCN)C(CN(CC(O)CCCCCCCCCCCC)CN(CC(O)CCCCCCCCCCCC)CC(O)CCCCCCCCCCCC)C1)CC(O)CCCCCCCCCCCC,WZJASPMKFTYOPC-UHFFFAOYSA-N,False
lnp_atlas,348,C12-200,NCCN1CCN(CCN(CC(O)CCCCCCCCCCCC)CC(O)CCCCCCCCCCCC)CC1CN(CC(O)CCCCCCCCCCCC)CN(CC(O)CCCCCCCCCCCC)CC(O)CCCCCCCCCCCC,CCCCCCCCCCCCC(O)CN(CCN1CCN(CCN)C(CN(CC(O)CCCCCCCCCCCC)CN(CC(O)CCCCCCCCCCCC)CC(O)CCCCCCCCCCCC)C1)CC(O)CCCCCCCCCCCC,WZJASPMKFTYOPC-UHFFFAOYSA-N,False
lnp_atlas,349,C12-200,NCCN1CCN(CCN(CC(O)CCCCCCCCCCCC)CC(O)CCCCCCCCCCCC)CC1CN(CC(O)CCCCCCCCCCCC)CN(CC(O)CCCCCCCCCCCC)CC(O)CCCCCCCCCCCC,CCCCCCCCCCCCC(O)CN(CCN1CCN(CCN)C(CN(CC(O)CCCCCCCCCCCC)CN(CC(O)CCCCCCCCCCCC)CC(O)CCCCCCCCCCCC)C1)CC(O)CCCCCCCCCCCC,WZJASPMKFTYOPC-UHFFFAOYSA-N,False
lnp_atlas,350,C12-200,NCCN1CCN(CCN(CC(O)CCCCCCCCCCCC)CC(O)CCCCCCCCCCCC)CC1CN(CC(O)CCCCCCCCCCCC)CN(CC(O)CCCCCCCCCCCC)CC(O)CCCCCCCCCCCC,CCCCCCCCCCCCC(O)CN(CCN1CCN(CCN)C(CN(CC(O)CCCCCCCCCCCC)CN(CC(O)CCCCCCCCCCCC)CC(O)CCCCCCCCCCCC)C1)CC(O)CCCCCCCCCCCC,WZJASPMKFTYOPC-UHFFFAOYSA-N,False
lnp_atlas,351,C12-200,NCCN1CCN(CCN(CC(O)CCCCCCCCCCCC)CC(O)CCCCCCCCCCCC)CC1CN(CC(O)CCCCCCCCCCCC)CN(CC(O)CCCCCCCCCCCC)CC(O)CCCCCCCCCCCC,CCCCCCCCCCCCC(O)CN(CCN1CCN(CCN)C(CN(CC(O)CCCCCCCCCCCC)CN(CC(O)CCCCCCCCCCCC)CC(O)CCCCCCCCCCCC)C1)CC(O)CCCCCCCCCCCC,WZJASPMKFTYOPC-UHFFFAOYSA-N,False
lnp_atlas,352,C12-200,NCCN1CCN(CCN(CC(O)CCCCCCCCCCCC)CC(O)CCCCCCCCCCCC)CC1CN(CC(O)CCCCCCCCCCCC)CN(CC(O)CCCCCCCCCCCC)CC(O)CCCCCCCCCCCC,CCCCCCCCCCCCC(O)CN(CCN1CCN(CCN)C(CN(CC(O)CCCCCCCCCCCC)CN(CC(O)CCCCCCCCCCCC)CC(O)CCCCCCCCCCCC)C1)CC(O)CCCCCCCCCCCC,WZJASPMKFTYOPC-UHFFFAOYSA-N,False
lnp_atlas,353,C12-200,NCCN1CCN(CCN(CC(O)CCCCCCCCCCCC)CC(O)CCCCCCCCCCCC)CC1CN(CC(O)CCCCCCCCCCCC)CN(CC(O)CCCCCCCCCCCC)CC(O)CCCCCCCCCCCC,CCCCCCCCCCCCC(O)CN(CCN1CCN(CCN)C(CN(CC(O)CCCCCCCCCCCC)CN(CC(O)CCCCCCCCCCCC)CC(O)CCCCCCCCCCCC)C1)CC(O)CCCCCCCCCCCC,WZJASPMKFTYOPC-UHFFFAOYSA-N,False
lnp_atlas,354,C12-200,NCCN1CCN(CCN(CC(O)CCCCCCCCCCCC)CC(O)CCCCCCCCCCCC)CC1CN(CC(O)CCCCCCCCCCCC)CN(CC(O)CCCCCCCCCCCC)CC(O)CCCCCCCCCCCC,CCCCCCCCCCCCC(O)CN(CCN1CCN(CCN)C(CN(CC(O)CCCCCCCCCCCC)CN(CC(O)CCCCCCCCCCCC)CC(O)CCCCCCCCCCCC)C1)CC(O)CCCCCCCCCCCC,WZJASPMKFTYOPC-UHFFFAOYSA-N,False
lnp_atlas,355,C12-200,NCCN1CCN(CCN(CC(O)CCCCCCCCCCCC)CC(O)CCCCCCCCCCCC)CC1CN(CC(O)CCCCCCCCCCCC)CN(CC(O)CCCCCCCCCCCC)CC(O)CCCCCCCCCCCC,CCCCCCCCCCCCC(O)CN(CCN1CCN(CCN)C(CN(CC(O)CCCCCCCCCCCC)CN(CC(O)CCCCCCCCCCCC)CC(O)CCCCCCCCCCCC)C1)CC(O)CCCCCCCCCCCC,WZJASPMKFTYOPC-UHFFFAOYSA-N,False
lnp_atlas,356,C12-200,NCCN1CCN(CCN(CC(O)CCCCCCCCCCCC)CC(O)CCCCCCCCCCCC)CC1CN(CC(O)CCCCCCCCCCCC)CN(CC(O)CCCCCCCCCCCC)CC(O)CCCCCCCCCCCC,CCCCCCCCCCCCC(O)CN(CCN1CCN(CCN)C(CN(CC(O)CCCCCCCCCCCC)CN(CC(O)CCCCCCCCCCCC)CC(O)CCCCCCCCCCCC)C1)CC(O)CCCCCCCCCCCC,WZJASPMKFTYOPC-UHFFFAOYSA-N,False
lnp_atlas,357,C12-200,NCCN1CCN(CCN(CC(O)CCCCCCCCCCCC)CC(O)CCCCCCCCCCCC)CC1CN(CC(O)CCCCCCCCCCCC)CN(CC(O)CCCCCCCCCCCC)CC(O)CCCCCCCCCCCC,CCCCCCCCCCCCC(O)CN(CCN1CCN(CCN)C(CN(CC(O)CCCCCCCCCCCC)CN(CC(O)CCCCCCCCCCCC)CC(O)CCCCCCCCCCCC)C1)CC(O)CCCCCCCCCCCC,WZJASPMKFTYOPC-UHFFFAOYSA-N,False
lnp_atlas,358,C12-200,NCCN1CCN(CCN(CC(O)CCCCCCCCCCCC)CC(O)CCCCCCCCCCCC)CC1CN(CC(O)CCCCCCCCCCCC)CN(CC(O)CCCCCCCCCCCC)CC(O)CCCCCCCCCCCC,CCCCCCCCCCCCC(O)CN(CCN1CCN(CCN)C(CN(CC(O)CCCCCCCCCCCC)CN(CC(O)CCCCCCCCCCCC)CC(O)CCCCCCCCCCCC)C1)CC(O)CCCCCCCCCCCC,WZJASPMKFTYOPC-UHFFFAOYSA-N,False
lnp_atlas,359,C12-200,NCCN1CCN(CCN(CC(O)CCCCCCCCCCCC)CC(O)CCCCCCCCCCCC)CC1CN(CC(O)CCCCCCCCCCCC)CN(CC(O)CCCCCCCCCCCC)CC(O)CCCCCCCCCCCC,CCCCCCCCCCCCC(O)CN(CCN1CCN(CCN)C(CN(CC(O)CCCCCCCCCCCC)CN(CC(O)CCCCCCCCCCCC)CC(O)CCCCCCCCCCCC)C1)CC(O)CCCCCCCCCCCC,WZJASPMKFTYOPC-UHFFFAOYSA-N,False
lnp_atlas,360,C12-200,NCCN1CCN(CCN(CC(O)CCCCCCCCCCCC)CC(O)CCCCCCCCCCCC)CC1CN(CC(O)CCCCCCCCCCCC)CN(CC(O)CCCCCCCCCCCC)CC(O)CCCCCCCCCCCC,CCCCCCCCCCCCC(O)CN(CCN1CCN(CCN)C(CN(CC(O)CCCCCCCCCCCC)CN(CC(O)CCCCCCCCCCCC)CC(O)CCCCCCCCCCCC)C1)CC(O)CCCCCCCCCCCC,WZJASPMKFTYOPC-UHFFFAOYSA-N,False
lnp_atlas,361,C12-200,NCCN1CCN(CCN(CC(O)CCCCCCCCCCCC)CC(O)CCCCCCCCCCCC)CC1CN(CC(O)CCCCCCCCCCCC)CN(CC(O)CCCCCCCCCCCC)CC(O)CCCCCCCCCCCC,CCCCCCCCCCCCC(O)CN(CCN1CCN(CCN)C(CN(CC(O)CCCCCCCCCCCC)CN(CC(O)CCCCCCCCCCCC)CC(O)CCCCCCCCCCCC)C1)CC(O)CCCCCCCCCCCC,WZJASPMKFTYOPC-UHFFFAOYSA-N,False
lnp_atlas,362,C12-200,NCCN1CCN(CCN(CC(O)CCCCCCCCCCCC)CC(O)CCCCCCCCCCCC)CC1CN(CC(O)CCCCCCCCCCCC)CN(CC(O)CCCCCCCCCCCC)CC(O)CCCCCCCCCCCC,CCCCCCCCCCCCC(O)CN(CCN1CCN(CCN)C(CN(CC(O)CCCCCCCCCCCC)CN(CC(O)CCCCCCCCCCCC)CC(O)CCCCCCCCCCCC)C1)CC(O)CCCCCCCCCCCC,WZJASPMKFTYOPC-UHFFFAOYSA-N,False
lnp_atlas,363,C12-200,NCCN1CCN(CCN(CC(O)CCCCCCCCCCCC)CC(O)CCCCCCCCCCCC)CC1CN(CC(O)CCCCCCCCCCCC)CN(CC(O)CCCCCCCCCCCC)CC(O)CCCCCCCCCCCC,CCCCCCCCCCCCC(O)CN(CCN1CCN(CCN)C(CN(CC(O)CCCCCCCCCCCC)CN(CC(O)CCCCCCCCCCCC)CC(O)CCCCCCCCCCCC)C1)CC(O)CCCCCCCCCCCC,WZJASPMKFTYOPC-UHFFFAOYSA-N,False
lnp_atlas,364,C12-200,NCCN1CCN(CCN(CC(O)CCCCCCCCCCCC)CC(O)CCCCCCCCCCCC)CC1CN(CC(O)CCCCCCCCCCCC)CN(CC(O)CCCCCCCCCCCC)CC(O)CCCCCCCCCCCC,CCCCCCCCCCCCC(O)CN(CCN1CCN(CCN)C(CN(CC(O)CCCCCCCCCCCC)CN(CC(O)CCCCCCCCCCCC)CC(O)CCCCCCCCCCCC)C1)CC(O)CCCCCCCCCCCC,WZJASPMKFTYOPC-UHFFFAOYSA-N,False
lnp_atlas,365,C12-200,NCCN1CCN(CCN(CC(O)CCCCCCCCCCCC)CC(O)CCCCCCCCCCCC)CC1CN(CC(O)CCCCCCCCCCCC)CN(CC(O)CCCCCCCCCCCC)CC(O)CCCCCCCCCCCC,CCCCCCCCCCCCC(O)CN(CCN1CCN(CCN)C(CN(CC(O)CCCCCCCCCCCC)CN(CC(O)CCCCCCCCCCCC)CC(O)CCCCCCCCCCCC)C1)CC(O)CCCCCCCCCCCC,WZJASPMKFTYOPC-UHFFFAOYSA-N,False
lnp_atlas,366,C12-200,NCCN1CCN(CCN(CC(O)CCCCCCCCCCCC)CC(O)CCCCCCCCCCCC)CC1CN(CC(O)CCCCCCCCCCCC)CN(CC(O)CCCCCCCCCCCC)CC(O)CCCCCCCCCCCC,CCCCCCCCCCCCC(O)CN(CCN1CCN(CCN)C(CN(CC(O)CCCCCCCCCCCC)CN(CC(O)CCCCCCCCCCCC)CC(O)CCCCCCCCCCCC)C1)CC(O)CCCCCCCCCCCC,WZJASPMKFTYOPC-UHFFFAOYSA-N,False
lnp_atlas,367,C12-200,NCCN1CCN(CCN(CC(O)CCCCCCCCCCCC)CC(O)CCCCCCCCCCCC)CC1CN(CC(O)CCCCCCCCCCCC)CN(CC(O)CCCCCCCCCCCC)CC(O)CCCCCCCCCCCC,CCCCCCCCCCCCC(O)CN(CCN1CCN(CCN)C(CN(CC(O)CCCCCCCCCCCC)CN(CC(O)CCCCCCCCCCCC)CC(O)CCCCCCCCCCCC)C1)CC(O)CCCCCCCCCCCC,WZJASPMKFTYOPC-UHFFFAOYSA-N,False
lnp_atlas,368,C12-200,NCCN1CCN(CCN(CC(O)CCCCCCCCCCCC)CC(O)CCCCCCCCCCCC)CC1CN(CC(O)CCCCCCCCCCCC)CN(CC(O)CCCCCCCCCCCC)CC(O)CCCCCCCCCCCC,CCCCCCCCCCCCC(O)CN(CCN1CCN(CCN)C(CN(CC(O)CCCCCCCCCCCC)CN(CC(O)CCCCCCCCCCCC)CC(O)CCCCCCCCCCCC)C1)CC(O)CCCCCCCCCCCC,WZJASPMKFTYOPC-UHFFFAOYSA-N,False
lnp_atlas,369,C12-200,NCCN1CCN(CCN(CC(O)CCCCCCCCCCCC)CC(O)CCCCCCCCCCCC)CC1CN(CC(O)CCCCCCCCCCCC)CN(CC(O)CCCCCCCCCCCC)CC(O)CCCCCCCCCCCC,CCCCCCCCCCCCC(O)CN(CCN1CCN(CCN)C(CN(CC(O)CCCCCCCCCCCC)CN(CC(O)CCCCCCCCCCCC)CC(O)CCCCCCCCCCCC)C1)CC(O)CCCCCCCCCCCC,WZJASPMKFTYOPC-UHFFFAOYSA-N,False
lnp_atlas,370,C12-200,NCCN1CCN(CCN(CC(O)CCCCCCCCCCCC)CC(O)CCCCCCCCCCCC)CC1CN(CC(O)CCCCCCCCCCCC)CN(CC(O)CCCCCCCCCCCC)CC(O)CCCCCCCCCCCC,CCCCCCCCCCCCC(O)CN(CCN1CCN(CCN)C(CN(CC(O)CCCCCCCCCCCC)CN(CC(O)CCCCCCCCCCCC)CC(O)CCCCCCCCCCCC)C1)CC(O)CCCCCCCCCCCC,WZJASPMKFTYOPC-UHFFFAOYSA-N,False
lnp_atlas,371,C12-200,NCCN1CCN(CCN(CC(O)CCCCCCCCCCCC)CC(O)CCCCCCCCCCCC)CC1CN(CC(O)CCCCCCCCCCCC)CN(CC(O)CCCCCCCCCCCC)CC(O)CCCCCCCCCCCC,CCCCCCCCCCCCC(O)CN(CCN1CCN(CCN)C(CN(CC(O)CCCCCCCCCCCC)CN(CC(O)CCCCCCCCCCCC)CC(O)CCCCCCCCCCCC)C1)CC(O)CCCCCCCCCCCC,WZJASPMKFTYOPC-UHFFFAOYSA-N,False
lnp_atlas,372,C12-200,NCCN1CCN(CCN(CC(O)CCCCCCCCCCCC)CC(O)CCCCCCCCCCCC)CC1CN(CC(O)CCCCCCCCCCCC)CN(CC(O)CCCCCCCCCCCC)CC(O)CCCCCCCCCCCC,CCCCCCCCCCCCC(O)CN(CCN1CCN(CCN)C(CN(CC(O)CCCCCCCCCCCC)CN(CC(O)CCCCCCCCCCCC)CC(O)CCCCCCCCCCCC)C1)CC(O)CCCCCCCCCCCC,WZJASPMKFTYOPC-UHFFFAOYSA-N,False
lnp_atlas,373,C12-200,NCCN1CCN(CCN(CC(O)CCCCCCCCCCCC)CC(O)CCCCCCCCCCCC)CC1CN(CC(O)CCCCCCCCCCCC)CN(CC(O)CCCCCCCCCCCC)CC(O)CCCCCCCCCCCC,CCCCCCCCCCCCC(O)CN(CCN1CCN(CCN)C(CN(CC(O)CCCCCCCCCCCC)CN(CC(O)CCCCCCCCCCCC)CC(O)CCCCCCCCCCCC)C1)CC(O)CCCCCCCCCCCC,WZJASPMKFTYOPC-UHFFFAOYSA-N,False
lnp_atlas,374,C12-200,NCCN1CCN(CCN(CC(O)CCCCCCCCCCCC)CC(O)CCCCCCCCCCCC)CC1CN(CC(O)CCCCCCCCCCCC)CN(CC(O)CCCCCCCCCCCC)CC(O)CCCCCCCCCCCC,CCCCCCCCCCCCC(O)CN(CCN1CCN(CCN)C(CN(CC(O)CCCCCCCCCCCC)CN(CC(O)CCCCCCCCCCCC)CC(O)CCCCCCCCCCCC)C1)CC(O)CCCCCCCCCCCC,WZJASPMKFTYOPC-UHFFFAOYSA-N,False
lnp_atlas,375,C12-200,NCCN1CCN(CCN(CC(O)CCCCCCCCCCCC)CC(O)CCCCCCCCCCCC)CC1CN(CC(O)CCCCCCCCCCCC)CN(CC(O)CCCCCCCCCCCC)CC(O)CCCCCCCCCCCC,CCCCCCCCCCCCC(O)CN(CCN1CCN(CCN)C(CN(CC(O)CCCCCCCCCCCC)CN(CC(O)CCCCCCCCCCCC)CC(O)CCCCCCCCCCCC)C1)CC(O)CCCCCCCCCCCC,WZJASPMKFTYOPC-UHFFFAOYSA-N,False
lnp_atlas,376,C12-200,NCCN1CCN(CCN(CC(O)CCCCCCCCCCCC)CC(O)CCCCCCCCCCCC)CC1CN(CC(O)CCCCCCCCCCCC)CN(CC(O)CCCCCCCCCCCC)CC(O)CCCCCCCCCCCC,CCCCCCCCCCCCC(O)CN(CCN1CCN(CCN)C(CN(CC(O)CCCCCCCCCCCC)CN(CC(O)CCCCCCCCCCCC)CC(O)CCCCCCCCCCCC)C1)CC(O)CCCCCCCCCCCC,WZJASPMKFTYOPC-UHFFFAOYSA-N,False
lnp_atlas,377,C12-200,NCCN1CCN(CCN(CC(O)CCCCCCCCCCCC)CC(O)CCCCCCCCCCCC)CC1CN(CC(O)CCCCCCCCCCCC)CN(CC(O)CCCCCCCCCCCC)CC(O)CCCCCCCCCCCC,CCCCCCCCCCCCC(O)CN(CCN1CCN(CCN)C(CN(CC(O)CCCCCCCCCCCC)CN(CC(O)CCCCCCCCCCCC)CC(O)CCCCCCCCCCCC)C1)CC(O)CCCCCCCCCCCC,WZJASPMKFTYOPC-UHFFFAOYSA-N,False
lnp_atlas,378,C12-200,NCCN1CCN(CCN(CC(O)CCCCCCCCCCCC)CC(O)CCCCCCCCCCCC)CC1CN(CC(O)CCCCCCCCCCCC)CN(CC(O)CCCCCCCCCCCC)CC(O)CCCCCCCCCCCC,CCCCCCCCCCCCC(O)CN(CCN1CCN(CCN)C(CN(CC(O)CCCCCCCCCCCC)CN(CC(O)CCCCCCCCCCCC)CC(O)CCCCCCCCCCCC)C1)CC(O)CCCCCCCCCCCC,WZJASPMKFTYOPC-UHFFFAOYSA-N,False
lnp_atlas,379,C12-200,NCCN1CCN(CCN(CC(O)CCCCCCCCCCCC)CC(O)CCCCCCCCCCCC)CC1CN(CC(O)CCCCCCCCCCCC)CN(CC(O)CCCCCCCCCCCC)CC(O)CCCCCCCCCCCC,CCCCCCCCCCCCC(O)CN(CCN1CCN(CCN)C(CN(CC(O)CCCCCCCCCCCC)CN(CC(O)CCCCCCCCCCCC)CC(O)CCCCCCCCCCCC)C1)CC(O)CCCCCCCCCCCC,WZJASPMKFTYOPC-UHFFFAOYSA-N,False
lnp_atlas,380,C12-200,NCCN1CCN(CCN(CC(O)CCCCCCCCCCCC)CC(O)CCCCCCCCCCCC)CC1CN(CC(O)CCCCCCCCCCCC)CN(CC(O)CCCCCCCCCCCC)CC(O)CCCCCCCCCCCC,CCCCCCCCCCCCC(O)CN(CCN1CCN(CCN)C(CN(CC(O)CCCCCCCCCCCC)CN(CC(O)CCCCCCCCCCCC)CC(O)CCCCCCCCCCCC)C1)CC(O)CCCCCCCCCCCC,WZJASPMKFTYOPC-UHFFFAOYSA-N,False
lnp_atlas,381,C12-200,NCCN1CCN(CCN(CC(O)CCCCCCCCCCCC)CC(O)CCCCCCCCCCCC)CC1CN(CC(O)CCCCCCCCCCCC)CN(CC(O)CCCCCCCCCCCC)CC(O)CCCCCCCCCCCC,CCCCCCCCCCCCC(O)CN(CCN1CCN(CCN)C(CN(CC(O)CCCCCCCCCCCC)CN(CC(O)CCCCCCCCCCCC)CC(O)CCCCCCCCCCCC)C1)CC(O)CCCCCCCCCCCC,WZJASPMKFTYOPC-UHFFFAOYSA-N,False
lnp_atlas,382,C12-200,NCCN1CCN(CCN(CC(O)CCCCCCCCCCCC)CC(O)CCCCCCCCCCCC)CC1CN(CC(O)CCCCCCCCCCCC)CN(CC(O)CCCCCCCCCCCC)CC(O)CCCCCCCCCCCC,CCCCCCCCCCCCC(O)CN(CCN1CCN(CCN)C(CN(CC(O)CCCCCCCCCCCC)CN(CC(O)CCCCCCCCCCCC)CC(O)CCCCCCCCCCCC)C1)CC(O)CCCCCCCCCCCC,WZJASPMKFTYOPC-UHFFFAOYSA-N,False
lnp_atlas,383,C12-200,NCCN1CCN(CCN(CC(O)CCCCCCCCCCCC)CC(O)CCCCCCCCCCCC)CC1CN(CC(O)CCCCCCCCCCCC)CN(CC(O)CCCCCCCCCCCC)CC(O)CCCCCCCCCCCC,CCCCCCCCCCCCC(O)CN(CCN1CCN(CCN)C(CN(CC(O)CCCCCCCCCCCC)CN(CC(O)CCCCCCCCCCCC)CC(O)CCCCCCCCCCCC)C1)CC(O)CCCCCCCCCCCC,WZJASPMKFTYOPC-UHFFFAOYSA-N,False
lnp_atlas,384,C12-200,NCCN1CCN(CCN(CC(O)CCCCCCCCCCCC)CC(O)CCCCCCCCCCCC)CC1CN(CC(O)CCCCCCCCCCCC)CN(CC(O)CCCCCCCCCCCC)CC(O)CCCCCCCCCCCC,CCCCCCCCCCCCC(O)CN(CCN1CCN(CCN)C(CN(CC(O)CCCCCCCCCCCC)CN(CC(O)CCCCCCCCCCCC)CC(O)CCCCCCCCCCCC)C1)CC(O)CCCCCCCCCCCC,WZJASPMKFTYOPC-UHFFFAOYSA-N,False
lnp_atlas,385,C12-200,NCCN1CCN(CCN(CC(O)CCCCCCCCCCCC)CC(O)CCCCCCCCCCCC)CC1CN(CC(O)CCCCCCCCCCCC)CN(CC(O)CCCCCCCCCCCC)CC(O)CCCCCCCCCCCC,CCCCCCCCCCCCC(O)CN(CCN1CCN(CCN)C(CN(CC(O)CCCCCCCCCCCC)CN(CC(O)CCCCCCCCCCCC)CC(O)CCCCCCCCCCCC)C1)CC(O)CCCCCCCCCCCC,WZJASPMKFTYOPC-UHFFFAOYSA-N,False
lnp_atlas,386,C12-200,NCCN1CCN(CCN(CC(O)CCCCCCCCCCCC)CC(O)CCCCCCCCCCCC)CC1CN(CC(O)CCCCCCCCCCCC)CN(CC(O)CCCCCCCCCCCC)CC(O)CCCCCCCCCCCC,CCCCCCCCCCCCC(O)CN(CCN1CCN(CCN)C(CN(CC(O)CCCCCCCCCCCC)CN(CC(O)CCCCCCCCCCCC)CC(O)CCCCCCCCCCCC)C1)CC(O)CCCCCCCCCCCC,WZJASPMKFTYOPC-UHFFFAOYSA-N,False
lnp_atlas,387,C12-200,NCCN1CCN(CCN(CC(O)CCCCCCCCCCCC)CC(O)CCCCCCCCCCCC)CC1CN(CC(O)CCCCCCCCCCCC)CN(CC(O)CCCCCCCCCCCC)CC(O)CCCCCCCCCCCC,CCCCCCCCCCCCC(O)CN(CCN1CCN(CCN)C(CN(CC(O)CCCCCCCCCCCC)CN(CC(O)CCCCCCCCCCCC)CC(O)CCCCCCCCCCCC)C1)CC(O)CCCCCCCCCCCC,WZJASPMKFTYOPC-UHFFFAOYSA-N,False
lnp_atlas,388,C12-200,NCCN1CCN(CCN(CC(O)CCCCCCCCCCCC)CC(O)CCCCCCCCCCCC)CC1CN(CC(O)CCCCCCCCCCCC)CN(CC(O)CCCCCCCCCCCC)CC(O)CCCCCCCCCCCC,CCCCCCCCCCCCC(O)CN(CCN1CCN(CCN)C(CN(CC(O)CCCCCCCCCCCC)CN(CC(O)CCCCCCCCCCCC)CC(O)CCCCCCCCCCCC)C1)CC(O)CCCCCCCCCCCC,WZJASPMKFTYOPC-UHFFFAOYSA-N,False
lnp_atlas,389,C12-200,NCCN1CCN(CCN(CC(O)CCCCCCCCCCCC)CC(O)CCCCCCCCCCCC)CC1CN(CC(O)CCCCCCCCCCCC)CN(CC(O)CCCCCCCCCCCC)CC(O)CCCCCCCCCCCC,CCCCCCCCCCCCC(O)CN(CCN1CCN(CCN)C(CN(CC(O)CCCCCCCCCCCC)CN(CC(O)CCCCCCCCCCCC)CC(O)CCCCCCCCCCCC)C1)CC(O)CCCCCCCCCCCC,WZJASPMKFTYOPC-UHFFFAOYSA-N,False
lnp_atlas,390,C12-200,NCCN1CCN(CCN(CC(O)CCCCCCCCCCCC)CC(O)CCCCCCCCCCCC)CC1CN(CC(O)CCCCCCCCCCCC)CN(CC(O)CCCCCCCCCCCC)CC(O)CCCCCCCCCCCC,CCCCCCCCCCCCC(O)CN(CCN1CCN(CCN)C(CN(CC(O)CCCCCCCCCCCC)CN(CC(O)CCCCCCCCCCCC)CC(O)CCCCCCCCCCCC)C1)CC(O)CCCCCCCCCCCC,WZJASPMKFTYOPC-UHFFFAOYSA-N,False
lnp_atlas,391,C12-200,NCCN1CCN(CCN(CC(O)CCCCCCCCCCCC)CC(O)CCCCCCCCCCCC)CC1CN(CC(O)CCCCCCCCCCCC)CN(CC(O)CCCCCCCCCCCC)CC(O)CCCCCCCCCCCC,CCCCCCCCCCCCC(O)CN(CCN1CCN(CCN)C(CN(CC(O)CCCCCCCCCCCC)CN(CC(O)CCCCCCCCCCCC)CC(O)CCCCCCCCCCCC)C1)CC(O)CCCCCCCCCCCC,WZJASPMKFTYOPC-UHFFFAOYSA-N,False
lnp_atlas,392,C12-200,NCCN1CCN(CCN(CC(O)CCCCCCCCCCCC)CC(O)CCCCCCCCCCCC)CC1CN(CC(O)CCCCCCCCCCCC)CN(CC(O)CCCCCCCCCCCC)CC(O)CCCCCCCCCCCC,CCCCCCCCCCCCC(O)CN(CCN1CCN(CCN)C(CN(CC(O)CCCCCCCCCCCC)CN(CC(O)CCCCCCCCCCCC)CC(O)CCCCCCCCCCCC)C1)CC(O)CCCCCCCCCCCC,WZJASPMKFTYOPC-UHFFFAOYSA-N,False
lnp_atlas,393,C12-200,NCCN1CCN(CCN(CC(O)CCCCCCCCCCCC)CC(O)CCCCCCCCCCCC)CC1CN(CC(O)CCCCCCCCCCCC)CN(CC(O)CCCCCCCCCCCC)CC(O)CCCCCCCCCCCC,CCCCCCCCCCCCC(O)CN(CCN1CCN(CCN)C(CN(CC(O)CCCCCCCCCCCC)CN(CC(O)CCCCCCCCCCCC)CC(O)CCCCCCCCCCCC)C1)CC(O)CCCCCCCCCCCC,WZJASPMKFTYOPC-UHFFFAOYSA-N,False
lnp_atlas,394,C12-200,NCCN1CCN(CCN(CC(O)CCCCCCCCCCCC)CC(O)CCCCCCCCCCCC)CC1CN(CC(O)CCCCCCCCCCCC)CN(CC(O)CCCCCCCCCCCC)CC(O)CCCCCCCCCCCC,CCCCCCCCCCCCC(O)CN(CCN1CCN(CCN)C(CN(CC(O)CCCCCCCCCCCC)CN(CC(O)CCCCCCCCCCCC)CC(O)CCCCCCCCCCCC)C1)CC(O)CCCCCCCCCCCC,WZJASPMKFTYOPC-UHFFFAOYSA-N,False
lnp_atlas,443,OF-Deg-Lin,CCCCC/C=C\C/C=C\CCCCCCCC(=O)OCCN(CCOC(=O)CCCCCCC/C=C\C/C=C\CCCCC)CCCCC1NC(=O)C(NC1=O)CCCCN(CCOC(=O)CCCCCCC/C=C\C/C=C\CCCCC)CCOC(=O)CCCCCCC/C=C\C/C=C\CCCCC,CCCCC/C=C\C/C=C\CCCCCCCC(=O)OCCN(CCCCC1NC(=O)C(CCCCN(CCOC(=O)CCCCCCC/C=C\C/C=C\CCCCC)CCOC(=O)CCCCCCC/C=C\C/C=C\CCCCC)NC1=O)CCOC(=O)CCCCCCC/C=C\C/C=C\CCCCC,HAZAXVJMCWCIDS-RGLFHLPNSA-N,False
lnp_atlas,444,OF-Deg-Lin,CCCCC/C=C\C/C=C\CCCCCCCC(=O)OCCN(CCOC(=O)CCCCCCC/C=C\C/C=C\CCCCC)CCCCC1NC(=O)C(NC1=O)CCCCN(CCOC(=O)CCCCCCC/C=C\C/C=C\CCCCC)CCOC(=O)CCCCCCC/C=C\C/C=C\CCCCC,CCCCC/C=C\C/C=C\CCCCCCCC(=O)OCCN(CCCCC1NC(=O)C(CCCCN(CCOC(=O)CCCCCCC/C=C\C/C=C\CCCCC)CCOC(=O)CCCCCCC/C=C\C/C=C\CCCCC)NC1=O)CCOC(=O)CCCCCCC/C=C\C/C=C\CCCCC,HAZAXVJMCWCIDS-RGLFHLPNSA-N,False
lnp_atlas,445,OF-C4-Deg-Lin,CCCCC/C=C\C/C=C\CCCCCCCC(=O)OCCCCN(CCCCOC(=O)CCCCCCC/C=C\C/C=C\CCCCC)CCCC[C@@H]1NC(=O)[C@@H](NC1=O)CCCCN(CCCCOC(=O)CCCCCCC/C=C\C/C=C\CCCCC)CCCCOC(=O)CCCCCCC/C=C\C/C=C\CCCCC,CCCCC/C=C\C/C=C\CCCCCCCC(=O)OCCCCN(CCCCOC(=O)CCCCCCC/C=C\C/C=C\CCCCC)CCCC[C@@H]1NC(=O)[C@H](CCCCN(CCCCOC(=O)CCCCCCC/C=C\C/C=C\CCCCC)CCCCOC(=O)CCCCCCC/C=C\C/C=C\CCCCC)NC1=O,ZQXDXCNSODVUPG-ACIWIILCSA-N,True
lnp_atlas,446,OF-C4-Deg-Lin,CCCCC/C=C\C/C=C\CCCCCCCC(=O)OCCCCN(CCCCOC(=O)CCCCCCC/C=C\C/C=C\CCCCC)CCCC[C@@H]1NC(=O)[C@@H](NC1=O)CCCCN(CCCCOC(=O)CCCCCCC/C=C\C/C=C\CCCCC)CCCCOC(=O)CCCCCCC/C=C\C/C=C\CCCCC,CCCCC/C=C\C/C=C\CCCCCCCC(=O)OCCCCN(CCCCOC(=O)CCCCCCC/C=C\C/C=C\CCCCC)CCCC[C@@H]1NC(=O)[C@H](CCCCN(CCCCOC(=O)CCCCCCC/C=C\C/C=C\CCCCC)CCCCOC(=O)CCCCCCC/C=C\C/C=C\CCCCC)NC1=O,ZQXDXCNSODVUPG-ACIWIILCSA-N,False
lnp_atlas,449,OF-C4-Deg-Lin,CCCCC/C=C\C/C=C\CCCCCCCC(=O)OCCCCN(CCCCOC(=O)CCCCCCC/C=C\C/C=C\CCCCC)CCCC[C@@H]1NC(=O)[C@@H](NC1=O)CCCCN(CCCCOC(=O)CCCCCCC/C=C\C/C=C\CCCCC)CCCCOC(=O)CCCCCCC/C=C\C/C=C\CCCCC,CCCCC/C=C\C/C=C\CCCCCCCC(=O)OCCCCN(CCCCOC(=O)CCCCCCC/C=C\C/C=C\CCCCC)CCCC[C@@H]1NC(=O)[C@H](CCCCN(CCCCOC(=O)CCCCCCC/C=C\C/C=C\CCCCC)CCCCOC(=O)CCCCCCC/C=C\C/C=C\CCCCC)NC1=O,ZQXDXCNSODVUPG-ACIWIILCSA-N,False
lnp_atlas,450,C12-200,NCCN1CCN(CCN(CC(O)CCCCCCCCCCCC)CC(O)CCCCCCCCCCCC)CC1CN(CC(O)CCCCCCCCCCCC)CN(CC(O)CCCCCCCCCCCC)CC(O)CCCCCCCCCCCC,CCCCCCCCCCCCC(O)CN(CCN1CCN(CCN)C(CN(CC(O)CCCCCCCCCCCC)CN(CC(O)CCCCCCCCCCCC)CC(O)CCCCCCCCCCCC)C1)CC(O)CCCCCCCCCCCC,WZJASPMKFTYOPC-UHFFFAOYSA-N,False
lnp_atlas,451,C12-200,NCCN1CCN(CCN(CC(O)CCCCCCCCCCCC)CC(O)CCCCCCCCCCCC)CC1CN(CC(O)CCCCCCCCCCCC)CN(CC(O)CCCCCCCCCCCC)CC(O)CCCCCCCCCCCC,CCCCCCCCCCCCC(O)CN(CCN1CCN(CCN)C(CN(CC(O)CCCCCCCCCCCC)CN(CC(O)CCCCCCCCCCCC)CC(O)CCCCCCCCCCCC)C1)CC(O)CCCCCCCCCCCC,WZJASPMKFTYOPC-UHFFFAOYSA-N,False
lnp_atlas,452,C12-200,NCCN1CCN(CCN(CC(O)CCCCCCCCCCCC)CC(O)CCCCCCCCCCCC)CC1CN(CC(O)CCCCCCCCCCCC)CN(CC(O)CCCCCCCCCCCC)CC(O)CCCCCCCCCCCC,CCCCCCCCCCCCC(O)CN(CCN1CCN(CCN)C(CN(CC(O)CCCCCCCCCCCC)CN(CC(O)CCCCCCCCCCCC)CC(O)CCCCCCCCCCCC)C1)CC(O)CCCCCCCCCCCC,WZJASPMKFTYOPC-UHFFFAOYSA-N,False
lnp_atlas,453,C12-200,NCCN1CCN(CCN(CC(O)CCCCCCCCCCCC)CC(O)CCCCCCCCCCCC)CC1CN(CC(O)CCCCCCCCCCCC)CN(CC(O)CCCCCCCCCCCC)CC(O)CCCCCCCCCCCC,CCCCCCCCCCCCC(O)CN(CCN1CCN(CCN)C(CN(CC(O)CCCCCCCCCCCC)CN(CC(O)CCCCCCCCCCCC)CC(O)CCCCCCCCCCCC)C1)CC(O)CCCCCCCCCCCC,WZJASPMKFTYOPC-UHFFFAOYSA-N,False
lnp_atlas,454,C12-200,NCCN1CCN(CCN(CC(O)CCCCCCCCCCCC)CC(O)CCCCCCCCCCCC)CC1CN(CC(O)CCCCCCCCCCCC)CN(CC(O)CCCCCCCCCCCC)CC(O)CCCCCCCCCCCC,CCCCCCCCCCCCC(O)CN(CCN1CCN(CCN)C(CN(CC(O)CCCCCCCCCCCC)CN(CC(O)CCCCCCCCCCCC)CC(O)CCCCCCCCCCCC)C1)CC(O)CCCCCCCCCCCC,WZJASPMKFTYOPC-UHFFFAOYSA-N,False
lnp_atlas,455,C12-200,NCCN1CCN(CCN(CC(O)CCCCCCCCCCCC)CC(O)CCCCCCCCCCCC)CC1CN(CC(O)CCCCCCCCCCCC)CN(CC(O)CCCCCCCCCCCC)CC(O)CCCCCCCCCCCC,CCCCCCCCCCCCC(O)CN(CCN1CCN(CCN)C(CN(CC(O)CCCCCCCCCCCC)CN(CC(O)CCCCCCCCCCCC)CC(O)CCCCCCCCCCCC)C1)CC(O)CCCCCCCCCCCC,WZJASPMKFTYOPC-UHFFFAOYSA-N,False
lnp_atlas,456,C12-200,NCCN1CCN(CCN(CC(O)CCCCCCCCCCCC)CC(O)CCCCCCCCCCCC)CC1CN(CC(O)CCCCCCCCCCCC)CN(CC(O)CCCCCCCCCCCC)CC(O)CCCCCCCCCCCC,CCCCCCCCCCCCC(O)CN(CCN1CCN(CCN)C(CN(CC(O)CCCCCCCCCCCC)CN(CC(O)CCCCCCCCCCCC)CC(O)CCCCCCCCCCCC)C1)CC(O)CCCCCCCCCCCC,WZJASPMKFTYOPC-UHFFFAOYSA-N,False
lnp_atlas,457,C12-200,NCCN1CCN(CCN(CC(O)CCCCCCCCCCCC)CC(O)CCCCCCCCCCCC)CC1CN(CC(O)CCCCCCCCCCCC)CN(CC(O)CCCCCCCCCCCC)CC(O)CCCCCCCCCCCC,CCCCCCCCCCCCC(O)CN(CCN1CCN(CCN)C(CN(CC(O)CCCCCCCCCCCC)CN(CC(O)CCCCCCCCCCCC)CC(O)CCCCCCCCCCCC)C1)CC(O)CCCCCCCCCCCC,WZJASPMKFTYOPC-UHFFFAOYSA-N,False
lnp_atlas,458,C12-200,NCCN1CCN(CCN(CC(O)CCCCCCCCCCCC)CC(O)CCCCCCCCCCCC)CC1CN(CC(O)CCCCCCCCCCCC)CN(CC(O)CCCCCCCCCCCC)CC(O)CCCCCCCCCCCC,CCCCCCCCCCCCC(O)CN(CCN1CCN(CCN)C(CN(CC(O)CCCCCCCCCCCC)CN(CC(O)CCCCCCCCCCCC)CC(O)CCCCCCCCCCCC)C1)CC(O)CCCCCCCCCCCC,WZJASPMKFTYOPC-UHFFFAOYSA-N,False
lnp_atlas,459,C12-200,NCCN1CCN(CCN(CC(O)CCCCCCCCCCCC)CC(O)CCCCCCCCCCCC)CC1CN(CC(O)CCCCCCCCCCCC)CN(CC(O)CCCCCCCCCCCC)CC(O)CCCCCCCCCCCC,CCCCCCCCCCCCC(O)CN(CCN1CCN(CCN)C(CN(CC(O)CCCCCCCCCCCC)CN(CC(O)CCCCCCCCCCCC)CC(O)CCCCCCCCCCCC)C1)CC(O)CCCCCCCCCCCC,WZJASPMKFTYOPC-UHFFFAOYSA-N,False
lnp_atlas,460,C12-200,NCCN1CCN(CCN(CC(O)CCCCCCCCCCCC)CC(O)CCCCCCCCCCCC)CC1CN(CC(O)CCCCCCCCCCCC)CN(CC(O)CCCCCCCCCCCC)CC(O)CCCCCCCCCCCC,CCCCCCCCCCCCC(O)CN(CCN1CCN(CCN)C(CN(CC(O)CCCCCCCCCCCC)CN(CC(O)CCCCCCCCCCCC)CC(O)CCCCCCCCCCCC)C1)CC(O)CCCCCCCCCCCC,WZJASPMKFTYOPC-UHFFFAOYSA-N,False
lnp_atlas,461,C12-200,NCCN1CCN(CCN(CC(O)CCCCCCCCCCCC)CC(O)CCCCCCCCCCCC)CC1CN(CC(O)CCCCCCCCCCCC)CN(CC(O)CCCCCCCCCCCC)CC(O)CCCCCCCCCCCC,CCCCCCCCCCCCC(O)CN(CCN1CCN(CCN)C(CN(CC(O)CCCCCCCCCCCC)CN(CC(O)CCCCCCCCCCCC)CC(O)CCCCCCCCCCCC)C1)CC(O)CCCCCCCCCCCC,WZJASPMKFTYOPC-UHFFFAOYSA-N,False
lnp_atlas,462,C12-200,NCCN1CCN(CCN(CC(O)CCCCCCCCCCCC)CC(O)CCCCCCCCCCCC)CC1CN(CC(O)CCCCCCCCCCCC)CN(CC(O)CCCCCCCCCCCC)CC(O)CCCCCCCCCCCC,CCCCCCCCCCCCC(O)CN(CCN1CCN(CCN)C(CN(CC(O)CCCCCCCCCCCC)CN(CC(O)CCCCCCCCCCCC)CC(O)CCCCCCCCCCCC)C1)CC(O)CCCCCCCCCCCC,WZJASPMKFTYOPC-UHFFFAOYSA-N,False
lnp_atlas,463,C12-200,NCCN1CCN(CCN(CC(O)CCCCCCCCCCCC)CC(O)CCCCCCCCCCCC)CC1CN(CC(O)CCCCCCCCCCCC)CN(CC(O)CCCCCCCCCCCC)CC(O)CCCCCCCCCCCC,CCCCCCCCCCCCC(O)CN(CCN1CCN(CCN)C(CN(CC(O)CCCCCCCCCCCC)CN(CC(O)CCCCCCCCCCCC)CC(O)CCCCCCCCCCCC)C1)CC(O)CCCCCCCCCCCC,WZJASPMKFTYOPC-UHFFFAOYSA-N,False
lnp_atlas,464,C12-200,NCCN1CCN(CCN(CC(O)CCCCCCCCCCCC)CC(O)CCCCCCCCCCCC)CC1CN(CC(O)CCCCCCCCCCCC)CN(CC(O)CCCCCCCCCCCC)CC(O)CCCCCCCCCCCC,CCCCCCCCCCCCC(O)CN(CCN1CCN(CCN)C(CN(CC(O)CCCCCCCCCCCC)CN(CC(O)CCCCCCCCCCCC)CC(O)CCCCCCCCCCCC)C1)CC(O)CCCCCCCCCCCC,WZJASPMKFTYOPC-UHFFFAOYSA-N,False
lnp_atlas,465,C12-200,NCCN1CCN(CCN(CC(O)CCCCCCCCCCCC)CC(O)CCCCCCCCCCCC)CC1CN(CC(O)CCCCCCCCCCCC)CN(CC(O)CCCCCCCCCCCC)CC(O)CCCCCCCCCCCC,CCCCCCCCCCCCC(O)CN(CCN1CCN(CCN)C(CN(CC(O)CCCCCCCCCCCC)CN(CC(O)CCCCCCCCCCCC)CC(O)CCCCCCCCCCCC)C1)CC(O)CCCCCCCCCCCC,WZJASPMKFTYOPC-UHFFFAOYSA-N,False
lnp_atlas,475,SM-102,CCCCCCCCCCCOC(=O)CCCCCN(CCCCCCCC(=O)OC(CCCCCCCC)CCCCCCCC)CCO,CCCCCCCCCCCOC(=O)CCCCCN(CCO)CCCCCCCC(=O)OC(CCCCCCCC)CCCCCCCC,BGNVBNJYBVCBJH-UHFFFAOYSA-N,False
lnp_atlas,476,OF-02,CCCCC/C=C\C/C=C\CCCCCCC(O)CN(CC(O)CCCCCC/C=C\C/C=C\CCCCC)CCCCC1NC(=O)C(NC1=O)CCCCN(CC(O)CCCCCC/C=C\C/C=C\CCCCC)CC(O)CCCCCC/C=C\C/C=C\CCCCC,CCCCC/C=C\C/C=C\CCCCCCC(O)CN(CCCCC1NC(=O)C(CCCCN(CC(O)CCCCCC/C=C\C/C=C\CCCCC)CC(O)CCCCCC/C=C\C/C=C\CCCCC)NC1=O)CC(O)CCCCCC/C=C\C/C=C\CCCCC,UMSCHHWDFWCONK-RGLFHLPNSA-N,False
lnp_atlas,477,OF-02,CCCCC/C=C\C/C=C\CCCCCCC(O)CN(CC(O)CCCCCC/C=C\C/C=C\CCCCC)CCCCC1NC(=O)C(NC1=O)CCCCN(CC(O)CCCCCC/C=C\C/C=C\CCCCC)CC(O)CCCCCC/C=C\C/C=C\CCCCC,CCCCC/C=C\C/C=C\CCCCCCC(O)CN(CCCCC1NC(=O)C(CCCCN(CC(O)CCCCCC/C=C\C/C=C\CCCCC)CC(O)CCCCCC/C=C\C/C=C\CCCCC)NC1=O)CC(O)CCCCCC/C=C\C/C=C\CCCCC,UMSCHHWDFWCONK-RGLFHLPNSA-N,False
lnp_atlas,478,OF-02,CCCCC/C=C\C/C=C\CCCCCCC(O)CN(CC(O)CCCCCC/C=C\C/C=C\CCCCC)CCCCC1NC(=O)C(NC1=O)CCCCN(CC(O)CCCCCC/C=C\C/C=C\CCCCC)CC(O)CCCCCC/C=C\C/C=C\CCCCC,CCCCC/C=C\C/C=C\CCCCCCC(O)CN(CCCCC1NC(=O)C(CCCCN(CC(O)CCCCCC/C=C\C/C=C\CCCCC)CC(O)CCCCCC/C=C\C/C=C\CCCCC)NC1=O)CC(O)CCCCCC/C=C\C/C=C\CCCCC,UMSCHHWDFWCONK-RGLFHLPNSA-N,False
lnp_atlas,479,OF-02,CCCCC/C=C\C/C=C\CCCCCCC(O)CN(CC(O)CCCCCC/C=C\C/C=C\CCCCC)CCCCC1NC(=O)C(NC1=O)CCCCN(CC(O)CCCCCC/C=C\C/C=C\CCCCC)CC(O)CCCCCC/C=C\C/C=C\CCCCC,CCCCC/C=C\C/C=C\CCCCCCC(O)CN(CCCCC1NC(=O)C(CCCCN(CC(O)CCCCCC/C=C\C/C=C\CCCCC)CC(O)CCCCCC/C=C\C/C=C\CCCCC)NC1=O)CC(O)CCCCCC/C=C\C/C=C\CCCCC,UMSCHHWDFWCONK-RGLFHLPNSA-N,False
lnp_atlas,480,OF-02,CCCCC/C=C\C/C=C\CCCCCCC(O)CN(CC(O)CCCCCC/C=C\C/C=C\CCCCC)CCCCC1NC(=O)C(NC1=O)CCCCN(CC(O)CCCCCC/C=C\C/C=C\CCCCC)CC(O)CCCCCC/C=C\C/C=C\CCCCC,CCCCC/C=C\C/C=C\CCCCCCC(O)CN(CCCCC1NC(=O)C(CCCCN(CC(O)CCCCCC/C=C\C/C=C\CCCCC)CC(O)CCCCCC/C=C\C/C=C\CCCCC)NC1=O)CC(O)CCCCCC/C=C\C/C=C\CCCCC,UMSCHHWDFWCONK-RGLFHLPNSA-N,False
lnp_atlas,481,OF-02,CCCCC/C=C\C/C=C\CCCCCCC(O)CN(CC(O)CCCCCC/C=C\C/C=C\CCCCC)CCCCC1NC(=O)C(NC1=O)CCCCN(CC(O)CCCCCC/C=C\C/C=C\CCCCC)CC(O)CCCCCC/C=C\C/C=C\CCCCC,CCCCC/C=C\C/C=C\CCCCCCC(O)CN(CCCCC1NC(=O)C(CCCCN(CC(O)CCCCCC/C=C\C/C=C\CCCCC)CC(O)CCCCCC/C=C\C/C=C\CCCCC)NC1=O)CC(O)CCCCCC/C=C\C/C=C\CCCCC,UMSCHHWDFWCONK-RGLFHLPNSA-N,False
lnp_atlas,482,OF-02,CCCCC/C=C\C/C=C\CCCCCCC(O)CN(CC(O)CCCCCC/C=C\C/C=C\CCCCC)CCCCC1NC(=O)C(NC1=O)CCCCN(CC(O)CCCCCC/C=C\C/C=C\CCCCC)CC(O)CCCCCC/C=C\C/C=C\CCCCC,CCCCC/C=C\C/C=C\CCCCCCC(O)CN(CCCCC1NC(=O)C(CCCCN(CC(O)CCCCCC/C=C\C/C=C\CCCCC)CC(O)CCCCCC/C=C\C/C=C\CCCCC)NC1=O)CC(O)CCCCCC/C=C\C/C=C\CCCCC,UMSCHHWDFWCONK-RGLFHLPNSA-N,False
lnp_atlas,483,OF-02,CCCCC/C=C\C/C=C\CCCCCCC(O)CN(CC(O)CCCCCC/C=C\C/C=C\CCCCC)CCCCC1NC(=O)C(NC1=O)CCCCN(CC(O)CCCCCC/C=C\C/C=C\CCCCC)CC(O)CCCCCC/C=C\C/C=C\CCCCC,CCCCC/C=C\C/C=C\CCCCCCC(O)CN(CCCCC1NC(=O)C(CCCCN(CC(O)CCCCCC/C=C\C/C=C\CCCCC)CC(O)CCCCCC/C=C\C/C=C\CCCCC)NC1=O)CC(O)CCCCCC/C=C\C/C=C\CCCCC,UMSCHHWDFWCONK-RGLFHLPNSA-N,False
lnp_atlas,484,OF-02,CCCCC/C=C\C/C=C\CCCCCCC(O)CN(CC(O)CCCCCC/C=C\C/C=C\CCCCC)CCCCC1NC(=O)C(NC1=O)CCCCN(CC(O)CCCCCC/C=C\C/C=C\CCCCC)CC(O)CCCCCC/C=C\C/C=C\CCCCC,CCCCC/C=C\C/C=C\CCCCCCC(O)CN(CCCCC1NC(=O)C(CCCCN(CC(O)CCCCCC/C=C\C/C=C\CCCCC)CC(O)CCCCCC/C=C\C/C=C\CCCCC)NC1=O)CC(O)CCCCCC/C=C\C/C=C\CCCCC,UMSCHHWDFWCONK-RGLFHLPNSA-N,False
lnp_atlas,485,OF-02,CCCCC/C=C\C/C=C\CCCCCCC(O)CN(CC(O)CCCCCC/C=C\C/C=C\CCCCC)CCCCC1NC(=O)C(NC1=O)CCCCN(CC(O)CCCCCC/C=C\C/C=C\CCCCC)CC(O)CCCCCC/C=C\C/C=C\CCCCC,CCCCC/C=C\C/C=C\CCCCCCC(O)CN(CCCCC1NC(=O)C(CCCCN(CC(O)CCCCCC/C=C\C/C=C\CCCCC)CC(O)CCCCCC/C=C\C/C=C\CCCCC)NC1=O)CC(O)CCCCCC/C=C\C/C=C\CCCCC,UMSCHHWDFWCONK-RGLFHLPNSA-N,False
lnp_atlas,486,OF-02,CCCCC/C=C\C/C=C\CCCCCCC(O)CN(CC(O)CCCCCC/C=C\C/C=C\CCCCC)CCCCC1NC(=O)C(NC1=O)CCCCN(CC(O)CCCCCC/C=C\C/C=C\CCCCC)CC(O)CCCCCC/C=C\C/C=C\CCCCC,CCCCC/C=C\C/C=C\CCCCCCC(O)CN(CCCCC1NC(=O)C(CCCCN(CC(O)CCCCCC/C=C\C/C=C\CCCCC)CC(O)CCCCCC/C=C\C/C=C\CCCCC)NC1=O)CC(O)CCCCCC/C=C\C/C=C\CCCCC,UMSCHHWDFWCONK-RGLFHLPNSA-N,False
lnp_atlas,487,OF-02,CCCCC/C=C\C/C=C\CCCCCCC(O)CN(CC(O)CCCCCC/C=C\C/C=C\CCCCC)CCCCC1NC(=O)C(NC1=O)CCCCN(CC(O)CCCCCC/C=C\C/C=C\CCCCC)CC(O)CCCCCC/C=C\C/C=C\CCCCC,CCCCC/C=C\C/C=C\CCCCCCC(O)CN(CCCCC1NC(=O)C(CCCCN(CC(O)CCCCCC/C=C\C/C=C\CCCCC)CC(O)CCCCCC/C=C\C/C=C\CCCCC)NC1=O)CC(O)CCCCCC/C=C\C/C=C\CCCCC,UMSCHHWDFWCONK-RGLFHLPNSA-N,False
lnp_atlas,488,OF-02,CCCCC/C=C\C/C=C\CCCCCCC(O)CN(CC(O)CCCCCC/C=C\C/C=C\CCCCC)CCCCC1NC(=O)C(NC1=O)CCCCN(CC(O)CCCCCC/C=C\C/C=C\CCCCC)CC(O)CCCCCC/C=C\C/C=C\CCCCC,CCCCC/C=C\C/C=C\CCCCCCC(O)CN(CCCCC1NC(=O)C(CCCCN(CC(O)CCCCCC/C=C\C/C=C\CCCCC)CC(O)CCCCCC/C=C\C/C=C\CCCCC)NC1=O)CC(O)CCCCCC/C=C\C/C=C\CCCCC,UMSCHHWDFWCONK-RGLFHLPNSA-N,False
lnp_atlas,489,OF-02,CCCCC/C=C\C/C=C\CCCCCCC(O)CN(CC(O)CCCCCC/C=C\C/C=C\CCCCC)CCCCC1NC(=O)C(NC1=O)CCCCN(CC(O)CCCCCC/C=C\C/C=C\CCCCC)CC(O)CCCCCC/C=C\C/C=C\CCCCC,CCCCC/C=C\C/C=C\CCCCCCC(O)CN(CCCCC1NC(=O)C(CCCCN(CC(O)CCCCCC/C=C\C/C=C\CCCCC)CC(O)CCCCCC/C=C\C/C=C\CCCCC)NC1=O)CC(O)CCCCCC/C=C\C/C=C\CCCCC,UMSCHHWDFWCONK-RGLFHLPNSA-N,False
lnp_atlas,490,OF-02,CCCCC/C=C\C/C=C\CCCCCCC(O)CN(CC(O)CCCCCC/C=C\C/C=C\CCCCC)CCCCC1NC(=O)C(NC1=O)CCCCN(CC(O)CCCCCC/C=C\C/C=C\CCCCC)CC(O)CCCCCC/C=C\C/C=C\CCCCC,CCCCC/C=C\C/C=C\CCCCCCC(O)CN(CCCCC1NC(=O)C(CCCCN(CC(O)CCCCCC/C=C\C/C=C\CCCCC)CC(O)CCCCCC/C=C\C/C=C\CCCCC)NC1=O)CC(O)CCCCCC/C=C\C/C=C\CCCCC,UMSCHHWDFWCONK-RGLFHLPNSA-N,False
lnp_atlas,491,OF-02,CCCCC/C=C\C/C=C\CCCCCCC(O)CN(CC(O)CCCCCC/C=C\C/C=C\CCCCC)CCCCC1NC(=O)C(NC1=O)CCCCN(CC(O)CCCCCC/C=C\C/C=C\CCCCC)CC(O)CCCCCC/C=C\C/C=C\CCCCC,CCCCC/C=C\C/C=C\CCCCCCC(O)CN(CCCCC1NC(=O)C(CCCCN(CC(O)CCCCCC/C=C\C/C=C\CCCCC)CC(O)CCCCCC/C=C\C/C=C\CCCCC)NC1=O)CC(O)CCCCCC/C=C\C/C=C\CCCCC,UMSCHHWDFWCONK-RGLFHLPNSA-N,False
lnp_atlas,492,OF-02,CCCCC/C=C\C/C=C\CCCCCCC(O)CN(CC(O)CCCCCC/C=C\C/C=C\CCCCC)CCCCC1NC(=O)C(NC1=O)CCCCN(CC(O)CCCCCC/C=C\C/C=C\CCCCC)CC(O)CCCCCC/C=C\C/C=C\CCCCC,CCCCC/C=C\C/C=C\CCCCCCC(O)CN(CCCCC1NC(=O)C(CCCCN(CC(O)CCCCCC/C=C\C/C=C\CCCCC)CC(O)CCCCCC/C=C\C/C=C\CCCCC)NC1=O)CC(O)CCCCCC/C=C\C/C=C\CCCCC,UMSCHHWDFWCONK-RGLFHLPNSA-N,False
lnp_atlas,493,OF-02,CCCCC/C=C\C/C=C\CCCCCCC(O)CN(CC(O)CCCCCC/C=C\C/C=C\CCCCC)CCCCC1NC(=O)C(NC1=O)CCCCN(CC(O)CCCCCC/C=C\C/C=C\CCCCC)CC(O)CCCCCC/C=C\C/C=C\CCCCC,CCCCC/C=C\C/C=C\CCCCCCC(O)CN(CCCCC1NC(=O)C(CCCCN(CC(O)CCCCCC/C=C\C/C=C\CCCCC)CC(O)CCCCCC/C=C\C/C=C\CCCCC)NC1=O)CC(O)CCCCCC/C=C\C/C=C\CCCCC,UMSCHHWDFWCONK-RGLFHLPNSA-N,False
lnp_atlas,494,OF-02,CCCCC/C=C\C/C=C\CCCCCCC(O)CN(CC(O)CCCCCC/C=C\C/C=C\CCCCC)CCCCC1NC(=O)C(NC1=O)CCCCN(CC(O)CCCCCC/C=C\C/C=C\CCCCC)CC(O)CCCCCC/C=C\C/C=C\CCCCC,CCCCC/C=C\C/C=C\CCCCCCC(O)CN(CCCCC1NC(=O)C(CCCCN(CC(O)CCCCCC/C=C\C/C=C\CCCCC)CC(O)CCCCCC/C=C\C/C=C\CCCCC)NC1=O)CC(O)CCCCCC/C=C\C/C=C\CCCCC,UMSCHHWDFWCONK-RGLFHLPNSA-N,False
lnp_atlas,495,OF-02,CCCCC/C=C\C/C=C\CCCCCCC(O)CN(CC(O)CCCCCC/C=C\C/C=C\CCCCC)CCCCC1NC(=O)C(NC1=O)CCCCN(CC(O)CCCCCC/C=C\C/C=C\CCCCC)CC(O)CCCCCC/C=C\C/C=C\CCCCC,CCCCC/C=C\C/C=C\CCCCCCC(O)CN(CCCCC1NC(=O)C(CCCCN(CC(O)CCCCCC/C=C\C/C=C\CCCCC)CC(O)CCCCCC/C=C\C/C=C\CCCCC)NC1=O)CC(O)CCCCCC/C=C\C/C=C\CCCCC,UMSCHHWDFWCONK-RGLFHLPNSA-N,False
lnp_atlas,496,OF-02,CCCCC/C=C\C/C=C\CCCCCCC(O)CN(CC(O)CCCCCC/C=C\C/C=C\CCCCC)CCCCC1NC(=O)C(NC1=O)CCCCN(CC(O)CCCCCC/C=C\C/C=C\CCCCC)CC(O)CCCCCC/C=C\C/C=C\CCCCC,CCCCC/C=C\C/C=C\CCCCCCC(O)CN(CCCCC1NC(=O)C(CCCCN(CC(O)CCCCCC/C=C\C/C=C\CCCCC)CC(O)CCCCCC/C=C\C/C=C\CCCCC)NC1=O)CC(O)CCCCCC/C=C\C/C=C\CCCCC,UMSCHHWDFWCONK-RGLFHLPNSA-N,False
lnp_atlas,497,OF-02,CCCCC/C=C\C/C=C\CCCCCCC(O)CN(CC(O)CCCCCC/C=C\C/C=C\CCCCC)CCCCC1NC(=O)C(NC1=O)CCCCN(CC(O)CCCCCC/C=C\C/C=C\CCCCC)CC(O)CCCCCC/C=C\C/C=C\CCCCC,CCCCC/C=C\C/C=C\CCCCCCC(O)CN(CCCCC1NC(=O)C(CCCCN(CC(O)CCCCCC/C=C\C/C=C\CCCCC)CC(O)CCCCCC/C=C\C/C=C\CCCCC)NC1=O)CC(O)CCCCCC/C=C\C/C=C\CCCCC,UMSCHHWDFWCONK-RGLFHLPNSA-N,False
lnp_atlas,498,OF-02,CCCCC/C=C\C/C=C\CCCCCCC(O)CN(CC(O)CCCCCC/C=C\C/C=C\CCCCC)CCCCC1NC(=O)C(NC1=O)CCCCN(CC(O)CCCCCC/C=C\C/C=C\CCCCC)CC(O)CCCCCC/C=C\C/C=C\CCCCC,CCCCC/C=C\C/C=C\CCCCCCC(O)CN(CCCCC1NC(=O)C(CCCCN(CC(O)CCCCCC/C=C\C/C=C\CCCCC)CC(O)CCCCCC/C=C\C/C=C\CCCCC)NC1=O)CC(O)CCCCCC/C=C\C/C=C\CCCCC,UMSCHHWDFWCONK-RGLFHLPNSA-N,False
lnp_atlas,499,OF-02,CCCCC/C=C\C/C=C\CCCCCCC(O)CN(CC(O)CCCCCC/C=C\C/C=C\CCCCC)CCCCC1NC(=O)C(NC1=O)CCCCN(CC(O)CCCCCC/C=C\C/C=C\CCCCC)CC(O)CCCCCC/C=C\C/C=C\CCCCC,CCCCC/C=C\C/C=C\CCCCCCC(O)CN(CCCCC1NC(=O)C(CCCCN(CC(O)CCCCCC/C=C\C/C=C\CCCCC)CC(O)CCCCCC/C=C\C/C=C\CCCCC)NC1=O)CC(O)CCCCCC/C=C\C/C=C\CCCCC,UMSCHHWDFWCONK-RGLFHLPNSA-N,False
lnp_atlas,500,OF-02,CCCCC/C=C\C/C=C\CCCCCCC(O)CN(CC(O)CCCCCC/C=C\C/C=C\CCCCC)CCCCC1NC(=O)C(NC1=O)CCCCN(CC(O)CCCCCC/C=C\C/C=C\CCCCC)CC(O)CCCCCC/C=C\C/C=C\CCCCC,CCCCC/C=C\C/C=C\CCCCCCC(O)CN(CCCCC1NC(=O)C(CCCCN(CC(O)CCCCCC/C=C\C/C=C\CCCCC)CC(O)CCCCCC/C=C\C/C=C\CCCCC)NC1=O)CC(O)CCCCCC/C=C\C/C=C\CCCCC,UMSCHHWDFWCONK-RGLFHLPNSA-N,False
lnp_atlas,501,DLin-MC3-DMA (MC3),CCCCC/C=C\C/C=C\CCCCCCCCC(OC(=O)CCCN(C)C)CCCCCCCC/C=C\C/C=C\CCCCC,CCCCC/C=C\C/C=C\CCCCCCCCC(CCCCCCCC/C=C\C/C=C\CCCCC)OC(=O)CCCN(C)C,NRLNQCOGCKAESA-KWXKLSQISA-N,False
lnp_atlas,502,DLin-MC3-DMA (MC3),CCCCC/C=C\C/C=C\CCCCCCCCC(OC(=O)CCCN(C)C)CCCCCCCC/C=C\C/C=C\CCCCC,CCCCC/C=C\C/C=C\CCCCCCCCC(CCCCCCCC/C=C\C/C=C\CCCCC)OC(=O)CCCN(C)C,NRLNQCOGCKAESA-KWXKLSQISA-N,False
lnp_atlas,503,DLin-MC3-DMA (MC3),CCCCC/C=C\C/C=C\CCCCCCCCC(OC(=O)CCCN(C)C)CCCCCCCC/C=C\C/C=C\CCCCC,CCCCC/C=C\C/C=C\CCCCCCCCC(CCCCCCCC/C=C\C/C=C\CCCCC)OC(=O)CCCN(C)C,NRLNQCOGCKAESA-KWXKLSQISA-N,False
lnp_atlas,504,DLin-KC2-DMA (KC2),CCCCC/C=C\C/C=C\CCCCCCCCC1(OC(CO1)CCN(C)C)CCCCCCCC/C=C\C/C=C\CCCCC,CCCCC/C=C\C/C=C\CCCCCCCCC1(CCCCCCCC/C=C\C/C=C\CCCCC)OCC(CCN(C)C)O1,LRFJOIPOPUJUMI-KWXKLSQISA-N,False
lnp_atlas,505,DLin-KC2-DMA (KC2),CCCCC/C=C\C/C=C\CCCCCCCCC1(OC(CO1)CCN(C)C)CCCCCCCC/C=C\C/C=C\CCCCC,CCCCC/C=C\C/C=C\CCCCCCCCC1(CCCCCCCC/C=C\C/C=C\CCCCC)OCC(CCN(C)C)O1,LRFJOIPOPUJUMI-KWXKLSQISA-N,False
lnp_atlas,506,DLin-KC2-DMA (KC2),CCCCC/C=C\C/C=C\CCCCCCCCC1(OC(CO1)CCN(C)C)CCCCCCCC/C=C\C/C=C\CCCCC,CCCCC/C=C\C/C=C\CCCCCCCCC1(CCCCCCCC/C=C\C/C=C\CCCCC)OCC(CCN(C)C)O1,LRFJOIPOPUJUMI-KWXKLSQISA-N,False
lnp_atlas,507,DLin-MC3-DMA (MC3),CCCCC/C=C\C/C=C\CCCCCCCCC(OC(=O)CCCN(C)C)CCCCCCCC/C=C\C/C=C\CCCCC,CCCCC/C=C\C/C=C\CCCCCCCCC(CCCCCCCC/C=C\C/C=C\CCCCC)OC(=O)CCCN(C)C,NRLNQCOGCKAESA-KWXKLSQISA-N,False
lnp_atlas,508,DLin-KC2-DMA (KC2),CCCCC/C=C\C/C=C\CCCCCCCCC1(OC(CO1)CCN(C)C)CCCCCCCC/C=C\C/C=C\CCCCC,CCCCC/C=C\C/C=C\CCCCCCCCC1(CCCCCCCC/C=C\C/C=C\CCCCC)OCC(CCN(C)C)O1,LRFJOIPOPUJUMI-KWXKLSQISA-N,False
lnp_atlas,509,SM-102,CCCCCCCCCCCOC(=O)CCCCCN(CCCCCCCC(=O)OC(CCCCCCCC)CCCCCCCC)CCO,CCCCCCCCCCCOC(=O)CCCCCN(CCO)CCCCCCCC(=O)OC(CCCCCCCC)CCCCCCCC,BGNVBNJYBVCBJH-UHFFFAOYSA-N,False
lnp_atlas,510,SM-102,CCCCCCCCCCCOC(=O)CCCCCN(CCCCCCCC(=O)OC(CCCCCCCC)CCCCCCCC)CCO,CCCCCCCCCCCOC(=O)CCCCCN(CCO)CCCCCCCC(=O)OC(CCCCCCCC)CCCCCCCC,BGNVBNJYBVCBJH-UHFFFAOYSA-N,False
lnp_atlas,511,244-cis,CCCCCC/C=C\COC(=O)CCCCCCCCN1CCN(CC1)CCN(CCCCCCCCC(=O)OC/C=C\CCCCCC)CCCCCCCCC(=O)OC/C=C\CCCCCC,CCCCCC/C=C\COC(=O)CCCCCCCCN(CCCCCCCCC(=O)OC/C=C\CCCCCC)CCN1CCN(CCCCCCCCC(=O)OC/C=C\CCCCCC)CC1,LLTJKESWTCPZGG-IHTYGJSSSA-N,True
lnp_atlas,512,244-cis,CCCCCC/C=C\COC(=O)CCCCCCCCN1CCN(CC1)CCN(CCCCCCCCC(=O)OC/C=C\CCCCCC)CCCCCCCCC(=O)OC/C=C\CCCCCC,CCCCCC/C=C\COC(=O)CCCCCCCCN(CCCCCCCCC(=O)OC/C=C\CCCCCC)CCN1CCN(CCCCCCCCC(=O)OC/C=C\CCCCCC)CC1,LLTJKESWTCPZGG-IHTYGJSSSA-N,False
lnp_atlas,513,244-cis,CCCCCC/C=C\COC(=O)CCCCCCCCN1CCN(CC1)CCN(CCCCCCCCC(=O)OC/C=C\CCCCCC)CCCCCCCCC(=O)OC/C=C\CCCCCC,CCCCCC/C=C\COC(=O)CCCCCCCCN(CCCCCCCCC(=O)OC/C=C\CCCCCC)CCN1CCN(CCCCCCCCC(=O)OC/C=C\CCCCCC)CC1,LLTJKESWTCPZGG-IHTYGJSSSA-N,False
lnp_atlas,514,244-cis,CCCCCC/C=C\COC(=O)CCCCCCCCN1CCN(CC1)CCN(CCCCCCCCC(=O)OC/C=C\CCCCCC)CCCCCCCCC(=O)OC/C=C\CCCCCC,CCCCCC/C=C\COC(=O)CCCCCCCCN(CCCCCCCCC(=O)OC/C=C\CCCCCC)CCN1CCN(CCCCCCCCC(=O)OC/C=C\CCCCCC)CC1,LLTJKESWTCPZGG-IHTYGJSSSA-N,False
lnp_atlas,515,Heptadecan-9-yl 8-((2-hydroxyethyl)(8-(nonyloxy)-8-oxooctyl)amino)octanoate,CCCCCCCCCOC(=O)CCCCCCCN(CCCCCCCC(=O)OC(CCCCCCCC)CCCCCCCC)CCO,CCCCCCCCCOC(=O)CCCCCCCN(CCO)CCCCCCCC(=O)OC(CCCCCCCC)CCCCCCCC,ABCVHPIKBGRCJA-UHFFFAOYSA-N,False
lnp_atlas,516,Heptadecan-9-yl 8-((3-hydroxypropyl)(8-(nonyloxy)-8-oxooctyl)amino)octanoate,CCCCCCCCCOC(=O)CCCCCCCN(CCCCCCCC(=O)OC(CCCCCCCC)CCCCCCCC)CCCO,CCCCCCCCCOC(=O)CCCCCCCN(CCCO)CCCCCCCC(=O)OC(CCCCCCCC)CCCCCCCC,DSNJXBBGALIZJN-UHFFFAOYSA-N,True
lnp_atlas,517,Heptadecan-9-yl 8-((4-hydroxybutyl)(8-(nonyloxy)-8-oxooctyl)amino)octanoate,CCCCCCCCC(CCCCCCCC)OC(=O)CCCCCCCN(CCCCO)CCCCCCCC(=O)OCCCCCCCCC,CCCCCCCCCOC(=O)CCCCCCCN(CCCCO)CCCCCCCC(=O)OC(CCCCCCCC)CCCCCCCC,SSPBGIBDTCULGG-UHFFFAOYSA-N,True
lnp_atlas,518,Heptadecan-9-yl 8-((3-acetamidopropyl)(8-(nonyloxy)-8-oxooctyl)amino)octanoate,CCCCCCCCC(CCCCCCCC)OC(=O)CCCCCCCN(CCCNC(=O)C)CCCCCCCC(=O)OCCCCCCCCC,CCCCCCCCCOC(=O)CCCCCCCN(CCCCCCCC(=O)OC(CCCCCCCC)CCCCCCCC)CCCNC(C)=O,FSNMAKXAJPMNTG-UHFFFAOYSA-N,True
lnp_atlas,519,Heptadecan-9-yl 8-((3-(methylsulfonamido)propyl)(8-(nonyloxy)-8-oxooctyl)amino)octanoate,CCCCCCCCC(CCCCCCCC)OC(=O)CCCCCCCN(CCCNS(=O)(=O)C)CCCCCCCC(=O)OCCCCCCCCC,CCCCCCCCCOC(=O)CCCCCCCN(CCCCCCCC(=O)OC(CCCCCCCC)CCCCCCCC)CCCNS(C)(=O)=O,BITPGHWCOMNCEE-UHFFFAOYSA-N,True
lnp_atlas,520,"Heptadecan-9-yl 8-((3-(3,3-dimethylureido)propyl)(8-(nonyloxy)-8-oxooctyl)amino)octanoate",CCCCCCCCC(CCCCCCCC)OC(=O)CCCCCCCN(CCCNC(=O)N(C)C)CCCCCCCC(=O)OCCCCCCCCC,CCCCCCCCCOC(=O)CCCCCCCN(CCCCCCCC(=O)OC(CCCCCCCC)CCCCCCCC)CCCNC(=O)N(C)C,XNDACGLIOZKFLH-UHFFFAOYSA-N,True
lnp_atlas,521,"Heptadecan-9-yl 8-((3-(3,3-dimethylthioureido)propyl)(8-(nonyloxy)-8-oxooctyl)amino)octanoate",CCCCCCCCC(CCCCCCCC)OC(=O)CCCCCCCN(CCCNC(=S)N(C)C)CCCCCCCC(=O)OCCCCCCCCC,CCCCCCCCCOC(=O)CCCCCCCN(CCCCCCCC(=O)OC(CCCCCCCC)CCCCCCCC)CCCNC(=S)N(C)C,FIFTXQNMOIGPKY-UHFFFAOYSA-N,True
lnp_atlas,522,Heptadecan-9-yl 8-((3-(3-methylureido)propyl)(8-(nonyloxy)-8-oxooctyl)amino)octanoate,CCCCCCCCC(CCCCCCCC)OC(=O)CCCCCCCN(CCCNC(=O)NC)CCCCCCCC(=O)OCCCCCCCCC,CCCCCCCCCOC(=O)CCCCCCCN(CCCCCCCC(=O)OC(CCCCCCCC)CCCCCCCC)CCCNC(=O)NC,JOSRDMCGLCOJGI-UHFFFAOYSA-N,True
lnp_atlas,523,Heptadecan-9-yl 8-((3-(3-methylthioureido)propyl)(8-(nonyloxy)-8-oxooctyl)amino)octanoate,CCCCCCCCC(CCCCCCCC)OC(=O)CCCCCCCN(CCCNC(=S)NC)CCCCCCCC(=O)OCCCCCCCCC,CCCCCCCCCOC(=O)CCCCCCCN(CCCCCCCC(=O)OC(CCCCCCCC)CCCCCCCC)CCCNC(=S)NC,VLXSYZMRPOOYGH-UHFFFAOYSA-N,True
lnp_atlas,524,Heptadecan-9-yl 8-((3-((methylcarbamoyl)oxy)propyl)(8-(nonyloxy)-8-oxooctyl)amino)octanoate,CCCCCCCCC(CCCCCCCC)OC(=O)CCCCCCCN(CCCOC(=O)NC)CCCCCCCC(=O)OCCCCCCCCC,CCCCCCCCCOC(=O)CCCCCCCN(CCCCCCCC(=O)OC(CCCCCCCC)CCCCCCCC)CCCOC(=O)NC,WENXIWXIHOERQI-UHFFFAOYSA-N,True
lnp_atlas,525,Heptadecan-9-yl 8-((3-aminopropyl)(8-(nonyloxy)-8-oxooctyl)amino)octanoate,CCCCCCCCC(CCCCCCCC)OC(=O)CCCCCCCN(CCCN)CCCCCCCC(=O)OCCCCCCCCC,CCCCCCCCCOC(=O)CCCCCCCN(CCCN)CCCCCCCC(=O)OC(CCCCCCCC)CCCCCCCC,NRWVIKNSONBNPT-UHFFFAOYSA-N,True
lnp_atlas,526,Heptadecan-9-yl (E)-8-((3-(2-cyanoguanidino)propyl)(8-(nonyloxy)-8-oxooctyl)amino)octanoate,CCCCCCCCC(CCCCCCCC)OC(=O)CCCCCCCC/N(CCCN/C(=N\C#N)N)CCCCCCCC(=O)OCCCCCCCCC,CCCCCCCCCOC(=O)CCCCCCCN(CCCCCCCCC(=O)OC(CCCCCCCC)CCCCCCCC)CCCN/C(N)=N\C#N,CHWOEHWWBOYXTI-UHFFFAOYSA-N,True
lnp_atlas,527,Heptadecan-9-yl (E)-8-((3-(2-cyano-3-methylguanidino)propyl)(8-(nonyloxy)-8-oxooctyl)amino)octanoate,CCCCCCCCC(CCCCCCCC)OC(=O)CCCCCCCC/N(CCCN/C(=N\C#N)NC)CCCCCCCC(=O)OCCCCCCCCC,CCCCCCCCCOC(=O)CCCCCCCN(CCCCCCCCC(=O)OC(CCCCCCCC)CCCCCCCC)CCCN/C(=N\C#N)NC,APTVSBMZUCYSOO-UHFFFAOYSA-N,True
lnp_atlas,528,"Heptadecan-9-yl (Z)-8-((3-(2-cyano-3,3-dimethylguanidino)propyl)(8-(nonyloxy)-8-oxooctyl)amino)octanoate",CCCCCCCCC(CCCCCCCC)OC(=O)CCCCCCCN(CCCN\C(=N/C#N)N(C)C)CCCCCCCC(=O)OCCCCCCCCC,CCCCCCCCCOC(=O)CCCCCCCN(CCCCCCCC(=O)OC(CCCCCCCC)CCCCCCCC)CCCN/C(=N\C#N)N(C)C,HZXHNSXPZMXSDW-UHFFFAOYSA-N,True
lnp_atlas,529,"Heptadecan-9-yl (E)-8-((3-(3,3-dimethyl-2-nitroguanidino)propyl)(8-(nonyloxy)-8-oxooctyl)amino)octanoate",CCCCCCCCC(CCCCCCCC)OC(=O)CCCCCCCC/N(CCCN/C(=N\[N+](=O)[O-])N(C)C)CCCCCCCC(=O)OCCCCCCCCC,CCCCCCCCCOC(=O)CCCCCCCN(CCCCCCCCC(=O)OC(CCCCCCCC)CCCCCCCC)CCCN/C(=N\[N+](=O)[O-])N(C)C,NBPDCHPZUPAWBL-UHFFFAOYSA-N,True
lnp_atlas,530,"Heptadecan-9-yl 4-imino-9-(8-(nonyloxy)-8-oxooctyl)-2-oxa-3,5,9-triazaheptadecan-17-oate",CCCCCCCCC(CCCCCCCC)OC(=O)CCCCCCCN1CCCOC(=N)N(CCCCCCCC(=O)OCCCCCCCCC)CC1,CCCCCCCCCOC(=O)CCCCCCCN1CCN(CCCCCCCC(=O)OC(CCCCCCCC)CCCCCCCC)CCCOC1=N,OTCOZZMOCBWMNL-UHFFFAOYSA-N,True
lnp_atlas,531,"Heptadecan-9-yl (Z)-8-((3-(3,3-dimethyl-2-sulfamoylguanidino)propyl)(8-(nonyloxy)-8-oxooctyl)amino)octanoate",CCCCCCCCC(CCCCCCCC)OC(=O)CCCCCCCN(CCCN\C(=N/S(=O)(=O)N)N(C)C)CCCCCCCC(=O)OCCCCCCCCC,CCCCCCCCCOC(=O)CCCCCCCN(CCCCCCCC(=O)OC(CCCCCCCC)CCCCCCCC)CCCN/C(=N\S(N)(=O)=O)N(C)C,MNCYREMXWYBZSC-UHFFFAOYSA-N,True
lnp_atlas,532,Heptadecan-9-yl 8-((3-((1-amino-2-nitrovinyl)amino)propyl)(8-(nonyloxy)-8-oxooctyl)amino)octanoate,CCCCCCCCC(CCCCCCCC)OC(=O)CCCCCCCN(CCCNC(=C([N+](=O)[O-]))N)CCCCCCCC(=O)OCCCCCCCCC,CCCCCCCCCOC(=O)CCCCCCCN(CCCCCCCC(=O)OC(CCCCCCCC)CCCCCCCC)CCCNC(N)=C[N+](=O)[O-],UOVZQILEVSERGL-UHFFFAOYSA-N,True
lnp_atlas,533,Heptadecan-9-yl (E)-8-((3-((1-(methylamino)-2-nitrovinyl)amino)propyl)(8-(nonyloxy)-8-oxooctyl)amino)octanoate,CCCCCCCCC(CCCCCCCC)OC(=O)CCCCCCCC/N(CCCNC(=C([N+](=O)[O-]))/NC)CCCCCCCC(=O)OCCCCCCCCC,CCCCCCCCCOC(=O)CCCCCCCN(CCCCCCCCC(=O)OC(CCCCCCCC)CCCCCCCC)CCCNC(=C[N+](=O)[O-])NC,KCPALWRAJXZLJH-UHFFFAOYSA-N,True
lnp_atlas,534,Heptadecan-9-yl (E)-8-((3-((1-(dimethylamino)-2-nitrovinyl)amino)propyl)(8-(nonyloxy)-8-oxooctyl)amino)octanoate,CCCCCCCCC(CCCCCCCC)OC(=O)CCCCCCCC/N(CCCNC(=C([N+](=O)[O-]))/N(C)C)CCCCCCCC(=O)OCCCCCCCCC,CCCCCCCCCOC(=O)CCCCCCCN(CCCCCCCCC(=O)OC(CCCCCCCC)CCCCCCCC)CCCNC(=C[N+](=O)[O-])N(C)C,AIXLXGKARPNHEB-UHFFFAOYSA-N,True
lnp_atlas,535,Heptadecan-9-yl 8-((8-(nonyloxy)-8-oxooctyl)(3-(thiazol-2-ylamino)propyl)amino)octanoate,CCCCCCCCC(CCCCCCCC)OC(=O)CCCCCCCN(CCCNc1nccs1)CCCCCCCC(=O)OCCCCCCCCC,CCCCCCCCCOC(=O)CCCCCCCN(CCCCCCCC(=O)OC(CCCCCCCC)CCCCCCCC)CCCNc1nccs1,AXKZIEATEIOOIO-UHFFFAOYSA-N,True
lnp_atlas,536,"Heptadecan-9-yl 8-((3-((2-amino-3,4-dioxocyclobut-1-en-1-yl)amino)propyl)(8-(nonyloxy)-8-oxooctyl)amino)octanoate",CCCCCCCCC(CCCCCCCC)OC(=O)CCCCCCCN(CCCNC1=C(N)C(=O)C1=O)CCCCCCCC(=O)OCCCCCCCCC,CCCCCCCCCOC(=O)CCCCCCCN(CCCCCCCC(=O)OC(CCCCCCCC)CCCCCCCC)CCCNc1c(N)c(=O)c1=O,UKKWWFXROSZQGM-UHFFFAOYSA-N,True
lnp_atlas,537,"Heptadecan-9-yl 8-((3-((2-(methylamino)-3,4-dioxocyclobut-1-en-1-yl)amino)propyl)(8-(nonyloxy)-8-oxooctyl)amino)octanoate",CCCCCCCCC(CCCCCCCC)OC(=O)CCCCCCCN(CCCNC1=C(NC)C(=O)C1=O)CCCCCCCC(=O)OCCCCCCCCC,CCCCCCCCCOC(=O)CCCCCCCN(CCCCCCCC(=O)OC(CCCCCCCC)CCCCCCCC)CCCNc1c(NC)c(=O)c1=O,DWAWKCMHWHANEA-UHFFFAOYSA-N,True
lnp_atlas,538,"7-((3-(3,3-dimethylthioureido)propyl)(8-(heptadecan-9-yloxy)-8-oxooctyl)amino)heptyl decanoate",CCCCCCCCCCC(=O)OCCCCCCCN(CCCNC(=S)N(C)C)CCCCCCCC(=O)OC(CCCCCCCC)CCCCCCCC,CCCCCCCCCCC(=O)OCCCCCCCN(CCCCCCCC(=O)OC(CCCCCCCC)CCCCCCCC)CCCNC(=S)N(C)C,OGWJXSISXCYDEP-UHFFFAOYSA-N,True
lnp_atlas,539,"7-((8-(heptadecan-9-yloxy)-8-oxooctyl)(3-((2-(methylamino)-3,4-dioxocyclobut-1-en-1-yl)amino)propyl)amino)heptyl decanoate",CCCCCCCCCCC(=O)OCCCCCCCN(CCCNC1=C(NC)C(=O)C1=O)CCCCCCCC(=O)OC(CCCCCCCC)CCCCCCCC,CCCCCCCCCCC(=O)OCCCCCCCN(CCCCCCCC(=O)OC(CCCCCCCC)CCCCCCCC)CCCNc1c(NC)c(=O)c1=O,RHZWNJCTKTTWKJ-UHFFFAOYSA-N,True
lnp_atlas,540,"Heptadecan-9-yl 8-((3-(3,3-dimethylthioureido)propyl)(8-((2-methylnonyl)oxy)-8-oxooctyl)amino)octanoate",CCCCCCCCC(CCCCCCCC)OC(=O)CCCCCCCN(CCCNC(=S)N(C)C)CCCCCCCC(=O)OCC(C)CCCCCCCC,CCCCCCCCC(C)COC(=O)CCCCCCCN(CCCCCCCC(=O)OC(CCCCCCCC)CCCCCCCC)CCCNC(=S)N(C)C,SVONWPFJVWGBLS-UHFFFAOYSA-N,True
lnp_atlas,541,"Heptadecan-9-yl 8-((3-((2-(methylamino)-3,4-dioxocyclobut-1-en-1-yl)amino)propyl)(8-((2-methylnonyl)oxy)-8-oxooctyl)amino)octanoate",CCCCCCCCC(CCCCCCCC)OC(=O)CCCCCCCN(CCCNC1=C(NC)C(=O)C1=O)CCCCCCCC(=O)OCC(C)CCCCCCCC,CCCCCCCCC(C)COC(=O)CCCCCCCN(CCCCCCCC(=O)OC(CCCCCCCC)CCCCCCCC)CCCNc1c(NC)c(=O)c1=O,HFFILXMFNIFRKT-UHFFFAOYSA-N,True
lnp_atlas,542,"Heptadecan-9-yl 8-((3-(3,3-dimethylthioureido)propyl)(8-oxo-8-(undecan-3-yloxy)octyl)amino)octanoate",CCCCCCCCC(CCCCCCCC)OC(=O)CCCCCCCN(CCCNC(=S)N(C)C)CCCCCCCC(=O)OCC(CC)CCCCCCCC,CCCCCCCCC(CC)COC(=O)CCCCCCCN(CCCCCCCC(=O)OC(CCCCCCCC)CCCCCCCC)CCCNC(=S)N(C)C,RVXBBMWKYHGEGX-UHFFFAOYSA-N,True
lnp_atlas,544,"Heptadecan-9-yl 8-((3-(3,3-dimethylthioureido)propyl)(8-((2,2-dimethylundecyl)oxy)-8-oxooctyl)amino)octanoate",CCCCCCCCC(CCCCCCCC)OC(=O)CCCCCCCN(CCCNC(=S)N(C)C)CCCCCCCC(=O)OCC(C)(C)CCCCCCCCC,CCCCCCCCCC(C)(C)COC(=O)CCCCCCCN(CCCCCCCC(=O)OC(CCCCCCCC)CCCCCCCC)CCCNC(=S)N(C)C,IFWJYAXBHIVBRK-UHFFFAOYSA-N,True
lnp_atlas,545,Heptadecan-9-yl 8-((3-((3-(2-naphthyl)ureido)propyl)(8-(nonyloxy)-8-oxooctyl)amino)octanoate,CCCCCCCCC(CCCCCCCC)OC(=O)CCCCCCCN(CCCNC(=O)Nc1ccc2ccccc2c1)CCCCCCCC(=O)OCCCCCCCCC,CCCCCCCCCOC(=O)CCCCCCCN(CCCCCCCC(=O)OC(CCCCCCCC)CCCCCCCC)CCCNC(=O)Nc1ccc2ccccc2c1,FJVSHCRBQGXEDJ-UHFFFAOYSA-N,True
lnp_atlas,546,Heptadecan-9-yl 8-((3-((3-(phenyl)ureido)propyl)(8-(nonyloxy)-8-oxooctyl)amino)octanoate,CCCCCCCCC(CCCCCCCC)OC(=O)CCCCCCCN(CCCNC(=O)Nc1ccccc1)CCCCCCCC(=O)OCCCCCCCCC,CCCCCCCCCOC(=O)CCCCCCCN(CCCCCCCC(=O)OC(CCCCCCCC)CCCCCCCC)CCCNC(=O)Nc1ccccc1,OCSMFFJQACOWKD-UHFFFAOYSA-N,True
lnp_atlas,547,Heptadecan-9-yl 8-((3-((3-(4-fluorophenyl)ureido)propyl)(8-(nonyloxy)-8-oxooctyl)amino)octanoate,CCCCCCCCC(CCCCCCCC)OC(=O)CCCCCCCN(CCCNC(=O)Nc1ccc(F)cc1)CCCCCCCC(=O)OCCCCCCCCC,CCCCCCCCCOC(=O)CCCCCCCN(CCCCCCCC(=O)OC(CCCCCCCC)CCCCCCCC)CCCNC(=O)Nc1ccc(F)cc1,VKIWGVHPDRVZCQ-UHFFFAOYSA-N,True
lnp_atlas,548,Heptadecan-9-yl 8-((3-((3-(4-chlorophenyl)ureido)propyl)(8-(nonyloxy)-8-oxooctyl)amino)octanoate,CCCCCCCCC(CCCCCCCC)OC(=O)CCCCCCCN(CCCNC(=O)Nc1ccc(Cl)cc1)CCCCCCCC(=O)OCCCCCCCCC,CCCCCCCCCOC(=O)CCCCCCCN(CCCCCCCC(=O)OC(CCCCCCCC)CCCCCCCC)CCCNC(=O)Nc1ccc(Cl)cc1,QJFNRSSXUDENPR-UHFFFAOYSA-N,True
lnp_atlas,549,Heptadecan-9-yl 8-((3-((3-(4-methoxyphenyl)ureido)propyl)(8-(nonyloxy)-8-oxooctyl)amino)octanoate,CCCCCCCCC(CCCCCCCC)OC(=O)CCCCCCCN(CCCNC(=O)Nc1ccc(OC)cc1)CCCCCCCC(=O)OCCCCCCCCC,CCCCCCCCCOC(=O)CCCCCCCN(CCCCCCCC(=O)OC(CCCCCCCC)CCCCCCCC)CCCNC(=O)Nc1ccc(OC)cc1,LROVPMBSRGNFLF-UHFFFAOYSA-N,True
lnp_atlas,550,Heptadecan-9-yl 8-((3-((3-(4-nitrophenyl)ureido)propyl)(8-(nonyloxy)-8-oxooctyl)amino)octanoate,CCCCCCCCC(CCCCCCCC)OC(=O)CCCCCCCN(CCCNC(=O)Nc1ccc([N+](=O)[O-])cc1)CCCCCCCC(=O)OCCCCCCCCC,CCCCCCCCCOC(=O)CCCCCCCN(CCCCCCCC(=O)OC(CCCCCCCC)CCCCCCCC)CCCNC(=O)Nc1ccc([N+](=O)[O-])cc1,YNNVKEUSVBNASJ-UHFFFAOYSA-N,True
lnp_atlas,551,"Heptadecan-9-yl 8-((3-(3,3-dimethylureido)propyl)(10-oxodecyl)amino)octanoate",CCCCCCCCC(CCCCCCCC)OC(=O)CCCCCCCN(CCCNC(=O)N(C)C)CCCCCCCCC(=O)C,CCCCCCCCC(CCCCCCCC)OC(=O)CCCCCCCN(CCCCCCCCC(C)=O)CCCNC(=O)N(C)C,HSVKKGPVSPTRPG-UHFFFAOYSA-N,True
lnp_atlas,552,"Heptadecan-9-yl 8-((3-(3,3-dimethylureido)propyl)(6-oxododecyl)amino)octanoate",CCCCCCCCC(CCCCCCCC)OC(=O)CCCCCCCN(CCCNC(=O)N(C)C)CCCCCC(=O)CCCCC,CCCCCCCCC(CCCCCCCC)OC(=O)CCCCCCCN(CCCCCC(=O)CCCCC)CCCNC(=O)N(C)C,CQZUMTVZKXWFJW-UHFFFAOYSA-N,True
lnp_atlas,553,"Heptadecan-9-yl 8-((3-(3,3-dimethylureido)propyl)(3,7-dimethyloctyl)amino)octanoate",CCCCCCCCC(CCCCCCCC)OC(=O)CCCCCCCN(CCCNC(=O)N(C)C)CCC(C)CCC(C)CCC,CCCCCCCCC(CCCCCCCC)OC(=O)CCCCCCCN(CCCNC(=O)N(C)C)CCC(C)CCC(C)CCC,DSAXRZNTPAJDGT-UHFFFAOYSA-N,True
lnp_atlas,554,"Heptadecan-9-yl 8-((3-(3,3-dimethylureido)propyl)(3,7,11-trimethyldodecyl)amino)octanoate",CCCCCCCCC(CCCCCCCC)OC(=O)CCCCCCCN(CCCNC(=O)N(C)C)CCC(C)CCC(C)CCC(C)CCC,CCCCCCCCC(CCCCCCCC)OC(=O)CCCCCCCN(CCCNC(=O)N(C)C)CCC(C)CCC(C)CCC(C)CCC,MGCJWXJYOJFUMU-UHFFFAOYSA-N,True
lnp_atlas,555,ALC-0315,CCCCCCCCC(CCCCCC)C(=O)OCCCCCCN(CCCCCCOC(=O)C(CCCCCC)CCCCCCCC)CCCCO,CCCCCCCCC(CCCCCC)C(=O)OCCCCCCN(CCCCO)CCCCCCOC(=O)C(CCCCCC)CCCCCCCC,QGWBEETXHOVFQS-UHFFFAOYSA-N,True
lnp_atlas,556,ALC-0315,CCCCCCCCC(CCCCCC)C(=O)OCCCCCCN(CCCCCCOC(=O)C(CCCCCC)CCCCCCCC)CCCCO,CCCCCCCCC(CCCCCC)C(=O)OCCCCCCN(CCCCO)CCCCCCOC(=O)C(CCCCCC)CCCCCCCC,QGWBEETXHOVFQS-UHFFFAOYSA-N,False
lnp_atlas,557,ALC-0315,CCCCCCCCC(CCCCCC)C(=O)OCCCCCCN(CCCCCCOC(=O)C(CCCCCC)CCCCCCCC)CCCCO,CCCCCCCCC(CCCCCC)C(=O)OCCCCCCN(CCCCO)CCCCCCOC(=O)C(CCCCCC)CCCCCCCC,QGWBEETXHOVFQS-UHFFFAOYSA-N,False
lnp_atlas,558,ALC-0315,CCCCCCCCC(CCCCCC)C(=O)OCCCCCCN(CCCCCCOC(=O)C(CCCCCC)CCCCCCCC)CCCCO,CCCCCCCCC(CCCCCC)C(=O)OCCCCCCN(CCCCO)CCCCCCOC(=O)C(CCCCCC)CCCCCCCC,QGWBEETXHOVFQS-UHFFFAOYSA-N,False
lnp_atlas,559,"KC2 (2,2-dilinoleyl-4-(2-dimethylaminoethyl)-[1,3]-dioxolane)",CCCCC/C=C\C/C=C\CCCCCCCCC1(OC(CO1)CCN(C)C)CCCCCCCC/C=C\C/C=C\CCCCC,CCCCC/C=C\C/C=C\CCCCCCCCC1(CCCCCCCC/C=C\C/C=C\CCCCC)OCC(CCN(C)C)O1,LRFJOIPOPUJUMI-KWXKLSQISA-N,False
lnp_atlas,560,KC2,CCCCC/C=C\C/C=C\CCCCCCCCC1(OC(CO1)CCN(C)C)CCCCCCCC/C=C\C/C=C\CCCCC,CCCCC/C=C\C/C=C\CCCCCCCCC1(CCCCCCCC/C=C\C/C=C\CCCCC)OCC(CCN(C)C)O1,LRFJOIPOPUJUMI-KWXKLSQISA-N,False
lnp_atlas,561,KC2,CCCCC/C=C\C/C=C\CCCCCCCCC1(OC(CO1)CCN(C)C)CCCCCCCC/C=C\C/C=C\CCCCC,CCCCC/C=C\C/C=C\CCCCCCCCC1(CCCCCCCC/C=C\C/C=C\CCCCC)OCC(CCN(C)C)O1,LRFJOIPOPUJUMI-KWXKLSQISA-N,False
lnp_atlas,562,KC2,CCCCC/C=C\C/C=C\CCCCCCCCC1(OC(CO1)CCN(C)C)CCCCCCCC/C=C\C/C=C\CCCCC,CCCCC/C=C\C/C=C\CCCCCCCCC1(CCCCCCCC/C=C\C/C=C\CCCCC)OCC(CCN(C)C)O1,LRFJOIPOPUJUMI-KWXKLSQISA-N,False
lnp_atlas,563,KC2,CCCCC/C=C\C/C=C\CCCCCCCCC1(OC(CO1)CCN(C)C)CCCCCCCC/C=C\C/C=C\CCCCC,CCCCC/C=C\C/C=C\CCCCCCCCC1(CCCCCCCC/C=C\C/C=C\CCCCC)OCC(CCN(C)C)O1,LRFJOIPOPUJUMI-KWXKLSQISA-N,False
lnp_atlas,564,KC2,CCCCC/C=C\C/C=C\CCCCCCCCC1(OC(CO1)CCN(C)C)CCCCCCCC/C=C\C/C=C\CCCCC,CCCCC/C=C\C/C=C\CCCCCCCCC1(CCCCCCCC/C=C\C/C=C\CCCCC)OCC(CCN(C)C)O1,LRFJOIPOPUJUMI-KWXKLSQISA-N,False
lnp_atlas,565,KC2,CCCCC/C=C\C/C=C\CCCCCCCCC1(OC(CO1)CCN(C)C)CCCCCCCC/C=C\C/C=C\CCCCC,CCCCC/C=C\C/C=C\CCCCCCCCC1(CCCCCCCC/C=C\C/C=C\CCCCC)OCC(CCN(C)C)O1,LRFJOIPOPUJUMI-KWXKLSQISA-N,False
lnp_atlas,566,KC2,CCCCC/C=C\C/C=C\CCCCCCCCC1(OC(CO1)CCN(C)C)CCCCCCCC/C=C\C/C=C\CCCCC,CCCCC/C=C\C/C=C\CCCCCCCCC1(CCCCCCCC/C=C\C/C=C\CCCCC)OCC(CCN(C)C)O1,LRFJOIPOPUJUMI-KWXKLSQISA-N,False
lnp_atlas,567,KC2,CCCCC/C=C\C/C=C\CCCCCCCCC1(OC(CO1)CCN(C)C)CCCCCCCC/C=C\C/C=C\CCCCC,CCCCC/C=C\C/C=C\CCCCCCCCC1(CCCCCCCC/C=C\C/C=C\CCCCC)OCC(CCN(C)C)O1,LRFJOIPOPUJUMI-KWXKLSQISA-N,False
lnp_atlas,568,KC2,CCCCC/C=C\C/C=C\CCCCCCCCC1(OC(CO1)CCN(C)C)CCCCCCCC/C=C\C/C=C\CCCCC,CCCCC/C=C\C/C=C\CCCCCCCCC1(CCCCCCCC/C=C\C/C=C\CCCCC)OCC(CCN(C)C)O1,LRFJOIPOPUJUMI-KWXKLSQISA-N,False
lnp_atlas,570,"DLinDAP (1,2-dilinoleoyl-3-dimethylaminopropane)",CCCCC/C=C\C/C=C\CCCCCCCC(=O)OCC(CN(C)C)OC(=O)CCCCCCC/C=C\C/C=C\CCCCC,CCCCC/C=C\C/C=C\CCCCCCCC(=O)OCC(CN(C)C)OC(=O)CCCCCCC/C=C\C/C=C\CCCCC,HCAJCMUKLZSPFT-KWXKLSQISA-N,True
lnp_atlas,571,"DLinDMA (1,2-dilinoleyloxy-3-dimethylaminopropane)",CCCCC/C=C\C/C=C\CCCCCCCCOCC(CN(C)C)OCCCCCCCC/C=C\C/C=C\CCCCC,CCCCC/C=C\C/C=C\CCCCCCCCOCC(CN(C)C)OCCCCCCCC/C=C\C/C=C\CCCCC,NFQBIAXADRDUGK-KWXKLSQISA-N,False
lnp_atlas,573,"DLinKC2-DMA (2,2-dilinoleyl-4-(2-dimethylaminoethyl)-[1,3]-dioxolane)",CCCCC/C=C\C/C=C\CCCCCCCCC1(OC(CO1)CCN(C)C)CCCCCCCC/C=C\C/C=C\CCCCC,CCCCC/C=C\C/C=C\CCCCCCCCC1(CCCCCCCC/C=C\C/C=C\CCCCC)OCC(CCN(C)C)O1,LRFJOIPOPUJUMI-KWXKLSQISA-N,False
lnp_atlas,575,C9-200,CCCCCCCC(O)CN(CCN1CCN(CCN(CC(O)CCCCCCC)CC(O)CCCCCCC)CC1)CCN(CC(O)CCCCCCC)CC(O)CCCCCCC,CCCCCCCC(O)CN(CCN1CCN(CCN(CC(O)CCCCCCC)CC(O)CCCCCCC)CC1)CCN(CC(O)CCCCCCC)CC(O)CCCCCCC,RLGMOTIOGPJNJN-UHFFFAOYSA-N,True
lnp_atlas,576,C10-200,OC(CN(CCN1CCN(CC1)CCN(CC(O)CCCCCCCC)CC(O)CCCCCCCC)CCN(CC(O)CCCCCCCC)CC(O)CCCCCCCC)CCCCCCCC,CCCCCCCCC(O)CN(CCN1CCN(CCN(CC(O)CCCCCCCC)CC(O)CCCCCCCC)CC1)CCN(CC(O)CCCCCCCC)CC(O)CCCCCCCC,BLPKMPWPNQWRQP-UHFFFAOYSA-N,True
lnp_atlas,578,C12-200,NCCN1CCN(CCN(CC(O)CCCCCCCCCCCC)CC(O)CCCCCCCCCCCC)CC1CN(CC(O)CCCCCCCCCCCC)CN(CC(O)CCCCCCCCCCCC)CC(O)CCCCCCCCCCCC,CCCCCCCCCCCCC(O)CN(CCN1CCN(CCN)C(CN(CC(O)CCCCCCCCCCCC)CN(CC(O)CCCCCCCCCCCC)CC(O)CCCCCCCCCCCC)C1)CC(O)CCCCCCCCCCCC,WZJASPMKFTYOPC-UHFFFAOYSA-N,False
lnp_atlas,583,DMAP-BLP,CCCCC/C=C\C/C=C\CCCCCCCCC(CC(=O)OCCCN(C)C)CCCCCCCC/C=C\C/C=C\CCCCC,CCCCC/C=C\C/C=C\CCCCCCCCC(CCCCCCCC/C=C\C/C=C\CCCCC)CC(=O)OCCCN(C)C,XIQOAGMONKECGJ-KWXKLSQISA-N,True
lnp_atlas,584,DMAP-BLP,CCCCC/C=C\C/C=C\CCCCCCCCC(CC(=O)OCCCN(C)C)CCCCCCCC/C=C\C/C=C\CCCCC,CCCCC/C=C\C/C=C\CCCCCCCCC(CCCCCCCC/C=C\C/C=C\CCCCC)CC(=O)OCCCN(C)C,XIQOAGMONKECGJ-KWXKLSQISA-N,False
lnp_atlas,585,DMAP-BLP,CCCCC/C=C\C/C=C\CCCCCCCCC(CC(=O)OCCCN(C)C)CCCCCCCC/C=C\C/C=C\CCCCC,CCCCC/C=C\C/C=C\CCCCCCCCC(CCCCCCCC/C=C\C/C=C\CCCCC)CC(=O)OCCCN(C)C,XIQOAGMONKECGJ-KWXKLSQISA-N,False
lnp_atlas,586,DMAP-BLP,CCCCC/C=C\C/C=C\CCCCCCCCC(CC(=O)OCCCN(C)C)CCCCCCCC/C=C\C/C=C\CCCCC,CCCCC/C=C\C/C=C\CCCCCCCCC(CCCCCCCC/C=C\C/C=C\CCCCC)CC(=O)OCCCN(C)C,XIQOAGMONKECGJ-KWXKLSQISA-N,False
lnp_atlas,587,DMAP-BLP,CCCCC/C=C\C/C=C\CCCCCCCCC(CC(=O)OCCCN(C)C)CCCCCCCC/C=C\C/C=C\CCCCC,CCCCC/C=C\C/C=C\CCCCCCCCC(CCCCCCCC/C=C\C/C=C\CCCCC)CC(=O)OCCCN(C)C,XIQOAGMONKECGJ-KWXKLSQISA-N,False
lnp_atlas,588,DMAP-BLP,CCCCC/C=C\C/C=C\CCCCCCCCC(CC(=O)OCCCN(C)C)CCCCCCCC/C=C\C/C=C\CCCCC,CCCCC/C=C\C/C=C\CCCCCCCCC(CCCCCCCC/C=C\C/C=C\CCCCC)CC(=O)OCCCN(C)C,XIQOAGMONKECGJ-KWXKLSQISA-N,False
lnp_atlas,589,DMAP-BLP,CCCCC/C=C\C/C=C\CCCCCCCCC(CC(=O)OCCCN(C)C)CCCCCCCC/C=C\C/C=C\CCCCC,CCCCC/C=C\C/C=C\CCCCCCCCC(CCCCCCCC/C=C\C/C=C\CCCCC)CC(=O)OCCCN(C)C,XIQOAGMONKECGJ-KWXKLSQISA-N,False
lnp_atlas,590,DMAP-BLP,CCCCC/C=C\C/C=C\CCCCCCCCC(CC(=O)OCCCN(C)C)CCCCCCCC/C=C\C/C=C\CCCCC,CCCCC/C=C\C/C=C\CCCCCCCCC(CCCCCCCC/C=C\C/C=C\CCCCC)CC(=O)OCCCN(C)C,XIQOAGMONKECGJ-KWXKLSQISA-N,False
lnp_atlas,591,DMAP-BLP,CCCCC/C=C\C/C=C\CCCCCCCCC(CC(=O)OCCCN(C)C)CCCCCCCC/C=C\C/C=C\CCCCC,CCCCC/C=C\C/C=C\CCCCCCCCC(CCCCCCCC/C=C\C/C=C\CCCCC)CC(=O)OCCCN(C)C,XIQOAGMONKECGJ-KWXKLSQISA-N,False
lnp_atlas,592,DMAP-BLP,CCCCC/C=C\C/C=C\CCCCCCCCC(CC(=O)OCCCN(C)C)CCCCCCCC/C=C\C/C=C\CCCCC,CCCCC/C=C\C/C=C\CCCCCCCCC(CCCCCCCC/C=C\C/C=C\CCCCC)CC(=O)OCCCN(C)C,XIQOAGMONKECGJ-KWXKLSQISA-N,False
lnp_atlas,593,DMAP-BLP,CCCCC/C=C\C/C=C\CCCCCCCCC(CC(=O)OCCCN(C)C)CCCCCCCC/C=C\C/C=C\CCCCC,CCCCC/C=C\C/C=C\CCCCCCCCC(CCCCCCCC/C=C\C/C=C\CCCCC)CC(=O)OCCCN(C)C,XIQOAGMONKECGJ-KWXKLSQISA-N,False
lnp_atlas,594,DMAP-BLP,CCCCC/C=C\C/C=C\CCCCCCCCC(CC(=O)OCCCN(C)C)CCCCCCCC/C=C\C/C=C\CCCCC,CCCCC/C=C\C/C=C\CCCCCCCCC(CCCCCCCC/C=C\C/C=C\CCCCC)CC(=O)OCCCN(C)C,XIQOAGMONKECGJ-KWXKLSQISA-N,False
lnp_atlas,595,C12-200,NCCN1CCN(CCN(CC(O)CCCCCCCCCCCC)CC(O)CCCCCCCCCCCC)CC1CN(CC(O)CCCCCCCCCCCC)CN(CC(O)CCCCCCCCCCCC)CC(O)CCCCCCCCCCCC,CCCCCCCCCCCCC(O)CN(CCN1CCN(CCN)C(CN(CC(O)CCCCCCCCCCCC)CN(CC(O)CCCCCCCCCCCC)CC(O)CCCCCCCCCCCC)C1)CC(O)CCCCCCCCCCCC,WZJASPMKFTYOPC-UHFFFAOYSA-N,False
lnp_atlas,596,C12-200,NCCN1CCN(CCN(CC(O)CCCCCCCCCCCC)CC(O)CCCCCCCCCCCC)CC1CN(CC(O)CCCCCCCCCCCC)CN(CC(O)CCCCCCCCCCCC)CC(O)CCCCCCCCCCCC,CCCCCCCCCCCCC(O)CN(CCN1CCN(CCN)C(CN(CC(O)CCCCCCCCCCCC)CN(CC(O)CCCCCCCCCCCC)CC(O)CCCCCCCCCCCC)C1)CC(O)CCCCCCCCCCCC,WZJASPMKFTYOPC-UHFFFAOYSA-N,False
lnp_atlas,601,C12-200,NCCN1CCN(CCN(CC(O)CCCCCCCCCCCC)CC(O)CCCCCCCCCCCC)CC1CN(CC(O)CCCCCCCCCCCC)CN(CC(O)CCCCCCCCCCCC)CC(O)CCCCCCCCCCCC,CCCCCCCCCCCCC(O)CN(CCN1CCN(CCN)C(CN(CC(O)CCCCCCCCCCCC)CN(CC(O)CCCCCCCCCCCC)CC(O)CCCCCCCCCCCC)C1)CC(O)CCCCCCCCCCCC,WZJASPMKFTYOPC-UHFFFAOYSA-N,False
lnp_atlas,602,C12-200,NCCN1CCN(CCN(CC(O)CCCCCCCCCCCC)CC(O)CCCCCCCCCCCC)CC1CN(CC(O)CCCCCCCCCCCC)CN(CC(O)CCCCCCCCCCCC)CC(O)CCCCCCCCCCCC,CCCCCCCCCCCCC(O)CN(CCN1CCN(CCN)C(CN(CC(O)CCCCCCCCCCCC)CN(CC(O)CCCCCCCCCCCC)CC(O)CCCCCCCCCCCC)C1)CC(O)CCCCCCCCCCCC,WZJASPMKFTYOPC-UHFFFAOYSA-N,False
lnp_atlas,621,DLin-MC3-DMA,CCCCC/C=C\C/C=C\CCCCCCCCC(OC(=O)CCCN(C)C)CCCCCCCC/C=C\C/C=C\CCCCC,CCCCC/C=C\C/C=C\CCCCCCCCC(CCCCCCCC/C=C\C/C=C\CCCCC)OC(=O)CCCN(C)C,NRLNQCOGCKAESA-KWXKLSQISA-N,False
lnp_atlas,635,C12-200,NCCN1CCN(CCN(CC(O)CCCCCCCCCCCC)CC(O)CCCCCCCCCCCC)CC1CN(CC(O)CCCCCCCCCCCC)CN(CC(O)CCCCCCCCCCCC)CC(O)CCCCCCCCCCCC,CCCCCCCCCCCCC(O)CN(CCN1CCN(CCN)C(CN(CC(O)CCCCCCCCCCCC)CN(CC(O)CCCCCCCCCCCC)CC(O)CCCCCCCCCCCC)C1)CC(O)CCCCCCCCCCCC,WZJASPMKFTYOPC-UHFFFAOYSA-N,False
lnp_atlas,636,DLin-MC3-DMA,CCCCC/C=C\C/C=C\CCCCCCCCC(OC(=O)CCCN(C)C)CCCCCCCC/C=C\C/C=C\CCCCC,CCCCC/C=C\C/C=C\CCCCCCCCC(CCCCCCCC/C=C\C/C=C\CCCCC)OC(=O)CCCN(C)C,NRLNQCOGCKAESA-KWXKLSQISA-N,False
lnp_atlas,637,C12-200,NCCN1CCN(CCN(CC(O)CCCCCCCCCCCC)CC(O)CCCCCCCCCCCC)CC1CN(CC(O)CCCCCCCCCCCC)CN(CC(O)CCCCCCCCCCCC)CC(O)CCCCCCCCCCCC,CCCCCCCCCCCCC(O)CN(CCN1CCN(CCN)C(CN(CC(O)CCCCCCCCCCCC)CN(CC(O)CCCCCCCCCCCC)CC(O)CCCCCCCCCCCC)C1)CC(O)CCCCCCCCCCCC,WZJASPMKFTYOPC-UHFFFAOYSA-N,False
lnp_atlas,639,200Oi10,CCCCCCCC(C)COC(=O)CCN1CCN(CCNCCN(CCC(=O)OCC(C)CCCCCCCC)CCC(=O)OCC(C)CCCCCCCC)CC1,CCCCCCCCC(C)COC(=O)CCN(CCNCCN1CCN(CCC(=O)OCC(C)CCCCCCC)CC1)CCC(=O)OCC(C)CCCCCCCC,BEESBXUBEWBXGN-UHFFFAOYSA-N,True
lnp_atlas,640,ZA3-Ep10,CCCCCCCCC(CN(CCC(=O)NCC[N+](C)(C)CCCS(=O)(=O)[O-])CCN(CCN(CC(CCCCCCCC)O)CC(CCCCCCCC)O)CCN(CC(CCCCCCCC)O)CC(CCCCCCCC)O)O,CCCCCCCCC(O)CN(CCC(=O)NCC[N+](C)(C)CCCS(=O)(=O)[O-])CCN(CCN(CC(O)CCCCCCCC)CC(O)CCCCCCCC)CCN(CC(O)CCCCCCCC)CC(O)CCCCCCCC,IVEIUBBMCYOZFH-UHFFFAOYSA-N,True
lnp_atlas,641,DOTAP,CCCCCCCC/C=C\CCCCCCCC(=O)OCC(C[N+](C)(C)C)OC(=O)CCCCCCC/C=C\CCCCCCCC,CCCCCCCC/C=C\CCCCCCCC(=O)OCC(C[N+](C)(C)C)OC(=O)CCCCCCC/C=C\CCCCCCCC,KWVJHCQQUFDPLU-YEUCEMRASA-N,False
lnp_atlas,642,DOTAP,CCCCCCCC/C=C\CCCCCCCC(=O)OCC(C[N+](C)(C)C)OC(=O)CCCCCCC/C=C\CCCCCCCC,CCCCCCCC/C=C\CCCCCCCC(=O)OCC(C[N+](C)(C)C)OC(=O)CCCCCCC/C=C\CCCCCCCC,KWVJHCQQUFDPLU-YEUCEMRASA-N,False
lnp_atlas,643,DOTAP,CCCCCCCC/C=C\CCCCCCCC(=O)OCC(C[N+](C)(C)C)OC(=O)CCCCCCC/C=C\CCCCCCCC,CCCCCCCC/C=C\CCCCCCCC(=O)OCC(C[N+](C)(C)C)OC(=O)CCCCCCC/C=C\CCCCCCCC,KWVJHCQQUFDPLU-YEUCEMRASA-N,False
lnp_atlas,644,DOTAP,CCCCCCCC/C=C\CCCCCCCC(=O)OCC(C[N+](C)(C)C)OC(=O)CCCCCCC/C=C\CCCCCCCC,CCCCCCCC/C=C\CCCCCCCC(=O)OCC(C[N+](C)(C)C)OC(=O)CCCCCCC/C=C\CCCCCCCC,KWVJHCQQUFDPLU-YEUCEMRASA-N,False
lnp_atlas,645,DOTAP,CCCCCCCC/C=C\CCCCCCCC(=O)OCC(C[N+](C)(C)C)OC(=O)CCCCCCC/C=C\CCCCCCCC,CCCCCCCC/C=C\CCCCCCCC(=O)OCC(C[N+](C)(C)C)OC(=O)CCCCCCC/C=C\CCCCCCCC,KWVJHCQQUFDPLU-YEUCEMRASA-N,False
lnp_atlas,646,DOTMA,CCCCCCCC/C=C\CCCCCCCCOCC(C[N+](C)(C)C)OCCCCCCCC/C=C\CCCCCCCC.[Cl-],CCCCCCCC/C=C\CCCCCCCCOCC(C[N+](C)(C)C)OCCCCCCCC/C=C\CCCCCCCC.[Cl-],LDGWQMRUWMSZIU-LQDDAWAPSA-M,False
lnp_atlas,647,DOTMA,CCCCCCCC/C=C\CCCCCCCCOCC(C[N+](C)(C)C)OCCCCCCCC/C=C\CCCCCCCC.[Cl-],CCCCCCCC/C=C\CCCCCCCCOCC(C[N+](C)(C)C)OCCCCCCCC/C=C\CCCCCCCC.[Cl-],LDGWQMRUWMSZIU-LQDDAWAPSA-M,False
lnp_atlas,648,DOTMA,CCCCCCCC/C=C\CCCCCCCCOCC(C[N+](C)(C)C)OCCCCCCCC/C=C\CCCCCCCC.[Cl-],CCCCCCCC/C=C\CCCCCCCCOCC(C[N+](C)(C)C)OCCCCCCCC/C=C\CCCCCCCC.[Cl-],LDGWQMRUWMSZIU-LQDDAWAPSA-M,False
lnp_atlas,649,DOTMA,CCCCCCCC/C=C\CCCCCCCCOCC(C[N+](C)(C)C)OCCCCCCCC/C=C\CCCCCCCC.[Cl-],CCCCCCCC/C=C\CCCCCCCCOCC(C[N+](C)(C)C)OCCCCCCCC/C=C\CCCCCCCC.[Cl-],LDGWQMRUWMSZIU-LQDDAWAPSA-M,False
lnp_atlas,650,DOTMA,CCCCCCCC/C=C\CCCCCCCCOCC(C[N+](C)(C)C)OCCCCCCCC/C=C\CCCCCCCC.[Cl-],CCCCCCCC/C=C\CCCCCCCCOCC(C[N+](C)(C)C)OCCCCCCCC/C=C\CCCCCCCC.[Cl-],LDGWQMRUWMSZIU-LQDDAWAPSA-M,False
lnp_atlas,651,DOTMA,CCCCCCCC/C=C\CCCCCCCCOCC(C[N+](C)(C)C)OCCCCCCCC/C=C\CCCCCCCC.[Cl-],CCCCCCCC/C=C\CCCCCCCCOCC(C[N+](C)(C)C)OCCCCCCCC/C=C\CCCCCCCC.[Cl-],LDGWQMRUWMSZIU-LQDDAWAPSA-M,False
lnp_atlas,652,DODAP,CCCCCCCC/C=C\CCCCCCCC(=O)OCC(COC(=O)CCCCCCC/C=C\CCCCCCCC)CN(C)C,CCCCCCCC/C=C\CCCCCCCC(=O)OCC(COC(=O)CCCCCCC/C=C\CCCCCCCC)CN(C)C,OHGMBGAZJHQIMT-WRBBJXAJSA-N,True
lnp_atlas,653,DODAP,CCCCCCCC/C=C\CCCCCCCC(=O)OCC(COC(=O)CCCCCCC/C=C\CCCCCCCC)CN(C)C,CCCCCCCC/C=C\CCCCCCCC(=O)OCC(COC(=O)CCCCCCC/C=C\CCCCCCCC)CN(C)C,OHGMBGAZJHQIMT-WRBBJXAJSA-N,False
lnp_atlas,654,DODAP,CCCCCCCC/C=C\CCCCCCCC(=O)OCC(COC(=O)CCCCCCC/C=C\CCCCCCCC)CN(C)C,CCCCCCCC/C=C\CCCCCCCC(=O)OCC(COC(=O)CCCCCCC/C=C\CCCCCCCC)CN(C)C,OHGMBGAZJHQIMT-WRBBJXAJSA-N,False
lnp_atlas,655,DODAP,CCCCCCCC/C=C\CCCCCCCC(=O)OCC(COC(=O)CCCCCCC/C=C\CCCCCCCC)CN(C)C,CCCCCCCC/C=C\CCCCCCCC(=O)OCC(COC(=O)CCCCCCC/C=C\CCCCCCCC)CN(C)C,OHGMBGAZJHQIMT-WRBBJXAJSA-N,False
lnp_atlas,656,DODAP,CCCCCCCC/C=C\CCCCCCCC(=O)OCC(COC(=O)CCCCCCC/C=C\CCCCCCCC)CN(C)C,CCCCCCCC/C=C\CCCCCCCC(=O)OCC(COC(=O)CCCCCCC/C=C\CCCCCCCC)CN(C)C,OHGMBGAZJHQIMT-WRBBJXAJSA-N,False
lnp_atlas,657,DODAP,CCCCCCCC/C=C\CCCCCCCC(=O)OCC(COC(=O)CCCCCCC/C=C\CCCCCCCC)CN(C)C,CCCCCCCC/C=C\CCCCCCCC(=O)OCC(COC(=O)CCCCCCC/C=C\CCCCCCCC)CN(C)C,OHGMBGAZJHQIMT-WRBBJXAJSA-N,False
lnp_atlas,658,MC3,CCCCC/C=C\C/C=C\CCCCCCCCC(OC(=O)CCCN(C)C)CCCCCCCC/C=C\C/C=C\CCCCC,CCCCC/C=C\C/C=C\CCCCCCCCC(CCCCCCCC/C=C\C/C=C\CCCCC)OC(=O)CCCN(C)C,NRLNQCOGCKAESA-KWXKLSQISA-N,False
lnp_atlas,659,MC3,CCCCC/C=C\C/C=C\CCCCCCCCC(OC(=O)CCCN(C)C)CCCCCCCC/C=C\C/C=C\CCCCC,CCCCC/C=C\C/C=C\CCCCCCCCC(CCCCCCCC/C=C\C/C=C\CCCCC)OC(=O)CCCN(C)C,NRLNQCOGCKAESA-KWXKLSQISA-N,False
lnp_atlas,660,MC3,CCCCC/C=C\C/C=C\CCCCCCCCC(OC(=O)CCCN(C)C)CCCCCCCC/C=C\C/C=C\CCCCC,CCCCC/C=C\C/C=C\CCCCCCCCC(CCCCCCCC/C=C\C/C=C\CCCCC)OC(=O)CCCN(C)C,NRLNQCOGCKAESA-KWXKLSQISA-N,False
lnp_atlas,661,MC3,CCCCC/C=C\C/C=C\CCCCCCCCC(OC(=O)CCCN(C)C)CCCCCCCC/C=C\C/C=C\CCCCC,CCCCC/C=C\C/C=C\CCCCCCCCC(CCCCCCCC/C=C\C/C=C\CCCCC)OC(=O)CCCN(C)C,NRLNQCOGCKAESA-KWXKLSQISA-N,False
lnp_atlas,662,MC3,CCCCC/C=C\C/C=C\CCCCCCCCC(OC(=O)CCCN(C)C)CCCCCCCC/C=C\C/C=C\CCCCC,CCCCC/C=C\C/C=C\CCCCCCCCC(CCCCCCCC/C=C\C/C=C\CCCCC)OC(=O)CCCN(C)C,NRLNQCOGCKAESA-KWXKLSQISA-N,False
lnp_atlas,663,MC3,CCCCC/C=C\C/C=C\CCCCCCCCC(OC(=O)CCCN(C)C)CCCCCCCC/C=C\C/C=C\CCCCC,CCCCC/C=C\C/C=C\CCCCCCCCC(CCCCCCCC/C=C\C/C=C\CCCCC)OC(=O)CCCN(C)C,NRLNQCOGCKAESA-KWXKLSQISA-N,False
lnp_atlas,664,MC3,CCCCC/C=C\C/C=C\CCCCCCCCC(OC(=O)CCCN(C)C)CCCCCCCC/C=C\C/C=C\CCCCC,CCCCC/C=C\C/C=C\CCCCCCCCC(CCCCCCCC/C=C\C/C=C\CCCCC)OC(=O)CCCN(C)C,NRLNQCOGCKAESA-KWXKLSQISA-N,False
lnp_atlas,665,9A1P9,CCCCCCCCCOP(=O)(O)OCCN(CCCCCCCC)CCCCCCCC,CCCCCCCCCOP(=O)(O)OCCN(CCCCCCCC)CCCCCCCC,CSATVJSROKNRKV-UHFFFAOYSA-N,True
lnp_atlas,666,9A1P9,CCCCCCCCCOP(=O)(O)OCCN(CCCCCCCC)CCCCCCCC,CCCCCCCCCOP(=O)(O)OCCN(CCCCCCCC)CCCCCCCC,CSATVJSROKNRKV-UHFFFAOYSA-N,False
lnp_atlas,667,9A1P9,CCCCCCCCCOP(=O)(O)OCCN(CCCCCCCC)CCCCCCCC,CCCCCCCCCOP(=O)(O)OCCN(CCCCCCCC)CCCCCCCC,CSATVJSROKNRKV-UHFFFAOYSA-N,False
lnp_atlas,668,10A1P16,CCCCCCCCC[N+](CCCC)(CCO[P-](=O)OCCCCCCCCCCCCCCCC)CCO[P-](=O)OCCCCCCCCCCCCCCCC,CCCCCCCCCCCCCCCCO[P-](=O)OCC[N+](CCCC)(CCCCCCCCC)CCO[P-](=O)OCCCCCCCCCCCCCCCC,XTHXOBXHQULJPA-UHFFFAOYSA-N,True
lnp_atlas,669,9A1P9,CCCCCCCCCOP(=O)(O)OCCN(CCCCCCCC)CCCCCCCC,CCCCCCCCCOP(=O)(O)OCCN(CCCCCCCC)CCCCCCCC,CSATVJSROKNRKV-UHFFFAOYSA-N,False
lnp_atlas,670,9A1P9,CCCCCCCCCOP(=O)(O)OCCN(CCCCCCCC)CCCCCCCC,CCCCCCCCCOP(=O)(O)OCCN(CCCCCCCC)CCCCCCCC,CSATVJSROKNRKV-UHFFFAOYSA-N,False
lnp_atlas,671,9A1P9,CCCCCCCCCOP(=O)(O)OCCN(CCCCCCCC)CCCCCCCC,CCCCCCCCCOP(=O)(O)OCCN(CCCCCCCC)CCCCCCCC,CSATVJSROKNRKV-UHFFFAOYSA-N,False
lnp_atlas,672,9A1P9,CCCCCCCCCOP(=O)(O)OCCN(CCCCCCCC)CCCCCCCC,CCCCCCCCCOP(=O)(O)OCCN(CCCCCCCC)CCCCCCCC,CSATVJSROKNRKV-UHFFFAOYSA-N,False
lnp_atlas,673,9A1P9,CCCCCCCCCOP(=O)(O)OCCN(CCCCCCCC)CCCCCCCC,CCCCCCCCCOP(=O)(O)OCCN(CCCCCCCC)CCCCCCCC,CSATVJSROKNRKV-UHFFFAOYSA-N,False
lnp_atlas,674,9A1P9,CCCCCCCCCOP(=O)(O)OCCN(CCCCCCCC)CCCCCCCC,CCCCCCCCCOP(=O)(O)OCCN(CCCCCCCC)CCCCCCCC,CSATVJSROKNRKV-UHFFFAOYSA-N,False
lnp_atlas,675,9A1P9,CCCCCCCCCOP(=O)(O)OCCN(CCCCCCCC)CCCCCCCC,CCCCCCCCCOP(=O)(O)OCCN(CCCCCCCC)CCCCCCCC,CSATVJSROKNRKV-UHFFFAOYSA-N,False
lnp_atlas,676,9A1P9,CCCCCCCCCOP(=O)(O)OCCN(CCCCCCCC)CCCCCCCC,CCCCCCCCCOP(=O)(O)OCCN(CCCCCCCC)CCCCCCCC,CSATVJSROKNRKV-UHFFFAOYSA-N,False
lnp_atlas,677,9A1P9,CCCCCCCCCOP(=O)(O)OCCN(CCCCCCCC)CCCCCCCC,CCCCCCCCCOP(=O)(O)OCCN(CCCCCCCC)CCCCCCCC,CSATVJSROKNRKV-UHFFFAOYSA-N,False
lnp_atlas,678,9A1P9,CCCCCCCCCOP(=O)(O)OCCN(CCCCCCCC)CCCCCCCC,CCCCCCCCCOP(=O)(O)OCCN(CCCCCCCC)CCCCCCCC,CSATVJSROKNRKV-UHFFFAOYSA-N,False
lnp_atlas,679,10A1P16,CCCCCCCCC[N+](CCCC)(CCO[P-](=O)OCCCCCCCCCCCCCCCC)CCO[P-](=O)OCCCCCCCCCCCCCCCC,CCCCCCCCCCCCCCCCO[P-](=O)OCC[N+](CCCC)(CCCCCCCCC)CCO[P-](=O)OCCCCCCCCCCCCCCCC,XTHXOBXHQULJPA-UHFFFAOYSA-N,False
lnp_atlas,680,9A1P9,CCCCCCCCCOP(=O)(O)OCCN(CCCCCCCC)CCCCCCCC,CCCCCCCCCOP(=O)(O)OCCN(CCCCCCCC)CCCCCCCC,CSATVJSROKNRKV-UHFFFAOYSA-N,False
lnp_atlas,681,9A1P9,CCCCCCCCCOP(=O)(O)OCCN(CCCCCCCC)CCCCCCCC,CCCCCCCCCOP(=O)(O)OCCN(CCCCCCCC)CCCCCCCC,CSATVJSROKNRKV-UHFFFAOYSA-N,False
lnp_atlas,682,9A1P9,CCCCCCCCCOP(=O)(O)OCCN(CCCCCCCC)CCCCCCCC,CCCCCCCCCOP(=O)(O)OCCN(CCCCCCCC)CCCCCCCC,CSATVJSROKNRKV-UHFFFAOYSA-N,False
lnp_atlas,683,9A1P9,CCCCCCCCCOP(=O)(O)OCCN(CCCCCCCC)CCCCCCCC,CCCCCCCCCOP(=O)(O)OCCN(CCCCCCCC)CCCCCCCC,CSATVJSROKNRKV-UHFFFAOYSA-N,False
lnp_atlas,684,9A1P9,CCCCCCCCCOP(=O)(O)OCCN(CCCCCCCC)CCCCCCCC,CCCCCCCCCOP(=O)(O)OCCN(CCCCCCCC)CCCCCCCC,CSATVJSROKNRKV-UHFFFAOYSA-N,False
lnp_atlas,685,9A1P9,CCCCCCCCCOP(=O)(O)OCCN(CCCCCCCC)CCCCCCCC,CCCCCCCCCOP(=O)(O)OCCN(CCCCCCCC)CCCCCCCC,CSATVJSROKNRKV-UHFFFAOYSA-N,False
lnp_atlas,686,10A1P16,CCCCCCCCC[N+](CCCC)(CCO[P-](=O)OCCCCCCCCCCCCCCCC)CCO[P-](=O)OCCCCCCCCCCCCCCCC,CCCCCCCCCCCCCCCCO[P-](=O)OCC[N+](CCCC)(CCCCCCCCC)CCO[P-](=O)OCCCCCCCCCCCCCCCC,XTHXOBXHQULJPA-UHFFFAOYSA-N,False
lnp_atlas,687,DLin-MC3-DMA,CCCCC/C=C\C/C=C\CCCCCCCCC(OC(=O)CCCN(C)C)CCCCCCCC/C=C\C/C=C\CCCCC,CCCCC/C=C\C/C=C\CCCCCCCCC(CCCCCCCC/C=C\C/C=C\CCCCC)OC(=O)CCCN(C)C,NRLNQCOGCKAESA-KWXKLSQISA-N,False
lnp_atlas,688,DLin-KC2-DMA,CCCCC/C=C\C/C=C\CCCCCCCCC1(OC(CO1)CCN(C)C)CCCCCCCC/C=C\C/C=C\CCCCC,CCCCC/C=C\C/C=C\CCCCCCCCC1(CCCCCCCC/C=C\C/C=C\CCCCC)OCC(CCN(C)C)O1,LRFJOIPOPUJUMI-KWXKLSQISA-N,False
lnp_atlas,689,DLin-KC2-DMA,CCCCC/C=C\C/C=C\CCCCCCCCC1(OC(CO1)CCN(C)C)CCCCCCCC/C=C\C/C=C\CCCCC,CCCCC/C=C\C/C=C\CCCCCCCCC1(CCCCCCCC/C=C\C/C=C\CCCCC)OCC(CCN(C)C)O1,LRFJOIPOPUJUMI-KWXKLSQISA-N,False
lnp_atlas,690,DLin-KC2-DMA,CCCCC/C=C\C/C=C\CCCCCCCCC1(OC(CO1)CCN(C)C)CCCCCCCC/C=C\C/C=C\CCCCC,CCCCC/C=C\C/C=C\CCCCCCCCC1(CCCCCCCC/C=C\C/C=C\CCCCC)OCC(CCN(C)C)O1,LRFJOIPOPUJUMI-KWXKLSQISA-N,False
lnp_atlas,691,DLin-KC2-DMA,CCCCC/C=C\C/C=C\CCCCCCCCC1(OC(CO1)CCN(C)C)CCCCCCCC/C=C\C/C=C\CCCCC,CCCCC/C=C\C/C=C\CCCCCCCCC1(CCCCCCCC/C=C\C/C=C\CCCCC)OCC(CCN(C)C)O1,LRFJOIPOPUJUMI-KWXKLSQISA-N,False
lnp_atlas,692,DLin-KC2-DMA,CCCCC/C=C\C/C=C\CCCCCCCCC1(OC(CO1)CCN(C)C)CCCCCCCC/C=C\C/C=C\CCCCC,CCCCC/C=C\C/C=C\CCCCCCCCC1(CCCCCCCC/C=C\C/C=C\CCCCC)OCC(CCN(C)C)O1,LRFJOIPOPUJUMI-KWXKLSQISA-N,False
lnp_atlas,693,DLin-KC2-DMA,CCCCC/C=C\C/C=C\CCCCCCCCC1(OC(CO1)CCN(C)C)CCCCCCCC/C=C\C/C=C\CCCCC,CCCCC/C=C\C/C=C\CCCCCCCCC1(CCCCCCCC/C=C\C/C=C\CCCCC)OCC(CCN(C)C)O1,LRFJOIPOPUJUMI-KWXKLSQISA-N,False
lnp_atlas,694,DLin-KC2-DMA,CCCCC/C=C\C/C=C\CCCCCCCCC1(OC(CO1)CCN(C)C)CCCCCCCC/C=C\C/C=C\CCCCC,CCCCC/C=C\C/C=C\CCCCCCCCC1(CCCCCCCC/C=C\C/C=C\CCCCC)OCC(CCN(C)C)O1,LRFJOIPOPUJUMI-KWXKLSQISA-N,False
lnp_atlas,695,DLin-KC2-DMA,CCCCC/C=C\C/C=C\CCCCCCCCC1(OC(CO1)CCN(C)C)CCCCCCCC/C=C\C/C=C\CCCCC,CCCCC/C=C\C/C=C\CCCCCCCCC1(CCCCCCCC/C=C\C/C=C\CCCCC)OCC(CCN(C)C)O1,LRFJOIPOPUJUMI-KWXKLSQISA-N,False
lnp_atlas,696,DLin-KC2-DMA,CCCCC/C=C\C/C=C\CCCCCCCCC1(OC(CO1)CCN(C)C)CCCCCCCC/C=C\C/C=C\CCCCC,CCCCC/C=C\C/C=C\CCCCCCCCC1(CCCCCCCC/C=C\C/C=C\CCCCC)OCC(CCN(C)C)O1,LRFJOIPOPUJUMI-KWXKLSQISA-N,False
lnp_atlas,697,DLin-KC2-DMA,CCCCC/C=C\C/C=C\CCCCCCCCC1(OC(CO1)CCN(C)C)CCCCCCCC/C=C\C/C=C\CCCCC,CCCCC/C=C\C/C=C\CCCCCCCCC1(CCCCCCCC/C=C\C/C=C\CCCCC)OCC(CCN(C)C)O1,LRFJOIPOPUJUMI-KWXKLSQISA-N,False
lnp_atlas,698,DLin-KC2-DMA,CCCCC/C=C\C/C=C\CCCCCCCCC1(OC(CO1)CCN(C)C)CCCCCCCC/C=C\C/C=C\CCCCC,CCCCC/C=C\C/C=C\CCCCCCCCC1(CCCCCCCC/C=C\C/C=C\CCCCC)OCC(CCN(C)C)O1,LRFJOIPOPUJUMI-KWXKLSQISA-N,False
lnp_atlas,699,DLin-KC2-DMA,CCCCC/C=C\C/C=C\CCCCCCCCC1(OC(CO1)CCN(C)C)CCCCCCCC/C=C\C/C=C\CCCCC,CCCCC/C=C\C/C=C\CCCCCCCCC1(CCCCCCCC/C=C\C/C=C\CCCCC)OCC(CCN(C)C)O1,LRFJOIPOPUJUMI-KWXKLSQISA-N,False
lnp_atlas,700,DLin-KC2-DMA,CCCCC/C=C\C/C=C\CCCCCCCCC1(OC(CO1)CCN(C)C)CCCCCCCC/C=C\C/C=C\CCCCC,CCCCC/C=C\C/C=C\CCCCCCCCC1(CCCCCCCC/C=C\C/C=C\CCCCC)OCC(CCN(C)C)O1,LRFJOIPOPUJUMI-KWXKLSQISA-N,False
lnp_atlas,701,DLin-KC2-DMA,CCCCC/C=C\C/C=C\CCCCCCCCC1(OC(CO1)CCN(C)C)CCCCCCCC/C=C\C/C=C\CCCCC,CCCCC/C=C\C/C=C\CCCCCCCCC1(CCCCCCCC/C=C\C/C=C\CCCCC)OCC(CCN(C)C)O1,LRFJOIPOPUJUMI-KWXKLSQISA-N,False
lnp_atlas,702,DLin-KC2-DMA,CCCCC/C=C\C/C=C\CCCCCCCCC1(OC(CO1)CCN(C)C)CCCCCCCC/C=C\C/C=C\CCCCC,CCCCC/C=C\C/C=C\CCCCCCCCC1(CCCCCCCC/C=C\C/C=C\CCCCC)OCC(CCN(C)C)O1,LRFJOIPOPUJUMI-KWXKLSQISA-N,False
lnp_atlas,703,DLin-KC2-DMA,CCCCC/C=C\C/C=C\CCCCCCCCC1(OC(CO1)CCN(C)C)CCCCCCCC/C=C\C/C=C\CCCCC,CCCCC/C=C\C/C=C\CCCCCCCCC1(CCCCCCCC/C=C\C/C=C\CCCCC)OCC(CCN(C)C)O1,LRFJOIPOPUJUMI-KWXKLSQISA-N,False
lnp_atlas,704,DLin-KC2-DMA,CCCCC/C=C\C/C=C\CCCCCCCCC1(OC(CO1)CCN(C)C)CCCCCCCC/C=C\C/C=C\CCCCC,CCCCC/C=C\C/C=C\CCCCCCCCC1(CCCCCCCC/C=C\C/C=C\CCCCC)OCC(CCN(C)C)O1,LRFJOIPOPUJUMI-KWXKLSQISA-N,False
lnp_atlas,705,DLin-KC2-DMA,CCCCC/C=C\C/C=C\CCCCCCCCC1(OC(CO1)CCN(C)C)CCCCCCCC/C=C\C/C=C\CCCCC,CCCCC/C=C\C/C=C\CCCCCCCCC1(CCCCCCCC/C=C\C/C=C\CCCCC)OCC(CCN(C)C)O1,LRFJOIPOPUJUMI-KWXKLSQISA-N,False
lnp_atlas,706,DLin-KC2-DMA,CCCCC/C=C\C/C=C\CCCCCCCCC1(OC(CO1)CCN(C)C)CCCCCCCC/C=C\C/C=C\CCCCC,CCCCC/C=C\C/C=C\CCCCCCCCC1(CCCCCCCC/C=C\C/C=C\CCCCC)OCC(CCN(C)C)O1,LRFJOIPOPUJUMI-KWXKLSQISA-N,False
lnp_atlas,707,DLin-KC2-DMA,CCCCC/C=C\C/C=C\CCCCCCCCC1(OC(CO1)CCN(C)C)CCCCCCCC/C=C\C/C=C\CCCCC,CCCCC/C=C\C/C=C\CCCCCCCCC1(CCCCCCCC/C=C\C/C=C\CCCCC)OCC(CCN(C)C)O1,LRFJOIPOPUJUMI-KWXKLSQISA-N,False
lnp_atlas,708,DLin-KC2-DMA,CCCCC/C=C\C/C=C\CCCCCCCCC1(OC(CO1)CCN(C)C)CCCCCCCC/C=C\C/C=C\CCCCC,CCCCC/C=C\C/C=C\CCCCCCCCC1(CCCCCCCC/C=C\C/C=C\CCCCC)OCC(CCN(C)C)O1,LRFJOIPOPUJUMI-KWXKLSQISA-N,False
lnp_atlas,709,DLin-KC2-DMA,CCCCC/C=C\C/C=C\CCCCCCCCC1(OC(CO1)CCN(C)C)CCCCCCCC/C=C\C/C=C\CCCCC,CCCCC/C=C\C/C=C\CCCCCCCCC1(CCCCCCCC/C=C\C/C=C\CCCCC)OCC(CCN(C)C)O1,LRFJOIPOPUJUMI-KWXKLSQISA-N,False
lnp_atlas,710,DLin-KC2-DMA,CCCCC/C=C\C/C=C\CCCCCCCCC1(OC(CO1)CCN(C)C)CCCCCCCC/C=C\C/C=C\CCCCC,CCCCC/C=C\C/C=C\CCCCCCCCC1(CCCCCCCC/C=C\C/C=C\CCCCC)OCC(CCN(C)C)O1,LRFJOIPOPUJUMI-KWXKLSQISA-N,False
lnp_atlas,711,DLin-KC2-DMA,CCCCC/C=C\C/C=C\CCCCCCCCC1(OC(CO1)CCN(C)C)CCCCCCCC/C=C\C/C=C\CCCCC,CCCCC/C=C\C/C=C\CCCCCCCCC1(CCCCCCCC/C=C\C/C=C\CCCCC)OCC(CCN(C)C)O1,LRFJOIPOPUJUMI-KWXKLSQISA-N,False
lnp_atlas,712,DLin-KC2-DMA,CCCCC/C=C\C/C=C\CCCCCCCCC1(OC(CO1)CCN(C)C)CCCCCCCC/C=C\C/C=C\CCCCC,CCCCC/C=C\C/C=C\CCCCCCCCC1(CCCCCCCC/C=C\C/C=C\CCCCC)OCC(CCN(C)C)O1,LRFJOIPOPUJUMI-KWXKLSQISA-N,False
lnp_atlas,713,DLin-KC2-DMA,CCCCC/C=C\C/C=C\CCCCCCCCC1(OC(CO1)CCN(C)C)CCCCCCCC/C=C\C/C=C\CCCCC,CCCCC/C=C\C/C=C\CCCCCCCCC1(CCCCCCCC/C=C\C/C=C\CCCCC)OCC(CCN(C)C)O1,LRFJOIPOPUJUMI-KWXKLSQISA-N,False
lnp_atlas,714,DLin-KC2-DMA,CCCCC/C=C\C/C=C\CCCCCCCCC1(OC(CO1)CCN(C)C)CCCCCCCC/C=C\C/C=C\CCCCC,CCCCC/C=C\C/C=C\CCCCCCCCC1(CCCCCCCC/C=C\C/C=C\CCCCC)OCC(CCN(C)C)O1,LRFJOIPOPUJUMI-KWXKLSQISA-N,False
lnp_atlas,715,DLin-KC2-DMA,CCCCC/C=C\C/C=C\CCCCCCCCC1(OC(CO1)CCN(C)C)CCCCCCCC/C=C\C/C=C\CCCCC,CCCCC/C=C\C/C=C\CCCCCCCCC1(CCCCCCCC/C=C\C/C=C\CCCCC)OCC(CCN(C)C)O1,LRFJOIPOPUJUMI-KWXKLSQISA-N,False
lnp_atlas,716,DLin-KC2-DMA,CCCCC/C=C\C/C=C\CCCCCCCCC1(OC(CO1)CCN(C)C)CCCCCCCC/C=C\C/C=C\CCCCC,CCCCC/C=C\C/C=C\CCCCCCCCC1(CCCCCCCC/C=C\C/C=C\CCCCC)OCC(CCN(C)C)O1,LRFJOIPOPUJUMI-KWXKLSQISA-N,False
lnp_atlas,717,DLin-KC2-DMA,CCCCC/C=C\C/C=C\CCCCCCCCC1(OC(CO1)CCN(C)C)CCCCCCCC/C=C\C/C=C\CCCCC,CCCCC/C=C\C/C=C\CCCCCCCCC1(CCCCCCCC/C=C\C/C=C\CCCCC)OCC(CCN(C)C)O1,LRFJOIPOPUJUMI-KWXKLSQISA-N,False
lnp_atlas,718,DLin-KC2-DMA,CCCCC/C=C\C/C=C\CCCCCCCCC1(OC(CO1)CCN(C)C)CCCCCCCC/C=C\C/C=C\CCCCC,CCCCC/C=C\C/C=C\CCCCCCCCC1(CCCCCCCC/C=C\C/C=C\CCCCC)OCC(CCN(C)C)O1,LRFJOIPOPUJUMI-KWXKLSQISA-N,False
lnp_atlas,719,DLin-KC2-DMA,CCCCC/C=C\C/C=C\CCCCCCCCC1(OC(CO1)CCN(C)C)CCCCCCCC/C=C\C/C=C\CCCCC,CCCCC/C=C\C/C=C\CCCCCCCCC1(CCCCCCCC/C=C\C/C=C\CCCCC)OCC(CCN(C)C)O1,LRFJOIPOPUJUMI-KWXKLSQISA-N,False
lnp_atlas,720,DLin-KC2-DMA,CCCCC/C=C\C/C=C\CCCCCCCCC1(OC(CO1)CCN(C)C)CCCCCCCC/C=C\C/C=C\CCCCC,CCCCC/C=C\C/C=C\CCCCCCCCC1(CCCCCCCC/C=C\C/C=C\CCCCC)OCC(CCN(C)C)O1,LRFJOIPOPUJUMI-KWXKLSQISA-N,False
lnp_atlas,721,DLin-KC2-DMA,CCCCC/C=C\C/C=C\CCCCCCCCC1(OC(CO1)CCN(C)C)CCCCCCCC/C=C\C/C=C\CCCCC,CCCCC/C=C\C/C=C\CCCCCCCCC1(CCCCCCCC/C=C\C/C=C\CCCCC)OCC(CCN(C)C)O1,LRFJOIPOPUJUMI-KWXKLSQISA-N,False
lnp_atlas,722,DLin-KC2-DMA,CCCCC/C=C\C/C=C\CCCCCCCCC1(OC(CO1)CCN(C)C)CCCCCCCC/C=C\C/C=C\CCCCC,CCCCC/C=C\C/C=C\CCCCCCCCC1(CCCCCCCC/C=C\C/C=C\CCCCC)OCC(CCN(C)C)O1,LRFJOIPOPUJUMI-KWXKLSQISA-N,False
lnp_atlas,723,DLin-KC2-DMA,CCCCC/C=C\C/C=C\CCCCCCCCC1(OC(CO1)CCN(C)C)CCCCCCCC/C=C\C/C=C\CCCCC,CCCCC/C=C\C/C=C\CCCCCCCCC1(CCCCCCCC/C=C\C/C=C\CCCCC)OCC(CCN(C)C)O1,LRFJOIPOPUJUMI-KWXKLSQISA-N,False
lnp_atlas,726,DLin-KC2-DMA,CCCCC/C=C\C/C=C\CCCCCCCCC1(OC(CO1)CCN(C)C)CCCCCCCC/C=C\C/C=C\CCCCC,CCCCC/C=C\C/C=C\CCCCCCCCC1(CCCCCCCC/C=C\C/C=C\CCCCC)OCC(CCN(C)C)O1,LRFJOIPOPUJUMI-KWXKLSQISA-N,False
lnp_atlas,727,DLin-KC2-DMA,CCCCC/C=C\C/C=C\CCCCCCCCC1(OC(CO1)CCN(C)C)CCCCCCCC/C=C\C/C=C\CCCCC,CCCCC/C=C\C/C=C\CCCCCCCCC1(CCCCCCCC/C=C\C/C=C\CCCCC)OCC(CCN(C)C)O1,LRFJOIPOPUJUMI-KWXKLSQISA-N,False
lnp_atlas,728,DLin-KC2-DMA,CCCCC/C=C\C/C=C\CCCCCCCCC1(OC(CO1)CCN(C)C)CCCCCCCC/C=C\C/C=C\CCCCC,CCCCC/C=C\C/C=C\CCCCCCCCC1(CCCCCCCC/C=C\C/C=C\CCCCC)OCC(CCN(C)C)O1,LRFJOIPOPUJUMI-KWXKLSQISA-N,False
lnp_atlas,729,DLin-KC2-DMA,CCCCC/C=C\C/C=C\CCCCCCCCC1(OC(CO1)CCN(C)C)CCCCCCCC/C=C\C/C=C\CCCCC,CCCCC/C=C\C/C=C\CCCCCCCCC1(CCCCCCCC/C=C\C/C=C\CCCCC)OCC(CCN(C)C)O1,LRFJOIPOPUJUMI-KWXKLSQISA-N,False
lnp_atlas,730,DLin-KC2-DMA,CCCCC/C=C\C/C=C\CCCCCCCCC1(OC(CO1)CCN(C)C)CCCCCCCC/C=C\C/C=C\CCCCC,CCCCC/C=C\C/C=C\CCCCCCCCC1(CCCCCCCC/C=C\C/C=C\CCCCC)OCC(CCN(C)C)O1,LRFJOIPOPUJUMI-KWXKLSQISA-N,False
lnp_atlas,731,DLin-KC2-DMA,CCCCC/C=C\C/C=C\CCCCCCCCC1(OC(CO1)CCN(C)C)CCCCCCCC/C=C\C/C=C\CCCCC,CCCCC/C=C\C/C=C\CCCCCCCCC1(CCCCCCCC/C=C\C/C=C\CCCCC)OCC(CCN(C)C)O1,LRFJOIPOPUJUMI-KWXKLSQISA-N,False
lnp_atlas,732,DLin-KC2-DMA,CCCCC/C=C\C/C=C\CCCCCCCCC1(OC(CO1)CCN(C)C)CCCCCCCC/C=C\C/C=C\CCCCC,CCCCC/C=C\C/C=C\CCCCCCCCC1(CCCCCCCC/C=C\C/C=C\CCCCC)OCC(CCN(C)C)O1,LRFJOIPOPUJUMI-KWXKLSQISA-N,False
lnp_atlas,733,DLin-KC2-DMA,CCCCC/C=C\C/C=C\CCCCCCCCC1(OC(CO1)CCN(C)C)CCCCCCCC/C=C\C/C=C\CCCCC,CCCCC/C=C\C/C=C\CCCCCCCCC1(CCCCCCCC/C=C\C/C=C\CCCCC)OCC(CCN(C)C)O1,LRFJOIPOPUJUMI-KWXKLSQISA-N,False
lnp_atlas,734,DLin-KC2-DMA,CCCCC/C=C\C/C=C\CCCCCCCCC1(OC(CO1)CCN(C)C)CCCCCCCC/C=C\C/C=C\CCCCC,CCCCC/C=C\C/C=C\CCCCCCCCC1(CCCCCCCC/C=C\C/C=C\CCCCC)OCC(CCN(C)C)O1,LRFJOIPOPUJUMI-KWXKLSQISA-N,False
lnp_atlas,735,DLin-KC2-DMA,CCCCC/C=C\C/C=C\CCCCCCCCC1(OC(CO1)CCN(C)C)CCCCCCCC/C=C\C/C=C\CCCCC,CCCCC/C=C\C/C=C\CCCCCCCCC1(CCCCCCCC/C=C\C/C=C\CCCCC)OCC(CCN(C)C)O1,LRFJOIPOPUJUMI-KWXKLSQISA-N,False
lnp_atlas,736,DLin-KC2-DMA,CCCCC/C=C\C/C=C\CCCCCCCCC1(OC(CO1)CCN(C)C)CCCCCCCC/C=C\C/C=C\CCCCC,CCCCC/C=C\C/C=C\CCCCCCCCC1(CCCCCCCC/C=C\C/C=C\CCCCC)OCC(CCN(C)C)O1,LRFJOIPOPUJUMI-KWXKLSQISA-N,False
lnp_atlas,737,DLin-KC2-DMA,CCCCC/C=C\C/C=C\CCCCCCCCC1(OC(CO1)CCN(C)C)CCCCCCCC/C=C\C/C=C\CCCCC,CCCCC/C=C\C/C=C\CCCCCCCCC1(CCCCCCCC/C=C\C/C=C\CCCCC)OCC(CCN(C)C)O1,LRFJOIPOPUJUMI-KWXKLSQISA-N,False
lnp_atlas,738,DLin-KC2-DMA,CCCCC/C=C\C/C=C\CCCCCCCCC1(OC(CO1)CCN(C)C)CCCCCCCC/C=C\C/C=C\CCCCC,CCCCC/C=C\C/C=C\CCCCCCCCC1(CCCCCCCC/C=C\C/C=C\CCCCC)OCC(CCN(C)C)O1,LRFJOIPOPUJUMI-KWXKLSQISA-N,False
lnp_atlas,739,DLin-KC2-DMA,CCCCC/C=C\C/C=C\CCCCCCCCC1(OC(CO1)CCN(C)C)CCCCCCCC/C=C\C/C=C\CCCCC,CCCCC/C=C\C/C=C\CCCCCCCCC1(CCCCCCCC/C=C\C/C=C\CCCCC)OCC(CCN(C)C)O1,LRFJOIPOPUJUMI-KWXKLSQISA-N,False
lnp_atlas,740,DLin-KC2-DMA,CCCCC/C=C\C/C=C\CCCCCCCCC1(OC(CO1)CCN(C)C)CCCCCCCC/C=C\C/C=C\CCCCC,CCCCC/C=C\C/C=C\CCCCCCCCC1(CCCCCCCC/C=C\C/C=C\CCCCC)OCC(CCN(C)C)O1,LRFJOIPOPUJUMI-KWXKLSQISA-N,False
lnp_atlas,741,DLin-KC2-DMA,CCCCC/C=C\C/C=C\CCCCCCCCC1(OC(CO1)CCN(C)C)CCCCCCCC/C=C\C/C=C\CCCCC,CCCCC/C=C\C/C=C\CCCCCCCCC1(CCCCCCCC/C=C\C/C=C\CCCCC)OCC(CCN(C)C)O1,LRFJOIPOPUJUMI-KWXKLSQISA-N,False
lnp_atlas,742,KC2,CCCCC/C=C\C/C=C\CCCCCCCCC1(OC(CO1)CCN(C)C)CCCCCCCC/C=C\C/C=C\CCCCC,CCCCC/C=C\C/C=C\CCCCCCCCC1(CCCCCCCC/C=C\C/C=C\CCCCC)OCC(CCN(C)C)O1,LRFJOIPOPUJUMI-KWXKLSQISA-N,False
lnp_atlas,743,KC2,CCCCC/C=C\C/C=C\CCCCCCCCC1(OC(CO1)CCN(C)C)CCCCCCCC/C=C\C/C=C\CCCCC,CCCCC/C=C\C/C=C\CCCCCCCCC1(CCCCCCCC/C=C\C/C=C\CCCCC)OCC(CCN(C)C)O1,LRFJOIPOPUJUMI-KWXKLSQISA-N,False
lnp_atlas,744,KC2,CCCCC/C=C\C/C=C\CCCCCCCCC1(OC(CO1)CCN(C)C)CCCCCCCC/C=C\C/C=C\CCCCC,CCCCC/C=C\C/C=C\CCCCCCCCC1(CCCCCCCC/C=C\C/C=C\CCCCC)OCC(CCN(C)C)O1,LRFJOIPOPUJUMI-KWXKLSQISA-N,False
lnp_atlas,745,KC2,CCCCC/C=C\C/C=C\CCCCCCCCC1(OC(CO1)CCN(C)C)CCCCCCCC/C=C\C/C=C\CCCCC,CCCCC/C=C\C/C=C\CCCCCCCCC1(CCCCCCCC/C=C\C/C=C\CCCCC)OCC(CCN(C)C)O1,LRFJOIPOPUJUMI-KWXKLSQISA-N,False
lnp_atlas,746,KC2,CCCCC/C=C\C/C=C\CCCCCCCCC1(OC(CO1)CCN(C)C)CCCCCCCC/C=C\C/C=C\CCCCC,CCCCC/C=C\C/C=C\CCCCCCCCC1(CCCCCCCC/C=C\C/C=C\CCCCC)OCC(CCN(C)C)O1,LRFJOIPOPUJUMI-KWXKLSQISA-N,False
lnp_atlas,747,KC2,CCCCC/C=C\C/C=C\CCCCCCCCC1(OC(CO1)CCN(C)C)CCCCCCCC/C=C\C/C=C\CCCCC,CCCCC/C=C\C/C=C\CCCCCCCCC1(CCCCCCCC/C=C\C/C=C\CCCCC)OCC(CCN(C)C)O1,LRFJOIPOPUJUMI-KWXKLSQISA-N,False
lnp_atlas,748,KC2,CCCCC/C=C\C/C=C\CCCCCCCCC1(OC(CO1)CCN(C)C)CCCCCCCC/C=C\C/C=C\CCCCC,CCCCC/C=C\C/C=C\CCCCCCCCC1(CCCCCCCC/C=C\C/C=C\CCCCC)OCC(CCN(C)C)O1,LRFJOIPOPUJUMI-KWXKLSQISA-N,False
lnp_atlas,749,KC2,CCCCC/C=C\C/C=C\CCCCCCCCC1(OC(CO1)CCN(C)C)CCCCCCCC/C=C\C/C=C\CCCCC,CCCCC/C=C\C/C=C\CCCCCCCCC1(CCCCCCCC/C=C\C/C=C\CCCCC)OCC(CCN(C)C)O1,LRFJOIPOPUJUMI-KWXKLSQISA-N,False
lnp_atlas,750,KC2,CCCCC/C=C\C/C=C\CCCCCCCCC1(OC(CO1)CCN(C)C)CCCCCCCC/C=C\C/C=C\CCCCC,CCCCC/C=C\C/C=C\CCCCCCCCC1(CCCCCCCC/C=C\C/C=C\CCCCC)OCC(CCN(C)C)O1,LRFJOIPOPUJUMI-KWXKLSQISA-N,False
lnp_atlas,751,KC2,CCCCC/C=C\C/C=C\CCCCCCCCC1(OC(CO1)CCN(C)C)CCCCCCCC/C=C\C/C=C\CCCCC,CCCCC/C=C\C/C=C\CCCCCCCCC1(CCCCCCCC/C=C\C/C=C\CCCCC)OCC(CCN(C)C)O1,LRFJOIPOPUJUMI-KWXKLSQISA-N,False
lnp_atlas,752,KC2,CCCCC/C=C\C/C=C\CCCCCCCCC1(OC(CO1)CCN(C)C)CCCCCCCC/C=C\C/C=C\CCCCC,CCCCC/C=C\C/C=C\CCCCCCCCC1(CCCCCCCC/C=C\C/C=C\CCCCC)OCC(CCN(C)C)O1,LRFJOIPOPUJUMI-KWXKLSQISA-N,False
lnp_atlas,753,KC2,CCCCC/C=C\C/C=C\CCCCCCCCC1(OC(CO1)CCN(C)C)CCCCCCCC/C=C\C/C=C\CCCCC,CCCCC/C=C\C/C=C\CCCCCCCCC1(CCCCCCCC/C=C\C/C=C\CCCCC)OCC(CCN(C)C)O1,LRFJOIPOPUJUMI-KWXKLSQISA-N,False
lnp_atlas,754,KC2,CCCCC/C=C\C/C=C\CCCCCCCCC1(OC(CO1)CCN(C)C)CCCCCCCC/C=C\C/C=C\CCCCC,CCCCC/C=C\C/C=C\CCCCCCCCC1(CCCCCCCC/C=C\C/C=C\CCCCC)OCC(CCN(C)C)O1,LRFJOIPOPUJUMI-KWXKLSQISA-N,False
lnp_atlas,755,KC2,CCCCC/C=C\C/C=C\CCCCCCCCC1(OC(CO1)CCN(C)C)CCCCCCCC/C=C\C/C=C\CCCCC,CCCCC/C=C\C/C=C\CCCCCCCCC1(CCCCCCCC/C=C\C/C=C\CCCCC)OCC(CCN(C)C)O1,LRFJOIPOPUJUMI-KWXKLSQISA-N,False
lnp_atlas,756,AX4,O=C(CCN(CCCN(CCCN(CCC(OCCCCOC(C(CCCCCC)CCCC)=O)=O)CCC(OCCCCOC(C(CCCCCC)CCCC)=O)=O)C)CCC(OCCCCOC(C(CCCCCC)CCCC)=O)=O)OCCCCOC(C(CCCCCC)CCCC)=O,CCCCCCC(CCCC)C(=O)OCCCCOC(=O)CCN(CCCN(C)CCCN(CCC(=O)OCCCCOC(=O)C(CCCC)CCCCCC)CCC(=O)OCCCCOC(=O)C(CCCC)CCCCCC)CCC(=O)OCCCCOC(=O)C(CCCC)CCCCCC,ZURFHHPIXJDDLQ-UHFFFAOYSA-N,True
lnp_atlas,757,AX4,O=C(CCN(CCCN(CCCN(CCC(OCCCCOC(C(CCCCCC)CCCC)=O)=O)CCC(OCCCCOC(C(CCCCCC)CCCC)=O)=O)C)CCC(OCCCCOC(C(CCCCCC)CCCC)=O)=O)OCCCCOC(C(CCCCCC)CCCC)=O,CCCCCCC(CCCC)C(=O)OCCCCOC(=O)CCN(CCCN(C)CCCN(CCC(=O)OCCCCOC(=O)C(CCCC)CCCCCC)CCC(=O)OCCCCOC(=O)C(CCCC)CCCCCC)CCC(=O)OCCCCOC(=O)C(CCCC)CCCCCC,ZURFHHPIXJDDLQ-UHFFFAOYSA-N,False
lnp_atlas,758,AX4,O=C(CCN(CCCN(CCCN(CCC(OCCCCOC(C(CCCCCC)CCCC)=O)=O)CCC(OCCCCOC(C(CCCCCC)CCCC)=O)=O)C)CCC(OCCCCOC(C(CCCCCC)CCCC)=O)=O)OCCCCOC(C(CCCCCC)CCCC)=O,CCCCCCC(CCCC)C(=O)OCCCCOC(=O)CCN(CCCN(C)CCCN(CCC(=O)OCCCCOC(=O)C(CCCC)CCCCCC)CCC(=O)OCCCCOC(=O)C(CCCC)CCCCCC)CCC(=O)OCCCCOC(=O)C(CCCC)CCCCCC,ZURFHHPIXJDDLQ-UHFFFAOYSA-N,False
lnp_atlas,759,AX4,O=C(CCN(CCCN(CCCN(CCC(OCCCCOC(C(CCCCCC)CCCC)=O)=O)CCC(OCCCCOC(C(CCCCCC)CCCC)=O)=O)C)CCC(OCCCCOC(C(CCCCCC)CCCC)=O)=O)OCCCCOC(C(CCCCCC)CCCC)=O,CCCCCCC(CCCC)C(=O)OCCCCOC(=O)CCN(CCCN(C)CCCN(CCC(=O)OCCCCOC(=O)C(CCCC)CCCCCC)CCC(=O)OCCCCOC(=O)C(CCCC)CCCCCC)CCC(=O)OCCCCOC(=O)C(CCCC)CCCCCC,ZURFHHPIXJDDLQ-UHFFFAOYSA-N,False
lnp_atlas,760,AX4,O=C(CCN(CCCN(CCCN(CCC(OCCCCOC(C(CCCCCC)CCCC)=O)=O)CCC(OCCCCOC(C(CCCCCC)CCCC)=O)=O)C)CCC(OCCCCOC(C(CCCCCC)CCCC)=O)=O)OCCCCOC(C(CCCCCC)CCCC)=O,CCCCCCC(CCCC)C(=O)OCCCCOC(=O)CCN(CCCN(C)CCCN(CCC(=O)OCCCCOC(=O)C(CCCC)CCCCCC)CCC(=O)OCCCCOC(=O)C(CCCC)CCCCCC)CCC(=O)OCCCCOC(=O)C(CCCC)CCCCCC,ZURFHHPIXJDDLQ-UHFFFAOYSA-N,False
lnp_atlas,761,AX4,O=C(CCN(CCCN(CCCN(CCC(OCCCCOC(C(CCCCCC)CCCC)=O)=O)CCC(OCCCCOC(C(CCCCCC)CCCC)=O)=O)C)CCC(OCCCCOC(C(CCCCCC)CCCC)=O)=O)OCCCCOC(C(CCCCCC)CCCC)=O,CCCCCCC(CCCC)C(=O)OCCCCOC(=O)CCN(CCCN(C)CCCN(CCC(=O)OCCCCOC(=O)C(CCCC)CCCCCC)CCC(=O)OCCCCOC(=O)C(CCCC)CCCCCC)CCC(=O)OCCCCOC(=O)C(CCCC)CCCCCC,ZURFHHPIXJDDLQ-UHFFFAOYSA-N,False
lnp_atlas,762,AX4,O=C(CCN(CCCN(CCCN(CCC(OCCCCOC(C(CCCCCC)CCCC)=O)=O)CCC(OCCCCOC(C(CCCCCC)CCCC)=O)=O)C)CCC(OCCCCOC(C(CCCCCC)CCCC)=O)=O)OCCCCOC(C(CCCCCC)CCCC)=O,CCCCCCC(CCCC)C(=O)OCCCCOC(=O)CCN(CCCN(C)CCCN(CCC(=O)OCCCCOC(=O)C(CCCC)CCCCCC)CCC(=O)OCCCCOC(=O)C(CCCC)CCCCCC)CCC(=O)OCCCCOC(=O)C(CCCC)CCCCCC,ZURFHHPIXJDDLQ-UHFFFAOYSA-N,False
lnp_atlas,763,AX4,O=C(CCN(CCCN(CCCN(CCC(OCCCCOC(C(CCCCCC)CCCC)=O)=O)CCC(OCCCCOC(C(CCCCCC)CCCC)=O)=O)C)CCC(OCCCCOC(C(CCCCCC)CCCC)=O)=O)OCCCCOC(C(CCCCCC)CCCC)=O,CCCCCCC(CCCC)C(=O)OCCCCOC(=O)CCN(CCCN(C)CCCN(CCC(=O)OCCCCOC(=O)C(CCCC)CCCCCC)CCC(=O)OCCCCOC(=O)C(CCCC)CCCCCC)CCC(=O)OCCCCOC(=O)C(CCCC)CCCCCC,ZURFHHPIXJDDLQ-UHFFFAOYSA-N,False
lnp_atlas,764,AX4,O=C(CCN(CCCN(CCCN(CCC(OCCCCOC(C(CCCCCC)CCCC)=O)=O)CCC(OCCCCOC(C(CCCCCC)CCCC)=O)=O)C)CCC(OCCCCOC(C(CCCCCC)CCCC)=O)=O)OCCCCOC(C(CCCCCC)CCCC)=O,CCCCCCC(CCCC)C(=O)OCCCCOC(=O)CCN(CCCN(C)CCCN(CCC(=O)OCCCCOC(=O)C(CCCC)CCCCCC)CCC(=O)OCCCCOC(=O)C(CCCC)CCCCCC)CCC(=O)OCCCCOC(=O)C(CCCC)CCCCCC,ZURFHHPIXJDDLQ-UHFFFAOYSA-N,False
lnp_atlas,765,AX4,O=C(CCN(CCCN(CCCN(CCC(OCCCCOC(C(CCCCCC)CCCC)=O)=O)CCC(OCCCCOC(C(CCCCCC)CCCC)=O)=O)C)CCC(OCCCCOC(C(CCCCCC)CCCC)=O)=O)OCCCCOC(C(CCCCCC)CCCC)=O,CCCCCCC(CCCC)C(=O)OCCCCOC(=O)CCN(CCCN(C)CCCN(CCC(=O)OCCCCOC(=O)C(CCCC)CCCCCC)CCC(=O)OCCCCOC(=O)C(CCCC)CCCCCC)CCC(=O)OCCCCOC(=O)C(CCCC)CCCCCC,ZURFHHPIXJDDLQ-UHFFFAOYSA-N,False
lnp_atlas,766,AX4,O=C(CCN(CCCN(CCCN(CCC(OCCCCOC(C(CCCCCC)CCCC)=O)=O)CCC(OCCCCOC(C(CCCCCC)CCCC)=O)=O)C)CCC(OCCCCOC(C(CCCCCC)CCCC)=O)=O)OCCCCOC(C(CCCCCC)CCCC)=O,CCCCCCC(CCCC)C(=O)OCCCCOC(=O)CCN(CCCN(C)CCCN(CCC(=O)OCCCCOC(=O)C(CCCC)CCCCCC)CCC(=O)OCCCCOC(=O)C(CCCC)CCCCCC)CCC(=O)OCCCCOC(=O)C(CCCC)CCCCCC,ZURFHHPIXJDDLQ-UHFFFAOYSA-N,False
lnp_atlas,767,AX4,O=C(CCN(CCCN(CCCN(CCC(OCCCCOC(C(CCCCCC)CCCC)=O)=O)CCC(OCCCCOC(C(CCCCCC)CCCC)=O)=O)C)CCC(OCCCCOC(C(CCCCCC)CCCC)=O)=O)OCCCCOC(C(CCCCCC)CCCC)=O,CCCCCCC(CCCC)C(=O)OCCCCOC(=O)CCN(CCCN(C)CCCN(CCC(=O)OCCCCOC(=O)C(CCCC)CCCCCC)CCC(=O)OCCCCOC(=O)C(CCCC)CCCCCC)CCC(=O)OCCCCOC(=O)C(CCCC)CCCCCC,ZURFHHPIXJDDLQ-UHFFFAOYSA-N,False
lnp_atlas,768,AX4,O=C(CCN(CCCN(CCCN(CCC(OCCCCOC(C(CCCCCC)CCCC)=O)=O)CCC(OCCCCOC(C(CCCCCC)CCCC)=O)=O)C)CCC(OCCCCOC(C(CCCCCC)CCCC)=O)=O)OCCCCOC(C(CCCCCC)CCCC)=O,CCCCCCC(CCCC)C(=O)OCCCCOC(=O)CCN(CCCN(C)CCCN(CCC(=O)OCCCCOC(=O)C(CCCC)CCCCCC)CCC(=O)OCCCCOC(=O)C(CCCC)CCCCCC)CCC(=O)OCCCCOC(=O)C(CCCC)CCCCCC,ZURFHHPIXJDDLQ-UHFFFAOYSA-N,False
lnp_atlas,769,AX4,O=C(CCN(CCCN(CCCN(CCC(OCCCCOC(C(CCCCCC)CCCC)=O)=O)CCC(OCCCCOC(C(CCCCCC)CCCC)=O)=O)C)CCC(OCCCCOC(C(CCCCCC)CCCC)=O)=O)OCCCCOC(C(CCCCCC)CCCC)=O,CCCCCCC(CCCC)C(=O)OCCCCOC(=O)CCN(CCCN(C)CCCN(CCC(=O)OCCCCOC(=O)C(CCCC)CCCCCC)CCC(=O)OCCCCOC(=O)C(CCCC)CCCCCC)CCC(=O)OCCCCOC(=O)C(CCCC)CCCCCC,ZURFHHPIXJDDLQ-UHFFFAOYSA-N,False
lnp_atlas,770,AX4,O=C(CCN(CCCN(CCCN(CCC(OCCCCOC(C(CCCCCC)CCCC)=O)=O)CCC(OCCCCOC(C(CCCCCC)CCCC)=O)=O)C)CCC(OCCCCOC(C(CCCCCC)CCCC)=O)=O)OCCCCOC(C(CCCCCC)CCCC)=O,CCCCCCC(CCCC)C(=O)OCCCCOC(=O)CCN(CCCN(C)CCCN(CCC(=O)OCCCCOC(=O)C(CCCC)CCCCCC)CCC(=O)OCCCCOC(=O)C(CCCC)CCCCCC)CCC(=O)OCCCCOC(=O)C(CCCC)CCCCCC,ZURFHHPIXJDDLQ-UHFFFAOYSA-N,False
lnp_atlas,771,AX4,O=C(CCN(CCCN(CCCN(CCC(OCCCCOC(C(CCCCCC)CCCC)=O)=O)CCC(OCCCCOC(C(CCCCCC)CCCC)=O)=O)C)CCC(OCCCCOC(C(CCCCCC)CCCC)=O)=O)OCCCCOC(C(CCCCCC)CCCC)=O,CCCCCCC(CCCC)C(=O)OCCCCOC(=O)CCN(CCCN(C)CCCN(CCC(=O)OCCCCOC(=O)C(CCCC)CCCCCC)CCC(=O)OCCCCOC(=O)C(CCCC)CCCCCC)CCC(=O)OCCCCOC(=O)C(CCCC)CCCCCC,ZURFHHPIXJDDLQ-UHFFFAOYSA-N,False
lnp_atlas,772,AX4,O=C(CCN(CCCN(CCCN(CCC(OCCCCOC(C(CCCCCC)CCCC)=O)=O)CCC(OCCCCOC(C(CCCCCC)CCCC)=O)=O)C)CCC(OCCCCOC(C(CCCCCC)CCCC)=O)=O)OCCCCOC(C(CCCCCC)CCCC)=O,CCCCCCC(CCCC)C(=O)OCCCCOC(=O)CCN(CCCN(C)CCCN(CCC(=O)OCCCCOC(=O)C(CCCC)CCCCCC)CCC(=O)OCCCCOC(=O)C(CCCC)CCCCCC)CCC(=O)OCCCCOC(=O)C(CCCC)CCCCCC,ZURFHHPIXJDDLQ-UHFFFAOYSA-N,False
lnp_atlas,773,AX4,O=C(CCN(CCCN(CCCN(CCC(OCCCCOC(C(CCCCCC)CCCC)=O)=O)CCC(OCCCCOC(C(CCCCCC)CCCC)=O)=O)C)CCC(OCCCCOC(C(CCCCCC)CCCC)=O)=O)OCCCCOC(C(CCCCCC)CCCC)=O,CCCCCCC(CCCC)C(=O)OCCCCOC(=O)CCN(CCCN(C)CCCN(CCC(=O)OCCCCOC(=O)C(CCCC)CCCCCC)CCC(=O)OCCCCOC(=O)C(CCCC)CCCCCC)CCC(=O)OCCCCOC(=O)C(CCCC)CCCCCC,ZURFHHPIXJDDLQ-UHFFFAOYSA-N,False
lnp_atlas,774,AX4,O=C(CCN(CCCN(CCCN(CCC(OCCCCOC(C(CCCCCC)CCCC)=O)=O)CCC(OCCCCOC(C(CCCCCC)CCCC)=O)=O)C)CCC(OCCCCOC(C(CCCCCC)CCCC)=O)=O)OCCCCOC(C(CCCCCC)CCCC)=O,CCCCCCC(CCCC)C(=O)OCCCCOC(=O)CCN(CCCN(C)CCCN(CCC(=O)OCCCCOC(=O)C(CCCC)CCCCCC)CCC(=O)OCCCCOC(=O)C(CCCC)CCCCCC)CCC(=O)OCCCCOC(=O)C(CCCC)CCCCCC,ZURFHHPIXJDDLQ-UHFFFAOYSA-N,False
lnp_atlas,775,AX4,O=C(CCN(CCCN(CCCN(CCC(OCCCCOC(C(CCCCCC)CCCC)=O)=O)CCC(OCCCCOC(C(CCCCCC)CCCC)=O)=O)C)CCC(OCCCCOC(C(CCCCCC)CCCC)=O)=O)OCCCCOC(C(CCCCCC)CCCC)=O,CCCCCCC(CCCC)C(=O)OCCCCOC(=O)CCN(CCCN(C)CCCN(CCC(=O)OCCCCOC(=O)C(CCCC)CCCCCC)CCC(=O)OCCCCOC(=O)C(CCCC)CCCCCC)CCC(=O)OCCCCOC(=O)C(CCCC)CCCCCC,ZURFHHPIXJDDLQ-UHFFFAOYSA-N,False
lnp_atlas,776,AX4,O=C(CCN(CCCN(CCCN(CCC(OCCCCOC(C(CCCCCC)CCCC)=O)=O)CCC(OCCCCOC(C(CCCCCC)CCCC)=O)=O)C)CCC(OCCCCOC(C(CCCCCC)CCCC)=O)=O)OCCCCOC(C(CCCCCC)CCCC)=O,CCCCCCC(CCCC)C(=O)OCCCCOC(=O)CCN(CCCN(C)CCCN(CCC(=O)OCCCCOC(=O)C(CCCC)CCCCCC)CCC(=O)OCCCCOC(=O)C(CCCC)CCCCCC)CCC(=O)OCCCCOC(=O)C(CCCC)CCCCCC,ZURFHHPIXJDDLQ-UHFFFAOYSA-N,False
lnp_atlas,777,MC3 (Dlin-MC3-DMA),CCCCC/C=C\C/C=C\CCCCCCCCC(OC(=O)CCCN(C)C)CCCCCCCC/C=C\C/C=C\CCCCC,CCCCC/C=C\C/C=C\CCCCCCCCC(CCCCCCCC/C=C\C/C=C\CCCCC)OC(=O)CCCN(C)C,NRLNQCOGCKAESA-KWXKLSQISA-N,False
lnp_atlas,778,MC3,CCCCC/C=C\C/C=C\CCCCCCCCC(OC(=O)CCCN(C)C)CCCCCCCC/C=C\C/C=C\CCCCC,CCCCC/C=C\C/C=C\CCCCCCCCC(CCCCCCCC/C=C\C/C=C\CCCCC)OC(=O)CCCN(C)C,NRLNQCOGCKAESA-KWXKLSQISA-N,False
lnp_atlas,779,MC3,CCCCC/C=C\C/C=C\CCCCCCCCC(OC(=O)CCCN(C)C)CCCCCCCC/C=C\C/C=C\CCCCC,CCCCC/C=C\C/C=C\CCCCCCCCC(CCCCCCCC/C=C\C/C=C\CCCCC)OC(=O)CCCN(C)C,NRLNQCOGCKAESA-KWXKLSQISA-N,False
lnp_atlas,780,MC3,CCCCC/C=C\C/C=C\CCCCCCCCC(OC(=O)CCCN(C)C)CCCCCCCC/C=C\C/C=C\CCCCC,CCCCC/C=C\C/C=C\CCCCCCCCC(CCCCCCCC/C=C\C/C=C\CCCCC)OC(=O)CCCN(C)C,NRLNQCOGCKAESA-KWXKLSQISA-N,False
lnp_atlas,781,MC3,CCCCC/C=C\C/C=C\CCCCCCCCC(OC(=O)CCCN(C)C)CCCCCCCC/C=C\C/C=C\CCCCC,CCCCC/C=C\C/C=C\CCCCCCCCC(CCCCCCCC/C=C\C/C=C\CCCCC)OC(=O)CCCN(C)C,NRLNQCOGCKAESA-KWXKLSQISA-N,False
lnp_atlas,782,SM-102,CCCCCCCCCCCOC(=O)CCCCCN(CCCCCCCC(=O)OC(CCCCCCCC)CCCCCCCC)CCO,CCCCCCCCCCCOC(=O)CCCCCN(CCO)CCCCCCCC(=O)OC(CCCCCCCC)CCCCCCCC,BGNVBNJYBVCBJH-UHFFFAOYSA-N,False
lnp_atlas,783,SM-102,CCCCCCCCCCCOC(=O)CCCCCN(CCCCCCCC(=O)OC(CCCCCCCC)CCCCCCCC)CCO,CCCCCCCCCCCOC(=O)CCCCCN(CCO)CCCCCCCC(=O)OC(CCCCCCCC)CCCCCCCC,BGNVBNJYBVCBJH-UHFFFAOYSA-N,False
lnp_atlas,784,ALC-0315,CCCCCCCCC(CCCCCC)C(=O)OCCCCCCN(CCCCCCOC(=O)C(CCCCCC)CCCCCCCC)CCCCO,CCCCCCCCC(CCCCCC)C(=O)OCCCCCCN(CCCCO)CCCCCCOC(=O)C(CCCCCC)CCCCCCCC,QGWBEETXHOVFQS-UHFFFAOYSA-N,False
lnp_atlas,785,ALC-0315,CCCCCCCCC(CCCCCC)C(=O)OCCCCCCN(CCCCCCOC(=O)C(CCCCCC)CCCCCCCC)CCCCO,CCCCCCCCC(CCCCCC)C(=O)OCCCCCCN(CCCCO)CCCCCCOC(=O)C(CCCCCC)CCCCCCCC,QGWBEETXHOVFQS-UHFFFAOYSA-N,False
lnp_atlas,786,"SM-102 analog (BP-26399, 3-carbon head)",CCCCCCCCCCCOC(=O)CCCCCN(CCCCCCCC(=O)OC(CCCCCCCC)CCCCCCCC)CCO,CCCCCCCCCCCOC(=O)CCCCCN(CCO)CCCCCCCC(=O)OC(CCCCCCCC)CCCCCCCC,BGNVBNJYBVCBJH-UHFFFAOYSA-N,False
lnp_atlas,787,"SM-102 analog (BP-26367, modified ester position)",CCCCCCCCCCCOC(=O)CCCCCN(CCCCCCCC(=O)OC(CCCCCCCC)CCCCCCCC)CCO,CCCCCCCCCCCOC(=O)CCCCCN(CCO)CCCCCCCC(=O)OC(CCCCCCCC)CCCCCCCC,BGNVBNJYBVCBJH-UHFFFAOYSA-N,False
lnp_atlas,788,"SM-102 analog (BP-26361, modified ester position)",CCCCCCCCCCCOC(=O)CCCCCN(CCCCCCCC(=O)OC(CCCCCCCC)CCCCCCCC)CCO,CCCCCCCCCCCOC(=O)CCCCCN(CCO)CCCCCCCC(=O)OC(CCCCCCCC)CCCCCCCC,BGNVBNJYBVCBJH-UHFFFAOYSA-N,False
lnp_atlas,789,"SM-102 analog (BP-26371, modified alkyl tail)",CCCCCCCCCCCOC(=O)CCCCCN(CCCCCCCC(=O)OC(CCCCCCCC)CCCCCCCC)CCO,CCCCCCCCCCCOC(=O)CCCCCN(CCO)CCCCCCCC(=O)OC(CCCCCCCC)CCCCCCCC,BGNVBNJYBVCBJH-UHFFFAOYSA-N,False
lnp_atlas,790,4A3-SC8,O=C(CCN(CCCN(CCCN(CCC(OCCOC(C(CSCCCCCCCC)C)=O)=O)CCC(OCCOC(C(CSCCCCCCCC)C)=O)=O)C)CCC(OCCOC(C(CSCCCCCCCC)C)=O)=O)OCCOC(C(CSCCCCCCCC)C)=O,CCCCCCCCSCC(C)C(=O)OCCOC(=O)CCN(CCCN(C)CCCN(CCC(=O)OCCOC(=O)C(C)CSCCCCCCCC)CCC(=O)OCCOC(=O)C(C)CSCCCCCCCC)CCC(=O)OCCOC(=O)C(C)CSCCCCCCCC,HMIDEMNFLBUNTB-UHFFFAOYSA-N,True
lnp_atlas,791,4A3-SC8,O=C(CCN(CCCN(CCCN(CCC(OCCOC(C(CSCCCCCCCC)C)=O)=O)CCC(OCCOC(C(CSCCCCCCCC)C)=O)=O)C)CCC(OCCOC(C(CSCCCCCCCC)C)=O)=O)OCCOC(C(CSCCCCCCCC)C)=O,CCCCCCCCSCC(C)C(=O)OCCOC(=O)CCN(CCCN(C)CCCN(CCC(=O)OCCOC(=O)C(C)CSCCCCCCCC)CCC(=O)OCCOC(=O)C(C)CSCCCCCCCC)CCC(=O)OCCOC(=O)C(C)CSCCCCCCCC,HMIDEMNFLBUNTB-UHFFFAOYSA-N,False
lnp_atlas,792,4A3-SC8,O=C(CCN(CCCN(CCCN(CCC(OCCOC(C(CSCCCCCCCC)C)=O)=O)CCC(OCCOC(C(CSCCCCCCCC)C)=O)=O)C)CCC(OCCOC(C(CSCCCCCCCC)C)=O)=O)OCCOC(C(CSCCCCCCCC)C)=O,CCCCCCCCSCC(C)C(=O)OCCOC(=O)CCN(CCCN(C)CCCN(CCC(=O)OCCOC(=O)C(C)CSCCCCCCCC)CCC(=O)OCCOC(=O)C(C)CSCCCCCCCC)CCC(=O)OCCOC(=O)C(C)CSCCCCCCCC,HMIDEMNFLBUNTB-UHFFFAOYSA-N,False
lnp_atlas,793,4A3-SC8,O=C(CCN(CCCN(CCCN(CCC(OCCOC(C(CSCCCCCCCC)C)=O)=O)CCC(OCCOC(C(CSCCCCCCCC)C)=O)=O)C)CCC(OCCOC(C(CSCCCCCCCC)C)=O)=O)OCCOC(C(CSCCCCCCCC)C)=O,CCCCCCCCSCC(C)C(=O)OCCOC(=O)CCN(CCCN(C)CCCN(CCC(=O)OCCOC(=O)C(C)CSCCCCCCCC)CCC(=O)OCCOC(=O)C(C)CSCCCCCCCC)CCC(=O)OCCOC(=O)C(C)CSCCCCCCCC,HMIDEMNFLBUNTB-UHFFFAOYSA-N,False
lnp_atlas,794,4A3-SC8,O=C(CCN(CCCN(CCCN(CCC(OCCOC(C(CSCCCCCCCC)C)=O)=O)CCC(OCCOC(C(CSCCCCCCCC)C)=O)=O)C)CCC(OCCOC(C(CSCCCCCCCC)C)=O)=O)OCCOC(C(CSCCCCCCCC)C)=O,CCCCCCCCSCC(C)C(=O)OCCOC(=O)CCN(CCCN(C)CCCN(CCC(=O)OCCOC(=O)C(C)CSCCCCCCCC)CCC(=O)OCCOC(=O)C(C)CSCCCCCCCC)CCC(=O)OCCOC(=O)C(C)CSCCCCCCCC,HMIDEMNFLBUNTB-UHFFFAOYSA-N,False
lnp_atlas,795,4A3-SC8,O=C(CCN(CCCN(CCCN(CCC(OCCOC(C(CSCCCCCCCC)C)=O)=O)CCC(OCCOC(C(CSCCCCCCCC)C)=O)=O)C)CCC(OCCOC(C(CSCCCCCCCC)C)=O)=O)OCCOC(C(CSCCCCCCCC)C)=O,CCCCCCCCSCC(C)C(=O)OCCOC(=O)CCN(CCCN(C)CCCN(CCC(=O)OCCOC(=O)C(C)CSCCCCCCCC)CCC(=O)OCCOC(=O)C(C)CSCCCCCCCC)CCC(=O)OCCOC(=O)C(C)CSCCCCCCCC,HMIDEMNFLBUNTB-UHFFFAOYSA-N,False
lnp_atlas,796,4A3-SC8,O=C(CCN(CCCN(CCCN(CCC(OCCOC(C(CSCCCCCCCC)C)=O)=O)CCC(OCCOC(C(CSCCCCCCCC)C)=O)=O)C)CCC(OCCOC(C(CSCCCCCCCC)C)=O)=O)OCCOC(C(CSCCCCCCCC)C)=O,CCCCCCCCSCC(C)C(=O)OCCOC(=O)CCN(CCCN(C)CCCN(CCC(=O)OCCOC(=O)C(C)CSCCCCCCCC)CCC(=O)OCCOC(=O)C(C)CSCCCCCCCC)CCC(=O)OCCOC(=O)C(C)CSCCCCCCCC,HMIDEMNFLBUNTB-UHFFFAOYSA-N,False
lnp_atlas,797,4A3-SC8,O=C(CCN(CCCN(CCCN(CCC(OCCOC(C(CSCCCCCCCC)C)=O)=O)CCC(OCCOC(C(CSCCCCCCCC)C)=O)=O)C)CCC(OCCOC(C(CSCCCCCCCC)C)=O)=O)OCCOC(C(CSCCCCCCCC)C)=O,CCCCCCCCSCC(C)C(=O)OCCOC(=O)CCN(CCCN(C)CCCN(CCC(=O)OCCOC(=O)C(C)CSCCCCCCCC)CCC(=O)OCCOC(=O)C(C)CSCCCCCCCC)CCC(=O)OCCOC(=O)C(C)CSCCCCCCCC,HMIDEMNFLBUNTB-UHFFFAOYSA-N,False
lnp_atlas,798,4A3-SC8,O=C(CCN(CCCN(CCCN(CCC(OCCOC(C(CSCCCCCCCC)C)=O)=O)CCC(OCCOC(C(CSCCCCCCCC)C)=O)=O)C)CCC(OCCOC(C(CSCCCCCCCC)C)=O)=O)OCCOC(C(CSCCCCCCCC)C)=O,CCCCCCCCSCC(C)C(=O)OCCOC(=O)CCN(CCCN(C)CCCN(CCC(=O)OCCOC(=O)C(C)CSCCCCCCCC)CCC(=O)OCCOC(=O)C(C)CSCCCCCCCC)CCC(=O)OCCOC(=O)C(C)CSCCCCCCCC,HMIDEMNFLBUNTB-UHFFFAOYSA-N,False
lnp_atlas,799,4A3-SC8,O=C(CCN(CCCN(CCCN(CCC(OCCOC(C(CSCCCCCCCC)C)=O)=O)CCC(OCCOC(C(CSCCCCCCCC)C)=O)=O)C)CCC(OCCOC(C(CSCCCCCCCC)C)=O)=O)OCCOC(C(CSCCCCCCCC)C)=O,CCCCCCCCSCC(C)C(=O)OCCOC(=O)CCN(CCCN(C)CCCN(CCC(=O)OCCOC(=O)C(C)CSCCCCCCCC)CCC(=O)OCCOC(=O)C(C)CSCCCCCCCC)CCC(=O)OCCOC(=O)C(C)CSCCCCCCCC,HMIDEMNFLBUNTB-UHFFFAOYSA-N,False
lnp_atlas,800,4A3-SC8,O=C(CCN(CCCN(CCCN(CCC(OCCOC(C(CSCCCCCCCC)C)=O)=O)CCC(OCCOC(C(CSCCCCCCCC)C)=O)=O)C)CCC(OCCOC(C(CSCCCCCCCC)C)=O)=O)OCCOC(C(CSCCCCCCCC)C)=O,CCCCCCCCSCC(C)C(=O)OCCOC(=O)CCN(CCCN(C)CCCN(CCC(=O)OCCOC(=O)C(C)CSCCCCCCCC)CCC(=O)OCCOC(=O)C(C)CSCCCCCCCC)CCC(=O)OCCOC(=O)C(C)CSCCCCCCCC,HMIDEMNFLBUNTB-UHFFFAOYSA-N,False
lnp_atlas,801,4A3-SC8,O=C(CCN(CCCN(CCCN(CCC(OCCOC(C(CSCCCCCCCC)C)=O)=O)CCC(OCCOC(C(CSCCCCCCCC)C)=O)=O)C)CCC(OCCOC(C(CSCCCCCCCC)C)=O)=O)OCCOC(C(CSCCCCCCCC)C)=O,CCCCCCCCSCC(C)C(=O)OCCOC(=O)CCN(CCCN(C)CCCN(CCC(=O)OCCOC(=O)C(C)CSCCCCCCCC)CCC(=O)OCCOC(=O)C(C)CSCCCCCCCC)CCC(=O)OCCOC(=O)C(C)CSCCCCCCCC,HMIDEMNFLBUNTB-UHFFFAOYSA-N,False
lnp_atlas,802,4A3-SC8,O=C(CCN(CCCN(CCCN(CCC(OCCOC(C(CSCCCCCCCC)C)=O)=O)CCC(OCCOC(C(CSCCCCCCCC)C)=O)=O)C)CCC(OCCOC(C(CSCCCCCCCC)C)=O)=O)OCCOC(C(CSCCCCCCCC)C)=O,CCCCCCCCSCC(C)C(=O)OCCOC(=O)CCN(CCCN(C)CCCN(CCC(=O)OCCOC(=O)C(C)CSCCCCCCCC)CCC(=O)OCCOC(=O)C(C)CSCCCCCCCC)CCC(=O)OCCOC(=O)C(C)CSCCCCCCCC,HMIDEMNFLBUNTB-UHFFFAOYSA-N,False
lnp_atlas,803,DLin-MC3-DMA,CCCCC/C=C\C/C=C\CCCCCCCCC(OC(=O)CCCN(C)C)CCCCCCCC/C=C\C/C=C\CCCCC,CCCCC/C=C\C/C=C\CCCCCCCCC(CCCCCCCC/C=C\C/C=C\CCCCC)OC(=O)CCCN(C)C,NRLNQCOGCKAESA-KWXKLSQISA-N,False
lnp_atlas,804,DLin-MC3-DMA,CCCCC/C=C\C/C=C\CCCCCCCCC(OC(=O)CCCN(C)C)CCCCCCCC/C=C\C/C=C\CCCCC,CCCCC/C=C\C/C=C\CCCCCCCCC(CCCCCCCC/C=C\C/C=C\CCCCC)OC(=O)CCCN(C)C,NRLNQCOGCKAESA-KWXKLSQISA-N,False
lnp_atlas,805,DLin-MC3-DMA,CCCCC/C=C\C/C=C\CCCCCCCCC(OC(=O)CCCN(C)C)CCCCCCCC/C=C\C/C=C\CCCCC,CCCCC/C=C\C/C=C\CCCCCCCCC(CCCCCCCC/C=C\C/C=C\CCCCC)OC(=O)CCCN(C)C,NRLNQCOGCKAESA-KWXKLSQISA-N,False
lnp_atlas,806,DLin-MC3-DMA,CCCCC/C=C\C/C=C\CCCCCCCCC(OC(=O)CCCN(C)C)CCCCCCCC/C=C\C/C=C\CCCCC,CCCCC/C=C\C/C=C\CCCCCCCCC(CCCCCCCC/C=C\C/C=C\CCCCC)OC(=O)CCCN(C)C,NRLNQCOGCKAESA-KWXKLSQISA-N,False
lnp_atlas,807,DLin-MC3-DMA,CCCCC/C=C\C/C=C\CCCCCCCCC(OC(=O)CCCN(C)C)CCCCCCCC/C=C\C/C=C\CCCCC,CCCCC/C=C\C/C=C\CCCCCCCCC(CCCCCCCC/C=C\C/C=C\CCCCC)OC(=O)CCCN(C)C,NRLNQCOGCKAESA-KWXKLSQISA-N,False
lnp_atlas,808,DLin-MC3-DMA,CCCCC/C=C\C/C=C\CCCCCCCCC(OC(=O)CCCN(C)C)CCCCCCCC/C=C\C/C=C\CCCCC,CCCCC/C=C\C/C=C\CCCCCCCCC(CCCCCCCC/C=C\C/C=C\CCCCC)OC(=O)CCCN(C)C,NRLNQCOGCKAESA-KWXKLSQISA-N,False
lnp_atlas,809,DLin-MC3-DMA,CCCCC/C=C\C/C=C\CCCCCCCCC(OC(=O)CCCN(C)C)CCCCCCCC/C=C\C/C=C\CCCCC,CCCCC/C=C\C/C=C\CCCCCCCCC(CCCCCCCC/C=C\C/C=C\CCCCC)OC(=O)CCCN(C)C,NRLNQCOGCKAESA-KWXKLSQISA-N,False
lnp_atlas,810,DLin-MC3-DMA,CCCCC/C=C\C/C=C\CCCCCCCCC(OC(=O)CCCN(C)C)CCCCCCCC/C=C\C/C=C\CCCCC,CCCCC/C=C\C/C=C\CCCCCCCCC(CCCCCCCC/C=C\C/C=C\CCCCC)OC(=O)CCCN(C)C,NRLNQCOGCKAESA-KWXKLSQISA-N,False
lnp_atlas,811,DLin-MC3-DMA,CCCCC/C=C\C/C=C\CCCCCCCCC(OC(=O)CCCN(C)C)CCCCCCCC/C=C\C/C=C\CCCCC,CCCCC/C=C\C/C=C\CCCCCCCCC(CCCCCCCC/C=C\C/C=C\CCCCC)OC(=O)CCCN(C)C,NRLNQCOGCKAESA-KWXKLSQISA-N,False
lnp_atlas,812,DLin-MC3-DMA,CCCCC/C=C\C/C=C\CCCCCCCCC(OC(=O)CCCN(C)C)CCCCCCCC/C=C\C/C=C\CCCCC,CCCCC/C=C\C/C=C\CCCCCCCCC(CCCCCCCC/C=C\C/C=C\CCCCC)OC(=O)CCCN(C)C,NRLNQCOGCKAESA-KWXKLSQISA-N,False
lnp_atlas,813,MC3 (DLin-MC3-DMA),CCCCC/C=C\C/C=C\CCCCCCCCC(OC(=O)CCCN(C)C)CCCCCCCC/C=C\C/C=C\CCCCC,CCCCC/C=C\C/C=C\CCCCCCCCC(CCCCCCCC/C=C\C/C=C\CCCCC)OC(=O)CCCN(C)C,NRLNQCOGCKAESA-KWXKLSQISA-N,False
lnp_atlas,814,MC3 (DLin-MC3-DMA),CCCCC/C=C\C/C=C\CCCCCCCCC(OC(=O)CCCN(C)C)CCCCCCCC/C=C\C/C=C\CCCCC,CCCCC/C=C\C/C=C\CCCCCCCCC(CCCCCCCC/C=C\C/C=C\CCCCC)OC(=O)CCCN(C)C,NRLNQCOGCKAESA-KWXKLSQISA-N,False
lnp_atlas,815,MC3 (DLin-MC3-DMA),CCCCC/C=C\C/C=C\CCCCCCCCC(OC(=O)CCCN(C)C)CCCCCCCC/C=C\C/C=C\CCCCC,CCCCC/C=C\C/C=C\CCCCCCCCC(CCCCCCCC/C=C\C/C=C\CCCCC)OC(=O)CCCN(C)C,NRLNQCOGCKAESA-KWXKLSQISA-N,False
lnp_atlas,816,MC3 (DLin-MC3-DMA),CCCCC/C=C\C/C=C\CCCCCCCCC(OC(=O)CCCN(C)C)CCCCCCCC/C=C\C/C=C\CCCCC,CCCCC/C=C\C/C=C\CCCCCCCCC(CCCCCCCC/C=C\C/C=C\CCCCC)OC(=O)CCCN(C)C,NRLNQCOGCKAESA-KWXKLSQISA-N,False
lnp_atlas,817,MC3 (DLin-MC3-DMA),CCCCC/C=C\C/C=C\CCCCCCCCC(OC(=O)CCCN(C)C)CCCCCCCC/C=C\C/C=C\CCCCC,CCCCC/C=C\C/C=C\CCCCCCCCC(CCCCCCCC/C=C\C/C=C\CCCCC)OC(=O)CCCN(C)C,NRLNQCOGCKAESA-KWXKLSQISA-N,False
lnp_atlas,818,MC3 (DLin-MC3-DMA),CCCCC/C=C\C/C=C\CCCCCCCCC(OC(=O)CCCN(C)C)CCCCCCCC/C=C\C/C=C\CCCCC,CCCCC/C=C\C/C=C\CCCCCCCCC(CCCCCCCC/C=C\C/C=C\CCCCC)OC(=O)CCCN(C)C,NRLNQCOGCKAESA-KWXKLSQISA-N,False
lnp_atlas,819,MC3 (DLin-MC3-DMA),CCCCC/C=C\C/C=C\CCCCCCCCC(OC(=O)CCCN(C)C)CCCCCCCC/C=C\C/C=C\CCCCC,CCCCC/C=C\C/C=C\CCCCCCCCC(CCCCCCCC/C=C\C/C=C\CCCCC)OC(=O)CCCN(C)C,NRLNQCOGCKAESA-KWXKLSQISA-N,False
lnp_atlas,820,MC3 (DLin-MC3-DMA),CCCCC/C=C\C/C=C\CCCCCCCCC(OC(=O)CCCN(C)C)CCCCCCCC/C=C\C/C=C\CCCCC,CCCCC/C=C\C/C=C\CCCCCCCCC(CCCCCCCC/C=C\C/C=C\CCCCC)OC(=O)CCCN(C)C,NRLNQCOGCKAESA-KWXKLSQISA-N,False
lnp_atlas,821,MC3 (DLin-MC3-DMA),CCCCC/C=C\C/C=C\CCCCCCCCC(OC(=O)CCCN(C)C)CCCCCCCC/C=C\C/C=C\CCCCC,CCCCC/C=C\C/C=C\CCCCCCCCC(CCCCCCCC/C=C\C/C=C\CCCCC)OC(=O)CCCN(C)C,NRLNQCOGCKAESA-KWXKLSQISA-N,False
lnp_atlas,822,MC3 (DLin-MC3-DMA),CCCCC/C=C\C/C=C\CCCCCCCCC(OC(=O)CCCN(C)C)CCCCCCCC/C=C\C/C=C\CCCCC,CCCCC/C=C\C/C=C\CCCCCCCCC(CCCCCCCC/C=C\C/C=C\CCCCC)OC(=O)CCCN(C)C,NRLNQCOGCKAESA-KWXKLSQISA-N,False
lnp_atlas,823,MC3 (DLin-MC3-DMA),CCCCC/C=C\C/C=C\CCCCCCCCC(OC(=O)CCCN(C)C)CCCCCCCC/C=C\C/C=C\CCCCC,CCCCC/C=C\C/C=C\CCCCCCCCC(CCCCCCCC/C=C\C/C=C\CCCCC)OC(=O)CCCN(C)C,NRLNQCOGCKAESA-KWXKLSQISA-N,False
lnp_atlas,824,MC3 (DLin-MC3-DMA),CCCCC/C=C\C/C=C\CCCCCCCCC(OC(=O)CCCN(C)C)CCCCCCCC/C=C\C/C=C\CCCCC,CCCCC/C=C\C/C=C\CCCCCCCCC(CCCCCCCC/C=C\C/C=C\CCCCC)OC(=O)CCCN(C)C,NRLNQCOGCKAESA-KWXKLSQISA-N,False
lnp_atlas,825,MC3 (DLin-MC3-DMA),CCCCC/C=C\C/C=C\CCCCCCCCC(OC(=O)CCCN(C)C)CCCCCCCC/C=C\C/C=C\CCCCC,CCCCC/C=C\C/C=C\CCCCCCCCC(CCCCCCCC/C=C\C/C=C\CCCCC)OC(=O)CCCN(C)C,NRLNQCOGCKAESA-KWXKLSQISA-N,False
lnp_atlas,826,MC3 (DLin-MC3-DMA),CCCCC/C=C\C/C=C\CCCCCCCCC(OC(=O)CCCN(C)C)CCCCCCCC/C=C\C/C=C\CCCCC,CCCCC/C=C\C/C=C\CCCCCCCCC(CCCCCCCC/C=C\C/C=C\CCCCC)OC(=O)CCCN(C)C,NRLNQCOGCKAESA-KWXKLSQISA-N,False
lnp_atlas,827,MC3 (DLin-MC3-DMA),CCCCC/C=C\C/C=C\CCCCCCCCC(OC(=O)CCCN(C)C)CCCCCCCC/C=C\C/C=C\CCCCC,CCCCC/C=C\C/C=C\CCCCCCCCC(CCCCCCCC/C=C\C/C=C\CCCCC)OC(=O)CCCN(C)C,NRLNQCOGCKAESA-KWXKLSQISA-N,False
lnp_atlas,828,MC3 (DLin-MC3-DMA),CCCCC/C=C\C/C=C\CCCCCCCCC(OC(=O)CCCN(C)C)CCCCCCCC/C=C\C/C=C\CCCCC,CCCCC/C=C\C/C=C\CCCCCCCCC(CCCCCCCC/C=C\C/C=C\CCCCC)OC(=O)CCCN(C)C,NRLNQCOGCKAESA-KWXKLSQISA-N,False
lnp_atlas,829,MC3 (DLin-MC3-DMA),CCCCC/C=C\C/C=C\CCCCCCCCC(OC(=O)CCCN(C)C)CCCCCCCC/C=C\C/C=C\CCCCC,CCCCC/C=C\C/C=C\CCCCCCCCC(CCCCCCCC/C=C\C/C=C\CCCCC)OC(=O)CCCN(C)C,NRLNQCOGCKAESA-KWXKLSQISA-N,False
lnp_atlas,830,MC3 (DLin-MC3-DMA),CCCCC/C=C\C/C=C\CCCCCCCCC(OC(=O)CCCN(C)C)CCCCCCCC/C=C\C/C=C\CCCCC,CCCCC/C=C\C/C=C\CCCCCCCCC(CCCCCCCC/C=C\C/C=C\CCCCC)OC(=O)CCCN(C)C,NRLNQCOGCKAESA-KWXKLSQISA-N,False
lnp_atlas,831,MC3 (DLin-MC3-DMA),CCCCC/C=C\C/C=C\CCCCCCCCC(OC(=O)CCCN(C)C)CCCCCCCC/C=C\C/C=C\CCCCC,CCCCC/C=C\C/C=C\CCCCCCCCC(CCCCCCCC/C=C\C/C=C\CCCCC)OC(=O)CCCN(C)C,NRLNQCOGCKAESA-KWXKLSQISA-N,False
lnp_atlas,832,DLinDMA,CCCCC/C=C\C/C=C\CCCCCCCCOCC(CN(C)C)OCCCCCCCC/C=C\C/C=C\CCCCC,CCCCC/C=C\C/C=C\CCCCCCCCOCC(CN(C)C)OCCCCCCCC/C=C\C/C=C\CCCCC,NFQBIAXADRDUGK-KWXKLSQISA-N,False
lnp_atlas,833,DLinDAP,CCCCC/C=C\C/C=C\CCCCCCCC(=O)OCC(CN(C)C)OC(=O)CCCCCCC/C=C\C/C=C\CCCCC,CCCCC/C=C\C/C=C\CCCCCCCC(=O)OCC(CN(C)C)OC(=O)CCCCCCC/C=C\C/C=C\CCCCC,HCAJCMUKLZSPFT-KWXKLSQISA-N,False
lnp_atlas,834,DLin-2-DMAP,CCCCC/C=C\C/C=C\CCCCCCCCOC(CN(C)C)COC(=O)CCCCCCC/C=C\C/C=C\CCCCC,CCCCC/C=C\C/C=C\CCCCCCCCOC(COC(=O)CCCCCCC/C=C\C/C=C\CCCCC)CN(C)C,OXIOJSXBVMPMFR-KWXKLSQISA-N,True
lnp_atlas,835,DLin-C-DAP,CCCCC/C=C\C/C=C\CCCCCCCCNC(=O)OCC(CN(C)C)OC(=O)NCCCCCCCC/C=C\C/C=C\CCCCC,CCCCC/C=C\C/C=C\CCCCCCCCNC(=O)OCC(CN(C)C)OC(=O)NCCCCCCCC/C=C\C/C=C\CCCCC,IBZLOWFGAPNMJK-KWXKLSQISA-N,True
lnp_atlas,836,DLin-S-DMA,CCCCC/C=C\C/C=C\CCCCCCCCSCC(CN(C)C)SCCCCCCCC/C=C\C/C=C\CCCCC,CCCCC/C=C\C/C=C\CCCCCCCCSCC(CN(C)C)SCCCCCCCC/C=C\C/C=C\CCCCC,UKXOXMLXFQEEQJ-KWXKLSQISA-N,True
lnp_atlas,837,DLin-K-DMA,CCCCCCC=CCC=CCCCCCCCOCC(COC(=O)CCC=CCC=CCCCCCCCC)CN(C)C,CCCCCCC=CCC=CCCCCCCCOCC(COC(=O)CCC=CCC=CCCCCCCCC)CN(C)C,IQSCPUITJDSPCI-UHFFFAOYSA-N,True
lnp_atlas,838,DLin-K-MPZ,CCCCCCC=CCC=CCCCCCCCOCC(COC(=O)CCC=CCC=CCCCCCCCC)CN1CCN(C)CC1,CCCCCCC=CCC=CCCCCCCCOCC(COC(=O)CCC=CCC=CCCCCCCCC)CN1CCN(C)CC1,IBUMCPYIPFFZNX-UHFFFAOYSA-N,True
lnp_atlas,839,DLin-K-MA,CCCCCCC=CCC=CCCCCCCCOCC(COC(=O)CCC=CCC=CCCCCCCCC)CN1CCOCC1,CCCCCCC=CCC=CCCCCCCCOCC(COC(=O)CCC=CCC=CCCCCCCCC)CN1CCOCC1,IOBAIPWLZDNJNY-UHFFFAOYSA-N,True
lnp_atlas,840,DLin-K-TMA.Cl,CCCCCCC=CCC=CCCCCCCCOCC(COC(=O)CCC=CCC=CCCCCCCCC)C[N+](C)(C)C.[Cl-],CCCCCCC=CCC=CCCCCCCCOCC(COC(=O)CCC=CCC=CCCCCCCCC)C[N+](C)(C)C.[Cl-],MEKUEFCHYDWPAL-UHFFFAOYSA-M,True
lnp_atlas,841,DLin-K2-DMA,CCCCCCC=CCC=CCCCCCCCOCC(COC(=O)CCC=CCC=CCCCCCCCC)CC(=O)CN(C)C,CCCCCCC=CCC=CCCCCCCCOCC(COC(=O)CCC=CCC=CCCCCCCCC)CC(=O)CN(C)C,XAWDYCMPJCNHCK-UHFFFAOYSA-N,True
lnp_atlas,842,DLin-KC2-DMA,CCCCC/C=C\C/C=C\CCCCCCCCC1(OC(CO1)CCN(C)C)CCCCCCCC/C=C\C/C=C\CCCCC,CCCCC/C=C\C/C=C\CCCCCCCCC1(CCCCCCCC/C=C\C/C=C\CCCCC)OCC(CCN(C)C)O1,LRFJOIPOPUJUMI-KWXKLSQISA-N,False
lnp_atlas,843,DLin-KC3-DMA,CCCCC/C=C\C/C=C\CCCCCCCCC1(OC(CO1)CCCN(C)C)CCCCCCCC/C=C\C/C=C\CCCCC,CCCCC/C=C\C/C=C\CCCCCCCCC1(CCCCCCCC/C=C\C/C=C\CCCCC)OCC(CCCN(C)C)O1,HNTKPUXXCNQLFR-KWXKLSQISA-N,True
lnp_atlas,844,DLin-KC4-DMA,CCCCCCC=CCC=CCCCCCCCOCC(COC(=O)CCC=CCC=CCCCCCCCC)CCCC(=O)CN(C)C,CCCCCCC=CCC=CCCCCCCCOCC(CCCC(=O)CN(C)C)COC(=O)CCC=CCC=CCCCCCCCC,MTPUSZGMYCUDCX-UHFFFAOYSA-N,True
lnp_atlas,845,DLin-KC2-DMA,CCCCC/C=C\C/C=C\CCCCCCCCC1(OC(CO1)CCN(C)C)CCCCCCCC/C=C\C/C=C\CCCCC,CCCCC/C=C\C/C=C\CCCCCCCCC1(CCCCCCCC/C=C\C/C=C\CCCCC)OCC(CCN(C)C)O1,LRFJOIPOPUJUMI-KWXKLSQISA-N,False
lnp_atlas,846,6Ac1-C12,CCCCCCCCCCCCN(C)C(=O)CCCOC(COC(=O)CCCN(C)CCCCCCCCCCCC)(COC(=O)CCCN(C)CCCCCCCCCCCC)OC(=O)CCCN(C)CCCCCCCCCCCC,CCCCCCCCCCCCN(C)CCCC(=O)OCC(COC(=O)CCCN(C)CCCCCCCCCCCC)(OCCCC(=O)N(C)CCCCCCCCCCCC)OC(=O)CCCN(C)CCCCCCCCCCCC,GPDTYYCVFMFABN-UHFFFAOYSA-N,True
lnp_atlas,848,6Ac1-C12,CCCCCCCCCCCCN(C)C(=O)CCCOC(COC(=O)CCCN(C)CCCCCCCCCCCC)(COC(=O)CCCN(C)CCCCCCCCCCCC)OC(=O)CCCN(C)CCCCCCCCCCCC,CCCCCCCCCCCCN(C)CCCC(=O)OCC(COC(=O)CCCN(C)CCCCCCCCCCCC)(OCCCC(=O)N(C)CCCCCCCCCCCC)OC(=O)CCCN(C)CCCCCCCCCCCC,GPDTYYCVFMFABN-UHFFFAOYSA-N,False
lnp_atlas,849,6Ac1-C12,CCCCCCCCCCCCN(C)C(=O)CCCOC(COC(=O)CCCN(C)CCCCCCCCCCCC)(COC(=O)CCCN(C)CCCCCCCCCCCC)OC(=O)CCCN(C)CCCCCCCCCCCC,CCCCCCCCCCCCN(C)CCCC(=O)OCC(COC(=O)CCCN(C)CCCCCCCCCCCC)(OCCCC(=O)N(C)CCCCCCCCCCCC)OC(=O)CCCN(C)CCCCCCCCCCCC,GPDTYYCVFMFABN-UHFFFAOYSA-N,False
lnp_atlas,850,6Ac1-C12,CCCCCCCCCCCCN(C)C(=O)CCCOC(COC(=O)CCCN(C)CCCCCCCCCCCC)(COC(=O)CCCN(C)CCCCCCCCCCCC)OC(=O)CCCN(C)CCCCCCCCCCCC,CCCCCCCCCCCCN(C)CCCC(=O)OCC(COC(=O)CCCN(C)CCCCCCCCCCCC)(OCCCC(=O)N(C)CCCCCCCCCCCC)OC(=O)CCCN(C)CCCCCCCCCCCC,GPDTYYCVFMFABN-UHFFFAOYSA-N,False
lnp_atlas,851,6Ac1-C12,CCCCCCCCCCCCN(C)C(=O)CCCOC(COC(=O)CCCN(C)CCCCCCCCCCCC)(COC(=O)CCCN(C)CCCCCCCCCCCC)OC(=O)CCCN(C)CCCCCCCCCCCC,CCCCCCCCCCCCN(C)CCCC(=O)OCC(COC(=O)CCCN(C)CCCCCCCCCCCC)(OCCCC(=O)N(C)CCCCCCCCCCCC)OC(=O)CCCN(C)CCCCCCCCCCCC,GPDTYYCVFMFABN-UHFFFAOYSA-N,False
lnp_atlas,852,6Ac1-C12,CCCCCCCCCCCCN(C)C(=O)CCCOC(COC(=O)CCCN(C)CCCCCCCCCCCC)(COC(=O)CCCN(C)CCCCCCCCCCCC)OC(=O)CCCN(C)CCCCCCCCCCCC,CCCCCCCCCCCCN(C)CCCC(=O)OCC(COC(=O)CCCN(C)CCCCCCCCCCCC)(OCCCC(=O)N(C)CCCCCCCCCCCC)OC(=O)CCCN(C)CCCCCCCCCCCC,GPDTYYCVFMFABN-UHFFFAOYSA-N,False
lnp_atlas,854,SM-102,CCCCCCCCCCCOC(=O)CCCCCN(CCCCCCCC(=O)OC(CCCCCCCC)CCCCCCCC)CCO,CCCCCCCCCCCOC(=O)CCCCCN(CCO)CCCCCCCC(=O)OC(CCCCCCCC)CCCCCCCC,BGNVBNJYBVCBJH-UHFFFAOYSA-N,False
lnp_atlas,855,SM-102,CCCCCCCCCCCOC(=O)CCCCCN(CCCCCCCC(=O)OC(CCCCCCCC)CCCCCCCC)CCO,CCCCCCCCCCCOC(=O)CCCCCN(CCO)CCCCCCCC(=O)OC(CCCCCCCC)CCCCCCCC,BGNVBNJYBVCBJH-UHFFFAOYSA-N,False
lnp_atlas,856,ALC-0315,CCCCCCCCC(CCCCCC)C(=O)OCCCCCCN(CCCCCCOC(=O)C(CCCCCC)CCCCCCCC)CCCCO,CCCCCCCCC(CCCCCC)C(=O)OCCCCCCN(CCCCO)CCCCCCOC(=O)C(CCCCCC)CCCCCCCC,QGWBEETXHOVFQS-UHFFFAOYSA-N,False
lnp_atlas,857,ALC-0315,CCCCCCCCC(CCCCCC)C(=O)OCCCCCCN(CCCCCCOC(=O)C(CCCCCC)CCCCCCCC)CCCCO,CCCCCCCCC(CCCCCC)C(=O)OCCCCCCN(CCCCO)CCCCCCOC(=O)C(CCCCCC)CCCCCCCC,QGWBEETXHOVFQS-UHFFFAOYSA-N,False
lnp_atlas,858,DLin-MC3-DMA,CCCCC/C=C\C/C=C\CCCCCCCCC(OC(=O)CCCN(C)C)CCCCCCCC/C=C\C/C=C\CCCCC,CCCCC/C=C\C/C=C\CCCCCCCCC(CCCCCCCC/C=C\C/C=C\CCCCC)OC(=O)CCCN(C)C,NRLNQCOGCKAESA-KWXKLSQISA-N,False
lnp_atlas,859,DLin-MC3-DMA,CCCCC/C=C\C/C=C\CCCCCCCCC(OC(=O)CCCN(C)C)CCCCCCCC/C=C\C/C=C\CCCCC,CCCCC/C=C\C/C=C\CCCCCCCCC(CCCCCCCC/C=C\C/C=C\CCCCC)OC(=O)CCCN(C)C,NRLNQCOGCKAESA-KWXKLSQISA-N,False
lnp_atlas,862,ALC-0315,CCCCCCCCC(CCCCCC)C(=O)OCCCCCCN(CCCCCCOC(=O)C(CCCCCC)CCCCCCCC)CCCCO,CCCCCCCCC(CCCCCC)C(=O)OCCCCCCN(CCCCO)CCCCCCOC(=O)C(CCCCCC)CCCCCCCC,QGWBEETXHOVFQS-UHFFFAOYSA-N,False
lnp_atlas,863,ALC-0315,CCCCCCCCC(CCCCCC)C(=O)OCCCCCCN(CCCCCCOC(=O)C(CCCCCC)CCCCCCCC)CCCCO,CCCCCCCCC(CCCCCC)C(=O)OCCCCCCN(CCCCO)CCCCCCOC(=O)C(CCCCCC)CCCCCCCC,QGWBEETXHOVFQS-UHFFFAOYSA-N,False
lnp_atlas,864,ALC-0315,CCCCCCCCC(CCCCCC)C(=O)OCCCCCCN(CCCCCCOC(=O)C(CCCCCC)CCCCCCCC)CCCCO,CCCCCCCCC(CCCCCC)C(=O)OCCCCCCN(CCCCO)CCCCCCOC(=O)C(CCCCCC)CCCCCCCC,QGWBEETXHOVFQS-UHFFFAOYSA-N,False
lnp_atlas,865,ALC-0315,CCCCCCCCC(CCCCCC)C(=O)OCCCCCCN(CCCCCCOC(=O)C(CCCCCC)CCCCCCCC)CCCCO,CCCCCCCCC(CCCCCC)C(=O)OCCCCCCN(CCCCO)CCCCCCOC(=O)C(CCCCCC)CCCCCCCC,QGWBEETXHOVFQS-UHFFFAOYSA-N,False
lnp_atlas,866,ALC-0315,CCCCCCCCC(CCCCCC)C(=O)OCCCCCCN(CCCCCCOC(=O)C(CCCCCC)CCCCCCCC)CCCCO,CCCCCCCCC(CCCCCC)C(=O)OCCCCCCN(CCCCO)CCCCCCOC(=O)C(CCCCCC)CCCCCCCC,QGWBEETXHOVFQS-UHFFFAOYSA-N,False
lnp_atlas,867,ALC-0315,CCCCCCCCC(CCCCCC)C(=O)OCCCCCCN(CCCCCCOC(=O)C(CCCCCC)CCCCCCCC)CCCCO,CCCCCCCCC(CCCCCC)C(=O)OCCCCCCN(CCCCO)CCCCCCOC(=O)C(CCCCCC)CCCCCCCC,QGWBEETXHOVFQS-UHFFFAOYSA-N,False
lnp_atlas,868,ALC-0315,CCCCCCCCC(CCCCCC)C(=O)OCCCCCCN(CCCCCCOC(=O)C(CCCCCC)CCCCCCCC)CCCCO,CCCCCCCCC(CCCCCC)C(=O)OCCCCCCN(CCCCO)CCCCCCOC(=O)C(CCCCCC)CCCCCCCC,QGWBEETXHOVFQS-UHFFFAOYSA-N,False
lnp_atlas,869,ALC-0315,CCCCCCCCC(CCCCCC)C(=O)OCCCCCCN(CCCCCCOC(=O)C(CCCCCC)CCCCCCCC)CCCCO,CCCCCCCCC(CCCCCC)C(=O)OCCCCCCN(CCCCO)CCCCCCOC(=O)C(CCCCCC)CCCCCCCC,QGWBEETXHOVFQS-UHFFFAOYSA-N,False
lnp_atlas,870,ALC-0315,CCCCCCCCC(CCCCCC)C(=O)OCCCCCCN(CCCCCCOC(=O)C(CCCCCC)CCCCCCCC)CCCCO,CCCCCCCCC(CCCCCC)C(=O)OCCCCCCN(CCCCO)CCCCCCOC(=O)C(CCCCCC)CCCCCCCC,QGWBEETXHOVFQS-UHFFFAOYSA-N,False
lnp_atlas,871,ALC-0315,CCCCCCCCC(CCCCCC)C(=O)OCCCCCCN(CCCCCCOC(=O)C(CCCCCC)CCCCCCCC)CCCCO,CCCCCCCCC(CCCCCC)C(=O)OCCCCCCN(CCCCO)CCCCCCOC(=O)C(CCCCCC)CCCCCCCC,QGWBEETXHOVFQS-UHFFFAOYSA-N,False
lnp_atlas,872,ALC-0315,CCCCCCCCC(CCCCCC)C(=O)OCCCCCCN(CCCCCCOC(=O)C(CCCCCC)CCCCCCCC)CCCCO,CCCCCCCCC(CCCCCC)C(=O)OCCCCCCN(CCCCO)CCCCCCOC(=O)C(CCCCCC)CCCCCCCC,QGWBEETXHOVFQS-UHFFFAOYSA-N,False
lnp_atlas,873,ALC-0315,CCCCCCCCC(CCCCCC)C(=O)OCCCCCCN(CCCCCCOC(=O)C(CCCCCC)CCCCCCCC)CCCCO,CCCCCCCCC(CCCCCC)C(=O)OCCCCCCN(CCCCO)CCCCCCOC(=O)C(CCCCCC)CCCCCCCC,QGWBEETXHOVFQS-UHFFFAOYSA-N,False
lnp_atlas,874,ALC-0315,CCCCCCCCC(CCCCCC)C(=O)OCCCCCCN(CCCCCCOC(=O)C(CCCCCC)CCCCCCCC)CCCCO,CCCCCCCCC(CCCCCC)C(=O)OCCCCCCN(CCCCO)CCCCCCOC(=O)C(CCCCCC)CCCCCCCC,QGWBEETXHOVFQS-UHFFFAOYSA-N,False
lnp_atlas,875,SM-102,CCCCCCCCCCCOC(=O)CCCCCN(CCCCCCCC(=O)OC(CCCCCCCC)CCCCCCCC)CCO,CCCCCCCCCCCOC(=O)CCCCCN(CCO)CCCCCCCC(=O)OC(CCCCCCCC)CCCCCCCC,BGNVBNJYBVCBJH-UHFFFAOYSA-N,False
lnp_atlas,876,ALC-0315,CCCCCCCCC(CCCCCC)C(=O)OCCCCCCN(CCCCCCOC(=O)C(CCCCCC)CCCCCCCC)CCCCO,CCCCCCCCC(CCCCCC)C(=O)OCCCCCCN(CCCCO)CCCCCCOC(=O)C(CCCCCC)CCCCCCCC,QGWBEETXHOVFQS-UHFFFAOYSA-N,False
lnp_atlas,883,C12-200,NCCN1CCN(CCN(CC(O)CCCCCCCCCCCC)CC(O)CCCCCCCCCCCC)CC1CN(CC(O)CCCCCCCCCCCC)CN(CC(O)CCCCCCCCCCCC)CC(O)CCCCCCCCCCCC,CCCCCCCCCCCCC(O)CN(CCN1CCN(CCN)C(CN(CC(O)CCCCCCCCCCCC)CN(CC(O)CCCCCCCCCCCC)CC(O)CCCCCCCCCCCC)C1)CC(O)CCCCCCCCCCCC,WZJASPMKFTYOPC-UHFFFAOYSA-N,False
lnp_atlas,884,C12-200,NCCN1CCN(CCN(CC(O)CCCCCCCCCCCC)CC(O)CCCCCCCCCCCC)CC1CN(CC(O)CCCCCCCCCCCC)CN(CC(O)CCCCCCCCCCCC)CC(O)CCCCCCCCCCCC,CCCCCCCCCCCCC(O)CN(CCN1CCN(CCN)C(CN(CC(O)CCCCCCCCCCCC)CN(CC(O)CCCCCCCCCCCC)CC(O)CCCCCCCCCCCC)C1)CC(O)CCCCCCCCCCCC,WZJASPMKFTYOPC-UHFFFAOYSA-N,False
lnp_atlas,885,C12-200,NCCN1CCN(CCN(CC(O)CCCCCCCCCCCC)CC(O)CCCCCCCCCCCC)CC1CN(CC(O)CCCCCCCCCCCC)CN(CC(O)CCCCCCCCCCCC)CC(O)CCCCCCCCCCCC,CCCCCCCCCCCCC(O)CN(CCN1CCN(CCN)C(CN(CC(O)CCCCCCCCCCCC)CN(CC(O)CCCCCCCCCCCC)CC(O)CCCCCCCCCCCC)C1)CC(O)CCCCCCCCCCCC,WZJASPMKFTYOPC-UHFFFAOYSA-N,False
lnp_atlas,886,C12-200,NCCN1CCN(CCN(CC(O)CCCCCCCCCCCC)CC(O)CCCCCCCCCCCC)CC1CN(CC(O)CCCCCCCCCCCC)CN(CC(O)CCCCCCCCCCCC)CC(O)CCCCCCCCCCCC,CCCCCCCCCCCCC(O)CN(CCN1CCN(CCN)C(CN(CC(O)CCCCCCCCCCCC)CN(CC(O)CCCCCCCCCCCC)CC(O)CCCCCCCCCCCC)C1)CC(O)CCCCCCCCCCCC,WZJASPMKFTYOPC-UHFFFAOYSA-N,False
lnp_atlas,887,C12-200,NCCN1CCN(CCN(CC(O)CCCCCCCCCCCC)CC(O)CCCCCCCCCCCC)CC1CN(CC(O)CCCCCCCCCCCC)CN(CC(O)CCCCCCCCCCCC)CC(O)CCCCCCCCCCCC,CCCCCCCCCCCCC(O)CN(CCN1CCN(CCN)C(CN(CC(O)CCCCCCCCCCCC)CN(CC(O)CCCCCCCCCCCC)CC(O)CCCCCCCCCCCC)C1)CC(O)CCCCCCCCCCCC,WZJASPMKFTYOPC-UHFFFAOYSA-N,False
lnp_atlas,888,DLinDMA (1),CCCCC/C=C\C/C=C\CCCCCCCCOCC(CN(C)C)OCCCCCCCC/C=C\C/C=C\CCCCC,CCCCC/C=C\C/C=C\CCCCCCCCOCC(CN(C)C)OCCCCCCCC/C=C\C/C=C\CCCCC,NFQBIAXADRDUGK-KWXKLSQISA-N,False
lnp_atlas,889,DODMA (2),CCCCCCCC/C=C\CCCCCCCCOCC(CN(C)C)OCCCCCCCC/C=C\CCCCCCCC,CCCCCCCC/C=C\CCCCCCCCOCC(CN(C)C)OCCCCCCCC/C=C\CCCCCCCC,GLGLUQVVDHRLQK-WRBBJXAJSA-N,False
lnp_atlas,911,SM-102,CCCCCCCCCCCOC(=O)CCCCCN(CCCCCCCC(=O)OC(CCCCCCCC)CCCCCCCC)CCO,CCCCCCCCCCCOC(=O)CCCCCN(CCO)CCCCCCCC(=O)OC(CCCCCCCC)CCCCCCCC,BGNVBNJYBVCBJH-UHFFFAOYSA-N,False
lnp_atlas,912,SM-102,CCCCCCCCCCCOC(=O)CCCCCN(CCCCCCCC(=O)OC(CCCCCCCC)CCCCCCCC)CCO,CCCCCCCCCCCOC(=O)CCCCCN(CCO)CCCCCCCC(=O)OC(CCCCCCCC)CCCCCCCC,BGNVBNJYBVCBJH-UHFFFAOYSA-N,False
lnp_atlas,913,DLin-MC3-DMA,CCCCC/C=C\C/C=C\CCCCCCCCC(OC(=O)CCCN(C)C)CCCCCCCC/C=C\C/C=C\CCCCC,CCCCC/C=C\C/C=C\CCCCCCCCC(CCCCCCCC/C=C\C/C=C\CCCCC)OC(=O)CCCN(C)C,NRLNQCOGCKAESA-KWXKLSQISA-N,False
lnp_atlas,914,DLin-MC3-DMA,CCCCC/C=C\C/C=C\CCCCCCCCC(OC(=O)CCCN(C)C)CCCCCCCC/C=C\C/C=C\CCCCC,CCCCC/C=C\C/C=C\CCCCCCCCC(CCCCCCCC/C=C\C/C=C\CCCCC)OC(=O)CCCN(C)C,NRLNQCOGCKAESA-KWXKLSQISA-N,False
lnp_atlas,915,DLin-MC3-DMA,CCCCC/C=C\C/C=C\CCCCCCCCC(OC(=O)CCCN(C)C)CCCCCCCC/C=C\C/C=C\CCCCC,CCCCC/C=C\C/C=C\CCCCCCCCC(CCCCCCCC/C=C\C/C=C\CCCCC)OC(=O)CCCN(C)C,NRLNQCOGCKAESA-KWXKLSQISA-N,False
lnp_atlas,916,DLin-MC3-DMA,CCCCC/C=C\C/C=C\CCCCCCCCC(OC(=O)CCCN(C)C)CCCCCCCC/C=C\C/C=C\CCCCC,CCCCC/C=C\C/C=C\CCCCCCCCC(CCCCCCCC/C=C\C/C=C\CCCCC)OC(=O)CCCN(C)C,NRLNQCOGCKAESA-KWXKLSQISA-N,False
lnp_atlas,917,DLin-MC3-DMA,CCCCC/C=C\C/C=C\CCCCCCCCC(OC(=O)CCCN(C)C)CCCCCCCC/C=C\C/C=C\CCCCC,CCCCC/C=C\C/C=C\CCCCCCCCC(CCCCCCCC/C=C\C/C=C\CCCCC)OC(=O)CCCN(C)C,NRLNQCOGCKAESA-KWXKLSQISA-N,False
lnp_atlas,918,DLin-MC3-DMA,CCCCC/C=C\C/C=C\CCCCCCCCC(OC(=O)CCCN(C)C)CCCCCCCC/C=C\C/C=C\CCCCC,CCCCC/C=C\C/C=C\CCCCCCCCC(CCCCCCCC/C=C\C/C=C\CCCCC)OC(=O)CCCN(C)C,NRLNQCOGCKAESA-KWXKLSQISA-N,False
lnp_atlas,919,DLin-MC3-DMA,CCCCC/C=C\C/C=C\CCCCCCCCC(OC(=O)CCCN(C)C)CCCCCCCC/C=C\C/C=C\CCCCC,CCCCC/C=C\C/C=C\CCCCCCCCC(CCCCCCCC/C=C\C/C=C\CCCCC)OC(=O)CCCN(C)C,NRLNQCOGCKAESA-KWXKLSQISA-N,False
lnp_atlas,920,DLin-MC3-DMA,CCCCC/C=C\C/C=C\CCCCCCCCC(OC(=O)CCCN(C)C)CCCCCCCC/C=C\C/C=C\CCCCC,CCCCC/C=C\C/C=C\CCCCCCCCC(CCCCCCCC/C=C\C/C=C\CCCCC)OC(=O)CCCN(C)C,NRLNQCOGCKAESA-KWXKLSQISA-N,False
lnp_atlas,921,DLin-MC3-DMA,CCCCC/C=C\C/C=C\CCCCCCCCC(OC(=O)CCCN(C)C)CCCCCCCC/C=C\C/C=C\CCCCC,CCCCC/C=C\C/C=C\CCCCCCCCC(CCCCCCCC/C=C\C/C=C\CCCCC)OC(=O)CCCN(C)C,NRLNQCOGCKAESA-KWXKLSQISA-N,False
lnp_atlas,922,D-Lin-MC3-DMA (MC3),CCCCC/C=C\C/C=C\CCCCCCCCC(OC(=O)CCCN(C)C)CCCCCCCC/C=C\C/C=C\CCCCC,CCCCC/C=C\C/C=C\CCCCCCCCC(CCCCCCCC/C=C\C/C=C\CCCCC)OC(=O)CCCN(C)C,NRLNQCOGCKAESA-KWXKLSQISA-N,False
lnp_atlas,923,D-Lin-MC3-DMA (MC3),CCCCC/C=C\C/C=C\CCCCCCCCC(OC(=O)CCCN(C)C)CCCCCCCC/C=C\C/C=C\CCCCC,CCCCC/C=C\C/C=C\CCCCCCCCC(CCCCCCCC/C=C\C/C=C\CCCCC)OC(=O)CCCN(C)C,NRLNQCOGCKAESA-KWXKLSQISA-N,False
lnp_atlas,924,D-Lin-MC3-DMA (MC3),CCCCC/C=C\C/C=C\CCCCCCCCC(OC(=O)CCCN(C)C)CCCCCCCC/C=C\C/C=C\CCCCC,CCCCC/C=C\C/C=C\CCCCCCCCC(CCCCCCCC/C=C\C/C=C\CCCCC)OC(=O)CCCN(C)C,NRLNQCOGCKAESA-KWXKLSQISA-N,False
lnp_atlas,925,D-Lin-MC3-DMA (MC3),CCCCC/C=C\C/C=C\CCCCCCCCC(OC(=O)CCCN(C)C)CCCCCCCC/C=C\C/C=C\CCCCC,CCCCC/C=C\C/C=C\CCCCCCCCC(CCCCCCCC/C=C\C/C=C\CCCCC)OC(=O)CCCN(C)C,NRLNQCOGCKAESA-KWXKLSQISA-N,False
lnp_atlas,926,C12-200,NCCN1CCN(CCN(CC(O)CCCCCCCCCCCC)CC(O)CCCCCCCCCCCC)CC1CN(CC(O)CCCCCCCCCCCC)CN(CC(O)CCCCCCCCCCCC)CC(O)CCCCCCCCCCCC,CCCCCCCCCCCCC(O)CN(CCN1CCN(CCN)C(CN(CC(O)CCCCCCCCCCCC)CN(CC(O)CCCCCCCCCCCC)CC(O)CCCCCCCCCCCC)C1)CC(O)CCCCCCCCCCCC,WZJASPMKFTYOPC-UHFFFAOYSA-N,False
lnp_atlas,927,C12-200,NCCN1CCN(CCN(CC(O)CCCCCCCCCCCC)CC(O)CCCCCCCCCCCC)CC1CN(CC(O)CCCCCCCCCCCC)CN(CC(O)CCCCCCCCCCCC)CC(O)CCCCCCCCCCCC,CCCCCCCCCCCCC(O)CN(CCN1CCN(CCN)C(CN(CC(O)CCCCCCCCCCCC)CN(CC(O)CCCCCCCCCCCC)CC(O)CCCCCCCCCCCC)C1)CC(O)CCCCCCCCCCCC,WZJASPMKFTYOPC-UHFFFAOYSA-N,False
lnp_atlas,928,D-Lin-MC3-DMA (MC3),CCCCC/C=C\C/C=C\CCCCCCCCC(OC(=O)CCCN(C)C)CCCCCCCC/C=C\C/C=C\CCCCC,CCCCC/C=C\C/C=C\CCCCCCCCC(CCCCCCCC/C=C\C/C=C\CCCCC)OC(=O)CCCN(C)C,NRLNQCOGCKAESA-KWXKLSQISA-N,False
lnp_atlas,929,D-Lin-MC3-DMA (MC3),CCCCC/C=C\C/C=C\CCCCCCCCC(OC(=O)CCCN(C)C)CCCCCCCC/C=C\C/C=C\CCCCC,CCCCC/C=C\C/C=C\CCCCCCCCC(CCCCCCCC/C=C\C/C=C\CCCCC)OC(=O)CCCN(C)C,NRLNQCOGCKAESA-KWXKLSQISA-N,False
lnp_atlas,930,D-Lin-MC3-DMA (MC3),CCCCC/C=C\C/C=C\CCCCCCCCC(OC(=O)CCCN(C)C)CCCCCCCC/C=C\C/C=C\CCCCC,CCCCC/C=C\C/C=C\CCCCCCCCC(CCCCCCCC/C=C\C/C=C\CCCCC)OC(=O)CCCN(C)C,NRLNQCOGCKAESA-KWXKLSQISA-N,False
lnp_atlas,931,D-Lin-MC3-DMA (MC3),CCCCC/C=C\C/C=C\CCCCCCCCC(OC(=O)CCCN(C)C)CCCCCCCC/C=C\C/C=C\CCCCC,CCCCC/C=C\C/C=C\CCCCCCCCC(CCCCCCCC/C=C\C/C=C\CCCCC)OC(=O)CCCN(C)C,NRLNQCOGCKAESA-KWXKLSQISA-N,False
lnp_atlas,932,L202,CCCCCCCCCCC(CCCCCCCCC(=O)OCCC(CCCCC)CCCCC)COC(=O)C1CCN(CC1)C,CCCCCCCCCCC(CCCCCCCCC(=O)OCCC(CCCCC)CCCCC)COC(=O)C1CCN(C)CC1,JMCDZNNKPXAYBZ-UHFFFAOYSA-N,True
lnp_atlas,933,L202,CCCCCCCCCCC(CCCCCCCCC(=O)OCCC(CCCCC)CCCCC)COC(=O)C1CCN(CC1)C,CCCCCCCCCCC(CCCCCCCCC(=O)OCCC(CCCCC)CCCCC)COC(=O)C1CCN(C)CC1,JMCDZNNKPXAYBZ-UHFFFAOYSA-N,False
lnp_atlas,934,L202,CCCCCCCCCCC(CCCCCCCCC(=O)OCCC(CCCCC)CCCCC)COC(=O)C1CCN(CC1)C,CCCCCCCCCCC(CCCCCCCCC(=O)OCCC(CCCCC)CCCCC)COC(=O)C1CCN(C)CC1,JMCDZNNKPXAYBZ-UHFFFAOYSA-N,False
lnp_atlas,935,L202,CCCCCCCCCCC(CCCCCCCCC(=O)OCCC(CCCCC)CCCCC)COC(=O)C1CCN(CC1)C,CCCCCCCCCCC(CCCCCCCCC(=O)OCCC(CCCCC)CCCCC)COC(=O)C1CCN(C)CC1,JMCDZNNKPXAYBZ-UHFFFAOYSA-N,False
lnp_atlas,936,L202,CCCCCCCCCCC(CCCCCCCCC(=O)OCCC(CCCCC)CCCCC)COC(=O)C1CCN(CC1)C,CCCCCCCCCCC(CCCCCCCCC(=O)OCCC(CCCCC)CCCCC)COC(=O)C1CCN(C)CC1,JMCDZNNKPXAYBZ-UHFFFAOYSA-N,False
lnp_atlas,937,L202,CCCCCCCCCCC(CCCCCCCCC(=O)OCCC(CCCCC)CCCCC)COC(=O)C1CCN(CC1)C,CCCCCCCCCCC(CCCCCCCCC(=O)OCCC(CCCCC)CCCCC)COC(=O)C1CCN(C)CC1,JMCDZNNKPXAYBZ-UHFFFAOYSA-N,False
lnp_atlas,938,L202,CCCCCCCCCCC(CCCCCCCCC(=O)OCCC(CCCCC)CCCCC)COC(=O)C1CCN(CC1)C,CCCCCCCCCCC(CCCCCCCCC(=O)OCCC(CCCCC)CCCCC)COC(=O)C1CCN(C)CC1,JMCDZNNKPXAYBZ-UHFFFAOYSA-N,False
lnp_atlas,939,L202,CCCCCCCCCCC(CCCCCCCCC(=O)OCCC(CCCCC)CCCCC)COC(=O)C1CCN(CC1)C,CCCCCCCCCCC(CCCCCCCCC(=O)OCCC(CCCCC)CCCCC)COC(=O)C1CCN(C)CC1,JMCDZNNKPXAYBZ-UHFFFAOYSA-N,False
lnp_atlas,940,L202,CCCCCCCCCCC(CCCCCCCCC(=O)OCCC(CCCCC)CCCCC)COC(=O)C1CCN(CC1)C,CCCCCCCCCCC(CCCCCCCCC(=O)OCCC(CCCCC)CCCCC)COC(=O)C1CCN(C)CC1,JMCDZNNKPXAYBZ-UHFFFAOYSA-N,False
lnp_atlas,942,OF-00,CCCCCCCCC/C=C\CCCCCCCC(O)CN1C(=O)C(CCCCN(CC(O)CCCCCCC/C=C\CCCCCCCCC)CC(O)CCCCCCC/C=C\CCCCCCCCC)NC(=O)C(CCCCN(CC(O)CCCCCCC/C=C\CCCCCCCCC)CC(O)CCCCCCC/C=C\CCCCCCCCC)N1,CCCCCCCCC/C=C\CCCCCCCC(O)CN(CCCCC1NN(CC(O)CCCCCCC/C=C\CCCCCCCCC)C(=O)C(CCCCN(CC(O)CCCCCCC/C=C\CCCCCCCCC)CC(O)CCCCCCC/C=C\CCCCCCCCC)NC1=O)CC(O)CCCCCCC/C=C\CCCCCCCCC,SBYLAUZKEQFZPL-KIVHZEEWSA-N,True
lnp_atlas,943,OF-01,CCCCCCCCC/C=C/CCCCCCCC(O)CN1C(=O)C(CCCCN(CC(O)CCCCCCC/C=C/CCCCCCCCC)CC(O)CCCCCCC/C=C/CCCCCCCCC)NC(=O)C(CCCCN(CC(O)CCCCCCC/C=C/CCCCCCCCC)CC(O)CCCCCCC/C=C/CCCCCCCCC)N1,CCCCCCCCC/C=C/CCCCCCCC(O)CN(CCCCC1NN(CC(O)CCCCCCC/C=C/CCCCCCCCC)C(=O)C(CCCCN(CC(O)CCCCCCC/C=C/CCCCCCCCC)CC(O)CCCCCCC/C=C/CCCCCCCCC)NC1=O)CC(O)CCCCCCC/C=C/CCCCCCCCC,SBYLAUZKEQFZPL-QTGLDKLYSA-N,True
lnp_atlas,944,OF-02,CCCCC/C=C\C/C=C\CCCCCCC(O)CN(CC(O)CCCCCC/C=C\C/C=C\CCCCC)CCCCC1NC(=O)C(NC1=O)CCCCN(CC(O)CCCCCC/C=C\C/C=C\CCCCC)CC(O)CCCCCC/C=C\C/C=C\CCCCC,CCCCC/C=C\C/C=C\CCCCCCC(O)CN(CCCCC1NC(=O)C(CCCCN(CC(O)CCCCCC/C=C\C/C=C\CCCCC)CC(O)CCCCCC/C=C\C/C=C\CCCCC)NC1=O)CC(O)CCCCCC/C=C\C/C=C\CCCCC,UMSCHHWDFWCONK-RGLFHLPNSA-N,False
lnp_atlas,945,OF-03,CCC/C=C\C/C=C\C/C=C\CCCCCCCC(O)CN1C(=O)C(CCCCN(CC(O)CCCCCCC/C=C\C/C=C\C/C=C\CCC)CC(O)CCCCCCC/C=C\C/C=C\C/C=C\CCC)NC(=O)C(CCCCN(CC(O)CCCCCCC/C=C\C/C=C\C/C=C\CCC)CC(O)CCCCCCC/C=C\C/C=C\C/C=C\CCC)N1,CCC/C=C\C/C=C\C/C=C\CCCCCCCC(O)CN(CCCCC1NN(CC(O)CCCCCCC/C=C\C/C=C\C/C=C\CCC)C(=O)C(CCCCN(CC(O)CCCCCCC/C=C\C/C=C\C/C=C\CCC)CC(O)CCCCCCC/C=C\C/C=C\C/C=C\CCC)NC1=O)CC(O)CCCCCCC/C=C\C/C=C\C/C=C\CCC,FGCHDEZMQATIHB-FHLOXXAGSA-N,True
lnp_atlas,949,A2-Iso5-2DC18,CCCCCCCC/C=C\CCCCCCCC1(N(C(N=C1)C(=O)OCC)CCCN2CCCC2)CCCCCCC/C=C\CCCCCCCC,CCCCCCCC/C=C\CCCCCCCC1(CCCCCCC/C=C\CCCCCCCC)C=NC(C(=O)OCC)N1CCCN1CCCC1,WMYPEEPUVOTFJU-WRBBJXAJSA-N,True
lnp_atlas,950,A12-Iso5-2DC18,CCCCCCCC/C=C\CCCCCCCC1(N(C(N=C1)C(=O)OCC)CCCN(C)C)CCCCCCC/C=C\CCCCCCCC,CCCCCCCC/C=C\CCCCCCCC1(CCCCCCC/C=C\CCCCCCCC)C=NC(C(=O)OCC)N1CCCN(C)C,KYZBKCPOKFBUSU-SXAUZNKPSA-N,True
lnp_atlas,951,A13-Iso5-2DC18,CCOC(=O)C1=NC(CCCCCCCCC=CCCCCCCCC)(CCCCCCCCC=CCCCCCCCC)CN1CCCN1CCCCC1,CCCCCCCCC=CCCCCCCCCC1(CCCCCCCCC=CCCCCCCCC)CN(CCCN2CCCCC2)C(C(=O)OCC)=N1,ICOUJNOLKCZPNH-UHFFFAOYSA-N,True
lnp_atlas,952,A17-Iso5-2DC18,CCOC(=O)C1=NC(CCCCCCCCC=CCCCCCCCC)(CCCCCCCCC=CCCCCCCCC)CN1CCCN1CC(C)CCC1CC,CCCCCCCCC=CCCCCCCCCC1(CCCCCCCCC=CCCCCCCCC)CN(CCCN2CC(C)CCC2CC)C(C(=O)OCC)=N1,SQQPGOMZFZJFKK-UHFFFAOYSA-N,True
lnp_atlas,953,A18-Iso5-2DC18,CCCCCCCC/C=C\CCCCCCCC1(N(C(N=C1)C(=O)OCC)CCCN2C(CCCC2)CC)CCCCCCC/C=C\CCCCCCCC,CCCCCCCC/C=C\CCCCCCCC1(CCCCCCC/C=C\CCCCCCCC)C=NC(C(=O)OCC)N1CCCN1CCCCC1CC,FJUINRMQOFNLCW-SXAUZNKPSA-N,True
lnp_atlas,954,A21-Iso5-2DC18,CCOC(=O)C1=NC(CCCCCCCCC=CCCCCCCCC)(CCCCCCCCC=CCCCCCCCC)CN1CCCN1CCCCCC1,CCCCCCCCC=CCCCCCCCCC1(CCCCCCCCC=CCCCCCCCC)CN(CCCN2CCCCCC2)C(C(=O)OCC)=N1,VPTPCFHIDNJVOR-UHFFFAOYSA-N,True
lnp_atlas,955,A24-Iso5-2DC18,CCOC(=O)C1=NC(CCCCCCCCC=CCCCCCCCC)(CCCCCCCCC=CCCCCCCCC)CN1CCCN(CC)CC,CCCCCCCCC=CCCCCCCCCC1(CCCCCCCCC=CCCCCCCCC)CN(CCCN(CC)CC)C(C(=O)OCC)=N1,RFZNMVREIANEPG-UHFFFAOYSA-N,True
lnp_atlas,956,A25-Iso5-2DC18,CCOC(=O)C1=NC(CCCCCCCCC=CCCCCCCCC)(CCCCCCCCC=CCCCCCCCC)CN1CCCN(CCCC)CCCC,CCCCCCCCC=CCCCCCCCCC1(CCCCCCCCC=CCCCCCCCC)CN(CCCN(CCCC)CCCC)C(C(=O)OCC)=N1,AIGWEEQVTIZUKN-UHFFFAOYSA-N,True
lnp_atlas,957,A26-Iso5-2DC18,CCOC(=O)C1=NC(CCCCCCCCC=CCCCCCCCC)(CCCCCCCCC=CCCCCCCCC)CN1CCCN(CCC)CCC,CCCCCCCCC=CCCCCCCCCC1(CCCCCCCCC=CCCCCCCCC)CN(CCCN(CCC)CCC)C(C(=O)OCC)=N1,ITAGYJBQCQPSCR-UHFFFAOYSA-N,True
lnp_atlas,958,MC3,CCCCC/C=C\C/C=C\CCCCCCCCC(OC(=O)CCCN(C)C)CCCCCCCC/C=C\C/C=C\CCCCC,CCCCC/C=C\C/C=C\CCCCCCCCC(CCCCCCCC/C=C\C/C=C\CCCCC)OC(=O)CCCN(C)C,NRLNQCOGCKAESA-KWXKLSQISA-N,False
lnp_atlas,959,A2-Iso5-2DC18,CCCCCCCC/C=C\CCCCCCCC1(N(C(N=C1)C(=O)OCC)CCCN2CCCC2)CCCCCCC/C=C\CCCCCCCC,CCCCCCCC/C=C\CCCCCCCC1(CCCCCCC/C=C\CCCCCCCC)C=NC(C(=O)OCC)N1CCCN1CCCC1,WMYPEEPUVOTFJU-WRBBJXAJSA-N,False
lnp_atlas,960,A2-Iso5-2DC18,CCCCCCCC/C=C\CCCCCCCC1(N(C(N=C1)C(=O)OCC)CCCN2CCCC2)CCCCCCC/C=C\CCCCCCCC,CCCCCCCC/C=C\CCCCCCCC1(CCCCCCC/C=C\CCCCCCCC)C=NC(C(=O)OCC)N1CCCN1CCCC1,WMYPEEPUVOTFJU-WRBBJXAJSA-N,False
lnp_atlas,961,A2-Iso5-2DC18,CCCCCCCC/C=C\CCCCCCCC1(N(C(N=C1)C(=O)OCC)CCCN2CCCC2)CCCCCCC/C=C\CCCCCCCC,CCCCCCCC/C=C\CCCCCCCC1(CCCCCCC/C=C\CCCCCCCC)C=NC(C(=O)OCC)N1CCCN1CCCC1,WMYPEEPUVOTFJU-WRBBJXAJSA-N,False
lnp_atlas,962,A2-Iso5-2DC18,CCCCCCCC/C=C\CCCCCCCC1(N(C(N=C1)C(=O)OCC)CCCN2CCCC2)CCCCCCC/C=C\CCCCCCCC,CCCCCCCC/C=C\CCCCCCCC1(CCCCCCC/C=C\CCCCCCCC)C=NC(C(=O)OCC)N1CCCN1CCCC1,WMYPEEPUVOTFJU-WRBBJXAJSA-N,False
lnp_atlas,963,A2-Iso5-2DC18,CCCCCCCC/C=C\CCCCCCCC1(N(C(N=C1)C(=O)OCC)CCCN2CCCC2)CCCCCCC/C=C\CCCCCCCC,CCCCCCCC/C=C\CCCCCCCC1(CCCCCCC/C=C\CCCCCCCC)C=NC(C(=O)OCC)N1CCCN1CCCC1,WMYPEEPUVOTFJU-WRBBJXAJSA-N,False
lnp_atlas,964,A2-Iso5-2DC18,CCCCCCCC/C=C\CCCCCCCC1(N(C(N=C1)C(=O)OCC)CCCN2CCCC2)CCCCCCC/C=C\CCCCCCCC,CCCCCCCC/C=C\CCCCCCCC1(CCCCCCC/C=C\CCCCCCCC)C=NC(C(=O)OCC)N1CCCN1CCCC1,WMYPEEPUVOTFJU-WRBBJXAJSA-N,False
lnp_atlas,965,A2-Iso5-2DC18,CCCCCCCC/C=C\CCCCCCCC1(N(C(N=C1)C(=O)OCC)CCCN2CCCC2)CCCCCCC/C=C\CCCCCCCC,CCCCCCCC/C=C\CCCCCCCC1(CCCCCCC/C=C\CCCCCCCC)C=NC(C(=O)OCC)N1CCCN1CCCC1,WMYPEEPUVOTFJU-WRBBJXAJSA-N,False
lnp_atlas,966,A2-Iso5-2DC18,CCCCCCCC/C=C\CCCCCCCC1(N(C(N=C1)C(=O)OCC)CCCN2CCCC2)CCCCCCC/C=C\CCCCCCCC,CCCCCCCC/C=C\CCCCCCCC1(CCCCCCC/C=C\CCCCCCCC)C=NC(C(=O)OCC)N1CCCN1CCCC1,WMYPEEPUVOTFJU-WRBBJXAJSA-N,False
lnp_atlas,967,A2-Iso5-2DC18,CCCCCCCC/C=C\CCCCCCCC1(N(C(N=C1)C(=O)OCC)CCCN2CCCC2)CCCCCCC/C=C\CCCCCCCC,CCCCCCCC/C=C\CCCCCCCC1(CCCCCCC/C=C\CCCCCCCC)C=NC(C(=O)OCC)N1CCCN1CCCC1,WMYPEEPUVOTFJU-WRBBJXAJSA-N,False
lnp_atlas,968,A2-Iso5-2DC18,CCCCCCCC/C=C\CCCCCCCC1(N(C(N=C1)C(=O)OCC)CCCN2CCCC2)CCCCCCC/C=C\CCCCCCCC,CCCCCCCC/C=C\CCCCCCCC1(CCCCCCC/C=C\CCCCCCCC)C=NC(C(=O)OCC)N1CCCN1CCCC1,WMYPEEPUVOTFJU-WRBBJXAJSA-N,False
lnp_atlas,969,A2-Iso5-2DC18,CCCCCCCC/C=C\CCCCCCCC1(N(C(N=C1)C(=O)OCC)CCCN2CCCC2)CCCCCCC/C=C\CCCCCCCC,CCCCCCCC/C=C\CCCCCCCC1(CCCCCCC/C=C\CCCCCCCC)C=NC(C(=O)OCC)N1CCCN1CCCC1,WMYPEEPUVOTFJU-WRBBJXAJSA-N,False
lnp_atlas,970,A2-Iso5-2DC18,CCCCCCCC/C=C\CCCCCCCC1(N(C(N=C1)C(=O)OCC)CCCN2CCCC2)CCCCCCC/C=C\CCCCCCCC,CCCCCCCC/C=C\CCCCCCCC1(CCCCCCC/C=C\CCCCCCCC)C=NC(C(=O)OCC)N1CCCN1CCCC1,WMYPEEPUVOTFJU-WRBBJXAJSA-N,False
lnp_atlas,971,A2-Iso5-2DC18,CCCCCCCC/C=C\CCCCCCCC1(N(C(N=C1)C(=O)OCC)CCCN2CCCC2)CCCCCCC/C=C\CCCCCCCC,CCCCCCCC/C=C\CCCCCCCC1(CCCCCCC/C=C\CCCCCCCC)C=NC(C(=O)OCC)N1CCCN1CCCC1,WMYPEEPUVOTFJU-WRBBJXAJSA-N,False
lnp_atlas,972,A2-Iso5-2DC18,CCCCCCCC/C=C\CCCCCCCC1(N(C(N=C1)C(=O)OCC)CCCN2CCCC2)CCCCCCC/C=C\CCCCCCCC,CCCCCCCC/C=C\CCCCCCCC1(CCCCCCC/C=C\CCCCCCCC)C=NC(C(=O)OCC)N1CCCN1CCCC1,WMYPEEPUVOTFJU-WRBBJXAJSA-N,False
lnp_atlas,973,A2-Iso5-2DC18,CCCCCCCC/C=C\CCCCCCCC1(N(C(N=C1)C(=O)OCC)CCCN2CCCC2)CCCCCCC/C=C\CCCCCCCC,CCCCCCCC/C=C\CCCCCCCC1(CCCCCCC/C=C\CCCCCCCC)C=NC(C(=O)OCC)N1CCCN1CCCC1,WMYPEEPUVOTFJU-WRBBJXAJSA-N,False
lnp_atlas,974,A2-Iso5-2DC18,CCCCCCCC/C=C\CCCCCCCC1(N(C(N=C1)C(=O)OCC)CCCN2CCCC2)CCCCCCC/C=C\CCCCCCCC,CCCCCCCC/C=C\CCCCCCCC1(CCCCCCC/C=C\CCCCCCCC)C=NC(C(=O)OCC)N1CCCN1CCCC1,WMYPEEPUVOTFJU-WRBBJXAJSA-N,False
lnp_atlas,975,A2-Iso5-2DC18,CCCCCCCC/C=C\CCCCCCCC1(N(C(N=C1)C(=O)OCC)CCCN2CCCC2)CCCCCCC/C=C\CCCCCCCC,CCCCCCCC/C=C\CCCCCCCC1(CCCCCCC/C=C\CCCCCCCC)C=NC(C(=O)OCC)N1CCCN1CCCC1,WMYPEEPUVOTFJU-WRBBJXAJSA-N,False
lnp_atlas,976,A2-Iso5-2DC18,CCCCCCCC/C=C\CCCCCCCC1(N(C(N=C1)C(=O)OCC)CCCN2CCCC2)CCCCCCC/C=C\CCCCCCCC,CCCCCCCC/C=C\CCCCCCCC1(CCCCCCC/C=C\CCCCCCCC)C=NC(C(=O)OCC)N1CCCN1CCCC1,WMYPEEPUVOTFJU-WRBBJXAJSA-N,False
lnp_atlas,977,A2-Iso5-2DC18,CCCCCCCC/C=C\CCCCCCCC1(N(C(N=C1)C(=O)OCC)CCCN2CCCC2)CCCCCCC/C=C\CCCCCCCC,CCCCCCCC/C=C\CCCCCCCC1(CCCCCCC/C=C\CCCCCCCC)C=NC(C(=O)OCC)N1CCCN1CCCC1,WMYPEEPUVOTFJU-WRBBJXAJSA-N,False
lnp_atlas,978,A2-Iso5-2DC18,CCCCCCCC/C=C\CCCCCCCC1(N(C(N=C1)C(=O)OCC)CCCN2CCCC2)CCCCCCC/C=C\CCCCCCCC,CCCCCCCC/C=C\CCCCCCCC1(CCCCCCC/C=C\CCCCCCCC)C=NC(C(=O)OCC)N1CCCN1CCCC1,WMYPEEPUVOTFJU-WRBBJXAJSA-N,False
lnp_atlas,979,A2-Iso5-2DC18,CCCCCCCC/C=C\CCCCCCCC1(N(C(N=C1)C(=O)OCC)CCCN2CCCC2)CCCCCCC/C=C\CCCCCCCC,CCCCCCCC/C=C\CCCCCCCC1(CCCCCCC/C=C\CCCCCCCC)C=NC(C(=O)OCC)N1CCCN1CCCC1,WMYPEEPUVOTFJU-WRBBJXAJSA-N,False
lnp_atlas,980,A2-Iso5-2DC18,CCCCCCCC/C=C\CCCCCCCC1(N(C(N=C1)C(=O)OCC)CCCN2CCCC2)CCCCCCC/C=C\CCCCCCCC,CCCCCCCC/C=C\CCCCCCCC1(CCCCCCC/C=C\CCCCCCCC)C=NC(C(=O)OCC)N1CCCN1CCCC1,WMYPEEPUVOTFJU-WRBBJXAJSA-N,False
lnp_atlas,981,A2-Iso5-2DC18,CCCCCCCC/C=C\CCCCCCCC1(N(C(N=C1)C(=O)OCC)CCCN2CCCC2)CCCCCCC/C=C\CCCCCCCC,CCCCCCCC/C=C\CCCCCCCC1(CCCCCCC/C=C\CCCCCCCC)C=NC(C(=O)OCC)N1CCCN1CCCC1,WMYPEEPUVOTFJU-WRBBJXAJSA-N,False
lnp_atlas,982,A2-Iso5-2DC18,CCCCCCCC/C=C\CCCCCCCC1(N(C(N=C1)C(=O)OCC)CCCN2CCCC2)CCCCCCC/C=C\CCCCCCCC,CCCCCCCC/C=C\CCCCCCCC1(CCCCCCC/C=C\CCCCCCCC)C=NC(C(=O)OCC)N1CCCN1CCCC1,WMYPEEPUVOTFJU-WRBBJXAJSA-N,False
lnp_atlas,983,A2-Iso5-2DC18,CCCCCCCC/C=C\CCCCCCCC1(N(C(N=C1)C(=O)OCC)CCCN2CCCC2)CCCCCCC/C=C\CCCCCCCC,CCCCCCCC/C=C\CCCCCCCC1(CCCCCCC/C=C\CCCCCCCC)C=NC(C(=O)OCC)N1CCCN1CCCC1,WMYPEEPUVOTFJU-WRBBJXAJSA-N,False
lnp_atlas,984,A2-Iso5-2DC18,CCCCCCCC/C=C\CCCCCCCC1(N(C(N=C1)C(=O)OCC)CCCN2CCCC2)CCCCCCC/C=C\CCCCCCCC,CCCCCCCC/C=C\CCCCCCCC1(CCCCCCC/C=C\CCCCCCCC)C=NC(C(=O)OCC)N1CCCN1CCCC1,WMYPEEPUVOTFJU-WRBBJXAJSA-N,False
lnp_atlas,985,A2-Iso5-2DC18,CCCCCCCC/C=C\CCCCCCCC1(N(C(N=C1)C(=O)OCC)CCCN2CCCC2)CCCCCCC/C=C\CCCCCCCC,CCCCCCCC/C=C\CCCCCCCC1(CCCCCCC/C=C\CCCCCCCC)C=NC(C(=O)OCC)N1CCCN1CCCC1,WMYPEEPUVOTFJU-WRBBJXAJSA-N,False
lnp_atlas,986,A2-Iso5-2DC18,CCCCCCCC/C=C\CCCCCCCC1(N(C(N=C1)C(=O)OCC)CCCN2CCCC2)CCCCCCC/C=C\CCCCCCCC,CCCCCCCC/C=C\CCCCCCCC1(CCCCCCC/C=C\CCCCCCCC)C=NC(C(=O)OCC)N1CCCN1CCCC1,WMYPEEPUVOTFJU-WRBBJXAJSA-N,False
lnp_atlas,987,A2-Iso5-2DC18,CCCCCCCC/C=C\CCCCCCCC1(N(C(N=C1)C(=O)OCC)CCCN2CCCC2)CCCCCCC/C=C\CCCCCCCC,CCCCCCCC/C=C\CCCCCCCC1(CCCCCCC/C=C\CCCCCCCC)C=NC(C(=O)OCC)N1CCCN1CCCC1,WMYPEEPUVOTFJU-WRBBJXAJSA-N,False
lnp_atlas,988,A2-Iso5-2DC18,CCCCCCCC/C=C\CCCCCCCC1(N(C(N=C1)C(=O)OCC)CCCN2CCCC2)CCCCCCC/C=C\CCCCCCCC,CCCCCCCC/C=C\CCCCCCCC1(CCCCCCC/C=C\CCCCCCCC)C=NC(C(=O)OCC)N1CCCN1CCCC1,WMYPEEPUVOTFJU-WRBBJXAJSA-N,False
lnp_atlas,989,A2-Iso5-2DC18,CCCCCCCC/C=C\CCCCCCCC1(N(C(N=C1)C(=O)OCC)CCCN2CCCC2)CCCCCCC/C=C\CCCCCCCC,CCCCCCCC/C=C\CCCCCCCC1(CCCCCCC/C=C\CCCCCCCC)C=NC(C(=O)OCC)N1CCCN1CCCC1,WMYPEEPUVOTFJU-WRBBJXAJSA-N,False
lnp_atlas,990,A2-Iso5-2DC18,CCCCCCCC/C=C\CCCCCCCC1(N(C(N=C1)C(=O)OCC)CCCN2CCCC2)CCCCCCC/C=C\CCCCCCCC,CCCCCCCC/C=C\CCCCCCCC1(CCCCCCC/C=C\CCCCCCCC)C=NC(C(=O)OCC)N1CCCN1CCCC1,WMYPEEPUVOTFJU-WRBBJXAJSA-N,False
lnp_atlas,991,A2-Iso5-2DC18,CCCCCCCC/C=C\CCCCCCCC1(N(C(N=C1)C(=O)OCC)CCCN2CCCC2)CCCCCCC/C=C\CCCCCCCC,CCCCCCCC/C=C\CCCCCCCC1(CCCCCCC/C=C\CCCCCCCC)C=NC(C(=O)OCC)N1CCCN1CCCC1,WMYPEEPUVOTFJU-WRBBJXAJSA-N,False
lnp_atlas,992,A2-Iso5-2DC18,CCCCCCCC/C=C\CCCCCCCC1(N(C(N=C1)C(=O)OCC)CCCN2CCCC2)CCCCCCC/C=C\CCCCCCCC,CCCCCCCC/C=C\CCCCCCCC1(CCCCCCC/C=C\CCCCCCCC)C=NC(C(=O)OCC)N1CCCN1CCCC1,WMYPEEPUVOTFJU-WRBBJXAJSA-N,False
lnp_atlas,993,C16-96,N(CC(O)CCCCCCCCCCCCCCCC)CCN(CC(O)CCCCCCCCCCCCCCCC)CC(O)CCCCCCCCCCCCCCCC,CCCCCCCCCCCCCCCCC(O)CNCCN(CC(O)CCCCCCCCCCCCCCCC)CC(O)CCCCCCCCCCCCCCCC,QCXAIADBLUDKCU-UHFFFAOYSA-N,True
lnp_atlas,994,C14-110,N(CC(O)CCCCCCCCCCCCCC)CCN(CN)CCN(CC(O)CCCCCCCCCCCCCC)CC(O)CCCCCCCCCCCCCC,CCCCCCCCCCCCCCC(O)CNCCN(CN)CCN(CC(O)CCCCCCCCCCCCCC)CC(O)CCCCCCCCCCCCCC,GCGXWYQGLLPDKD-UHFFFAOYSA-N,True
lnp_atlas,995,C12-200,NCCN1CCN(CCN(CC(O)CCCCCCCCCCCC)CC(O)CCCCCCCCCCCC)CC1CN(CC(O)CCCCCCCCCCCC)CN(CC(O)CCCCCCCCCCCC)CC(O)CCCCCCCCCCCC,CCCCCCCCCCCCC(O)CN(CCN1CCN(CCN)C(CN(CC(O)CCCCCCCCCCCC)CN(CC(O)CCCCCCCCCCCC)CC(O)CCCCCCCCCCCC)C1)CC(O)CCCCCCCCCCCC,WZJASPMKFTYOPC-UHFFFAOYSA-N,False
lnp_atlas,996,C12-200,NCCN1CCN(CCN(CC(O)CCCCCCCCCCCC)CC(O)CCCCCCCCCCCC)CC1CN(CC(O)CCCCCCCCCCCC)CN(CC(O)CCCCCCCCCCCC)CC(O)CCCCCCCCCCCC,CCCCCCCCCCCCC(O)CN(CCN1CCN(CCN)C(CN(CC(O)CCCCCCCCCCCC)CN(CC(O)CCCCCCCCCCCC)CC(O)CCCCCCCCCCCC)C1)CC(O)CCCCCCCCCCCC,WZJASPMKFTYOPC-UHFFFAOYSA-N,False
lnp_atlas,997,C12-200,NCCN1CCN(CCN(CC(O)CCCCCCCCCCCC)CC(O)CCCCCCCCCCCC)CC1CN(CC(O)CCCCCCCCCCCC)CN(CC(O)CCCCCCCCCCCC)CC(O)CCCCCCCCCCCC,CCCCCCCCCCCCC(O)CN(CCN1CCN(CCN)C(CN(CC(O)CCCCCCCCCCCC)CN(CC(O)CCCCCCCCCCCC)CC(O)CCCCCCCCCCCC)C1)CC(O)CCCCCCCCCCCC,WZJASPMKFTYOPC-UHFFFAOYSA-N,False
lnp_atlas,998,C14-100,N(CC(O)CCCCCCCCCCCCCC)CCN(CC(O)CCCCCCCCCCCCCC)CC(O)CCCCCCCCCCCCCC,CCCCCCCCCCCCCCC(O)CNCCN(CC(O)CCCCCCCCCCCCCC)CC(O)CCCCCCCCCCCCCC,QHYAVZYOTGBZTQ-UHFFFAOYSA-N,True
lnp_atlas,999,C14-96,N(CC(O)CCCCCCCCCCCCCC)CCN(CC(O)CCCCCCCCCCCCCC)CC(O)CCCCCCCCCCCCCC,CCCCCCCCCCCCCCC(O)CNCCN(CC(O)CCCCCCCCCCCCCC)CC(O)CCCCCCCCCCCCCC,QHYAVZYOTGBZTQ-UHFFFAOYSA-N,False
lnp_atlas,1001,C12-113,N(CC(O)CCCCCCCCCCCC)CCN(CCN(CC(O)CCCCCCCCCCCC)CC(O)CCCCCCCCCCCC)CCN(CC(O)CCCCCCCCCCCC)CC(O)CCCCCCCCCCCC,CCCCCCCCCCCCC(O)CNCCN(CCN(CC(O)CCCCCCCCCCCC)CC(O)CCCCCCCCCCCC)CCN(CC(O)CCCCCCCCCCCC)CC(O)CCCCCCCCCCCC,IAFOPWQZGXEQNI-UHFFFAOYSA-N,True
lnp_atlas,1004,C18-96,N(CC(O)CCCCCCCCCCCCCCCCCC)CCN(CC(O)CCCCCCCCCCCCCCCCCC)CC(O)CCCCCCCCCCCCCCCCCC,CCCCCCCCCCCCCCCCCCC(O)CNCCN(CC(O)CCCCCCCCCCCCCCCCCC)CC(O)CCCCCCCCCCCCCCCCCC,DDXIXSVQTAAIGA-UHFFFAOYSA-N,True
lnp_atlas,1005,"306O6 (3,3'-diamino-N-methyldipropylamine + hexyl acrylate)",CCCCCCOC(=O)CCN(CCCN(C)CCCN(CCC(=O)OCCCCCC)CCC(=O)OCCCCCC)CCC(=O)OCCCCCC,CCCCCCOC(=O)CCN(CCCN(C)CCCN(CCC(=O)OCCCCCC)CCC(=O)OCCCCCC)CCC(=O)OCCCCCC,QIYMRFHTSUZVSS-UHFFFAOYSA-N,True
lnp_atlas,1006,"306O8 (3,3'-diamino-N-methyldipropylamine + octyl acrylate)",CCCCCCCCOC(=O)CCN(CCCN(N)CCCN(CCC(=O)OCCCCCCCC)CCC(=O)OCCCCCCCC)CCC(=O)OCCCCCCCC,CCCCCCCCOC(=O)CCN(CCCN(N)CCCN(CCC(=O)OCCCCCCCC)CCC(=O)OCCCCCCCC)CCC(=O)OCCCCCCCC,CZTRRQZOPFXJIB-UHFFFAOYSA-N,True
lnp_atlas,1007,"306O9 (3,3'-diamino-N-methyldipropylamine + nonyl acrylate)",CCCCCCCCC(OC(=O)CCN(CCCN(C)CCCN(CCC(=O)OCCCCCCCCC)CCC(=O)OCCCCCCCCC)CCC(=O)OCCCCCCCCC),CCCCCCCCCOC(=O)CCN(CCCN(C)CCCN(CCC(=O)OCCCCCCCCC)CCC(=O)OCCCCCCCCC)CCC(=O)OCCCCCCCCC,FADOUOCMTOIWGB-UHFFFAOYSA-N,True
lnp_atlas,1008,"306Oi10 (3,3'-diamino-N-methyldipropylamine + branched decyl acrylate with one-carbon branch)",CCCCCCCC(C)COC(=O)CCN(CCCN(C)CCCN(CCC(=O)OCC(C)CCCCCCCC)CCC(=O)OCC(C)CCCCCCCC)CCC(=O)OCC(C)CCCCCCCC,CCCCCCCCC(C)COC(=O)CCN(CCCN(C)CCCN(CCC(=O)OCC(C)CCCCCCCC)CCC(=O)OCC(C)CCCCCCCC)CCC(=O)OCC(C)CCCCCCC,GKAOOJGKHRVCNC-UHFFFAOYSA-N,True
lnp_atlas,1009,"306O10 (3,3'-diamino-N-methyldipropylamine + straight decyl acrylate)",CCCCCCCCCCOC(=O)CCN(CCCN(C)CCCN(CCC(=O)OCCCCCCCCCC)CCC(=O)OCCCCCCCCCC)CCC(=O)OCCCCCCCCCC,CCCCCCCCCCOC(=O)CCN(CCCN(C)CCCN(CCC(=O)OCCCCCCCCCC)CCC(=O)OCCCCCCCCCC)CCC(=O)OCCCCCCCCCC,PGKBCAOUJZLRIS-UHFFFAOYSA-N,True
lnp_atlas,1010,"306O11 (3,3'-diamino-N-methyldipropylamine + undecyl acrylate)",CCCCCCCCCCCOC(=O)CCN(CCCN(C)CCCN(CCC(=O)OCCCCCCCCCCC)CCC(=O)OCCCCCCCCCCC)CCC(=O)OCCCCCCCCCCC,CCCCCCCCCCCOC(=O)CCN(CCCN(C)CCCN(CCC(=O)OCCCCCCCCCCC)CCC(=O)OCCCCCCCCCCC)CCC(=O)OCCCCCCCCCCC,WYYPKZMMNDPYQD-UHFFFAOYSA-N,True
lnp_atlas,1011,"306O12 (3,3'-diamino-N-methyldipropylamine + dodecyl acrylate)",CCCCCCCCCCCOC(=O)CCN(CCCN(C)CCCN(CCC(=O)OCCCCCCCCCCCC)CCC(=O)OCCCCCCCCCCCC)CCC(=O)OCCCCCCCCCCCC,CCCCCCCCCCCCOC(=O)CCN(CCCN(C)CCCN(CCC(=O)OCCCCCCCCCCCC)CCC(=O)OCCCCCCCCCCCC)CCC(=O)OCCCCCCCCCCC,KXJPKIRKQOWJGG-UHFFFAOYSA-N,True
lnp_atlas,1012,"306O13 (3,3'-diamino-N-methyldipropylamine + tridecyl acrylate)",CCCCCCCCCCCCCOC(=O)CCN(CCCN(C)CCCN(CCC(=O)OCCCCCCCCCCCCC)CCC(=O)OCCCCCCCCCCCCC)CCC(=O)OCCCCCCCCCCCCC,CCCCCCCCCCCCCOC(=O)CCN(CCCN(C)CCCN(CCC(=O)OCCCCCCCCCCCCC)CCC(=O)OCCCCCCCCCCCCC)CCC(=O)OCCCCCCCCCCCCC,MSCOHYYLRYFQHL-UHFFFAOYSA-N,True
lnp_atlas,1013,"306O14 (3,3'-diamino-N-methyldipropylamine + tetradecyl acrylate)",CCCCCCCCCCCCCCOC(=O)CCN(CCCN(C)CCCN(CCC(=O)OCCCCCCCCCCCCCC)CCC(=O)OCCCCCCCCCCCCCC)CCC(=O)OCCCCCCCCCCCCCC,CCCCCCCCCCCCCCOC(=O)CCN(CCCN(C)CCCN(CCC(=O)OCCCCCCCCCCCCCC)CCC(=O)OCCCCCCCCCCCCCC)CCC(=O)OCCCCCCCCCCCCCC,LRQXEZVLSSESNB-UHFFFAOYSA-N,True
lnp_atlas,1014,"306O16 (3,3'-diamino-N-methyldipropylamine + hexadecyl acrylate)",CCCCCCCCCCCCCCCCOC(=O)CCN(CCCN(C)CCCN(CCC(=O)OCCCCCCCCCCCCCCCC)CCC(=O)OCCCCCCCCCCCCCCCC)CCC(=O)OCCCCCCCCCCCCCCCC,CCCCCCCCCCCCCCCCOC(=O)CCN(CCCN(C)CCCN(CCC(=O)OCCCCCCCCCCCCCCCC)CCC(=O)OCCCCCCCCCCCCCCCC)CCC(=O)OCCCCCCCCCCCCCCCC,RIYSLMHQAZEFEP-UHFFFAOYSA-N,True
lnp_atlas,1015,"306O18 (3,3'-diamino-N-methyldipropylamine + octadecyl acrylate)",CCCCCCCCCCCCCCCCCCOC(=O)CCN(CCCN(C)CCCN(CCC(=O)OCCCCCCCCCCCCCCCCCC)CCC(=O)OCCCCCCCCCCCCCCCCCC)CCC(=O)OCCCCCCCCCCCCCCCCCC,CCCCCCCCCCCCCCCCCCOC(=O)CCN(CCCN(C)CCCN(CCC(=O)OCCCCCCCCCCCCCCCCCC)CCC(=O)OCCCCCCCCCCCCCCCCCC)CCC(=O)OCCCCCCCCCCCCCCCCCC,BMILXSKFNQZSAS-UHFFFAOYSA-N,True
lnp_atlas,1016,DODAC,CCCCCCCC/C=C\CCCCCCCC[N+](CCCCCCCC/C=C\CCCCCCCC)(C)C.[Cl-],CCCCCCCC/C=C\CCCCCCCC[N+](C)(C)CCCCCCCC/C=C\CCCCCCCC.[Cl-],UAKOZKUVZRMOFN-JDVCJPALSA-M,True
lnp_atlas,1017,DODAC,CCCCCCCC/C=C\CCCCCCCC[N+](CCCCCCCC/C=C\CCCCCCCC)(C)C.[Cl-],CCCCCCCC/C=C\CCCCCCCC[N+](C)(C)CCCCCCCC/C=C\CCCCCCCC.[Cl-],UAKOZKUVZRMOFN-JDVCJPALSA-M,False
lnp_atlas,1018,DODAC,CCCCCCCC/C=C\CCCCCCCC[N+](CCCCCCCC/C=C\CCCCCCCC)(C)C.[Cl-],CCCCCCCC/C=C\CCCCCCCC[N+](C)(C)CCCCCCCC/C=C\CCCCCCCC.[Cl-],UAKOZKUVZRMOFN-JDVCJPALSA-M,False
lnp_atlas,1019,DODAC,CCCCCCCC/C=C\CCCCCCCC[N+](CCCCCCCC/C=C\CCCCCCCC)(C)C.[Cl-],CCCCCCCC/C=C\CCCCCCCC[N+](C)(C)CCCCCCCC/C=C\CCCCCCCC.[Cl-],UAKOZKUVZRMOFN-JDVCJPALSA-M,False
lnp_atlas,1020,"DLinDMA (1,2-dilinoleyloxy-3-dimethylaminopropane)",CCCCC/C=C\C/C=C\CCCCCCCCOCC(CN(C)C)OCCCCCCCC/C=C\C/C=C\CCCCC,CCCCC/C=C\C/C=C\CCCCCCCCOCC(CN(C)C)OCCCCCCCC/C=C\C/C=C\CCCCC,NFQBIAXADRDUGK-KWXKLSQISA-N,False
lnp_atlas,1021,DLinDMA,CCCCC/C=C\C/C=C\CCCCCCCCOCC(CN(C)C)OCCCCCCCC/C=C\C/C=C\CCCCC,CCCCC/C=C\C/C=C\CCCCCCCCOCC(CN(C)C)OCCCCCCCC/C=C\C/C=C\CCCCC,NFQBIAXADRDUGK-KWXKLSQISA-N,False
lnp_atlas,1022,DLinDMA,CCCCC/C=C\C/C=C\CCCCCCCCOCC(CN(C)C)OCCCCCCCC/C=C\C/C=C\CCCCC,CCCCC/C=C\C/C=C\CCCCCCCCOCC(CN(C)C)OCCCCCCCC/C=C\C/C=C\CCCCC,NFQBIAXADRDUGK-KWXKLSQISA-N,False
lnp_atlas,1023,DLinDMA,CCCCC/C=C\C/C=C\CCCCCCCCOCC(CN(C)C)OCCCCCCCC/C=C\C/C=C\CCCCC,CCCCC/C=C\C/C=C\CCCCCCCCOCC(CN(C)C)OCCCCCCCC/C=C\C/C=C\CCCCC,NFQBIAXADRDUGK-KWXKLSQISA-N,False
lnp_atlas,1024,DLinDMA,CCCCC/C=C\C/C=C\CCCCCCCCOCC(CN(C)C)OCCCCCCCC/C=C\C/C=C\CCCCC,CCCCC/C=C\C/C=C\CCCCCCCCOCC(CN(C)C)OCCCCCCCC/C=C\C/C=C\CCCCC,NFQBIAXADRDUGK-KWXKLSQISA-N,False
lnp_atlas,1025,DLinDMA,CCCCC/C=C\C/C=C\CCCCCCCCOCC(CN(C)C)OCCCCCCCC/C=C\C/C=C\CCCCC,CCCCC/C=C\C/C=C\CCCCCCCCOCC(CN(C)C)OCCCCCCCC/C=C\C/C=C\CCCCC,NFQBIAXADRDUGK-KWXKLSQISA-N,False
lnp_atlas,1027,306O12 (lipidoid),CCCCCCCCCCCOC(=O)CCN(CCCN(C)CCCN(CCC(=O)OCCCCCCCCCCCC)CCC(=O)OCCCCCCCCCCCC)CCC(=O)OCCCCCCCCCCCC,CCCCCCCCCCCCOC(=O)CCN(CCCN(C)CCCN(CCC(=O)OCCCCCCCCCCCC)CCC(=O)OCCCCCCCCCCCC)CCC(=O)OCCCCCCCCCCC,KXJPKIRKQOWJGG-UHFFFAOYSA-N,False
lnp_atlas,1029,7C1,NCCN(CCNCC(O)CCCCCCCCCCCC)CCNCCN(CCNCCNCC(O)CCCCCCCCCCCC)CCN(CCN(CCN)CCNCC(O)CCCCCCCCCCCC)CCNCCN,CCCCCCCCCCCCC(O)CNCCNCCN(CCNCCN(CCN)CCNCC(O)CCCCCCCCCCCC)CCN(CCNCCN)CCN(CCN)CCNCC(O)CCCCCCCCCCCC,ZNBZOXITLOVORM-UHFFFAOYSA-N,False
lnp_atlas,1030,7C1,NCCN(CCNCC(O)CCCCCCCCCCCC)CCNCCN(CCNCCNCC(O)CCCCCCCCCCCC)CCN(CCN(CCN)CCNCC(O)CCCCCCCCCCCC)CCNCCN,CCCCCCCCCCCCC(O)CNCCNCCN(CCNCCN(CCN)CCNCC(O)CCCCCCCCCCCC)CCN(CCNCCN)CCN(CCN)CCNCC(O)CCCCCCCCCCCC,ZNBZOXITLOVORM-UHFFFAOYSA-N,False
lnp_atlas,1031,7C1,NCCN(CCNCC(O)CCCCCCCCCCCC)CCNCCN(CCNCCNCC(O)CCCCCCCCCCCC)CCN(CCN(CCN)CCNCC(O)CCCCCCCCCCCC)CCNCCN,CCCCCCCCCCCCC(O)CNCCNCCN(CCNCCN(CCN)CCNCC(O)CCCCCCCCCCCC)CCN(CCNCCN)CCN(CCN)CCNCC(O)CCCCCCCCCCCC,ZNBZOXITLOVORM-UHFFFAOYSA-N,False
lnp_atlas,1032,7C1,NCCN(CCNCC(O)CCCCCCCCCCCC)CCNCCN(CCNCCNCC(O)CCCCCCCCCCCC)CCN(CCN(CCN)CCNCC(O)CCCCCCCCCCCC)CCNCCN,CCCCCCCCCCCCC(O)CNCCNCCN(CCNCCN(CCN)CCNCC(O)CCCCCCCCCCCC)CCN(CCNCCN)CCN(CCN)CCNCC(O)CCCCCCCCCCCC,ZNBZOXITLOVORM-UHFFFAOYSA-N,False
lnp_atlas,1033,7C1,NCCN(CCNCC(O)CCCCCCCCCCCC)CCNCCN(CCNCCNCC(O)CCCCCCCCCCCC)CCN(CCN(CCN)CCNCC(O)CCCCCCCCCCCC)CCNCCN,CCCCCCCCCCCCC(O)CNCCNCCN(CCNCCN(CCN)CCNCC(O)CCCCCCCCCCCC)CCN(CCNCCN)CCN(CCN)CCNCC(O)CCCCCCCCCCCC,ZNBZOXITLOVORM-UHFFFAOYSA-N,False
lnp_atlas,1034,7C1,NCCN(CCNCC(O)CCCCCCCCCCCC)CCNCCN(CCNCCNCC(O)CCCCCCCCCCCC)CCN(CCN(CCN)CCNCC(O)CCCCCCCCCCCC)CCNCCN,CCCCCCCCCCCCC(O)CNCCNCCN(CCNCCN(CCN)CCNCC(O)CCCCCCCCCCCC)CCN(CCNCCN)CCN(CCN)CCNCC(O)CCCCCCCCCCCC,ZNBZOXITLOVORM-UHFFFAOYSA-N,False
lnp_atlas,1035,7C1,NCCN(CCNCC(O)CCCCCCCCCCCC)CCNCCN(CCNCCNCC(O)CCCCCCCCCCCC)CCN(CCN(CCN)CCNCC(O)CCCCCCCCCCCC)CCNCCN,CCCCCCCCCCCCC(O)CNCCNCCN(CCNCCN(CCN)CCNCC(O)CCCCCCCCCCCC)CCN(CCNCCN)CCN(CCN)CCNCC(O)CCCCCCCCCCCC,ZNBZOXITLOVORM-UHFFFAOYSA-N,False
lnp_atlas,1036,7C1,NCCN(CCNCC(O)CCCCCCCCCCCC)CCNCCN(CCNCCNCC(O)CCCCCCCCCCCC)CCN(CCN(CCN)CCNCC(O)CCCCCCCCCCCC)CCNCCN,CCCCCCCCCCCCC(O)CNCCNCCN(CCNCCN(CCN)CCNCC(O)CCCCCCCCCCCC)CCN(CCNCCN)CCN(CCN)CCNCC(O)CCCCCCCCCCCC,ZNBZOXITLOVORM-UHFFFAOYSA-N,False
lnp_atlas,1037,7C1,NCCN(CCNCC(O)CCCCCCCCCCCC)CCNCCN(CCNCCNCC(O)CCCCCCCCCCCC)CCN(CCN(CCN)CCNCC(O)CCCCCCCCCCCC)CCNCCN,CCCCCCCCCCCCC(O)CNCCNCCN(CCNCCN(CCN)CCNCC(O)CCCCCCCCCCCC)CCN(CCNCCN)CCN(CCN)CCNCC(O)CCCCCCCCCCCC,ZNBZOXITLOVORM-UHFFFAOYSA-N,False
lnp_atlas,1038,7C1,NCCN(CCNCC(O)CCCCCCCCCCCC)CCNCCN(CCNCCNCC(O)CCCCCCCCCCCC)CCN(CCN(CCN)CCNCC(O)CCCCCCCCCCCC)CCNCCN,CCCCCCCCCCCCC(O)CNCCNCCN(CCNCCN(CCN)CCNCC(O)CCCCCCCCCCCC)CCN(CCNCCN)CCN(CCN)CCNCC(O)CCCCCCCCCCCC,ZNBZOXITLOVORM-UHFFFAOYSA-N,False
lnp_atlas,1039,7C1,NCCN(CCNCC(O)CCCCCCCCCCCC)CCNCCN(CCNCCNCC(O)CCCCCCCCCCCC)CCN(CCN(CCN)CCNCC(O)CCCCCCCCCCCC)CCNCCN,CCCCCCCCCCCCC(O)CNCCNCCN(CCNCCN(CCN)CCNCC(O)CCCCCCCCCCCC)CCN(CCNCCN)CCN(CCN)CCNCC(O)CCCCCCCCCCCC,ZNBZOXITLOVORM-UHFFFAOYSA-N,False
lnp_atlas,1040,7C1,NCCN(CCNCC(O)CCCCCCCCCCCC)CCNCCN(CCNCCNCC(O)CCCCCCCCCCCC)CCN(CCN(CCN)CCNCC(O)CCCCCCCCCCCC)CCNCCN,CCCCCCCCCCCCC(O)CNCCNCCN(CCNCCN(CCN)CCNCC(O)CCCCCCCCCCCC)CCN(CCNCCN)CCN(CCN)CCNCC(O)CCCCCCCCCCCC,ZNBZOXITLOVORM-UHFFFAOYSA-N,False
lnp_atlas,1041,7C1,NCCN(CCNCC(O)CCCCCCCCCCCC)CCNCCN(CCNCCNCC(O)CCCCCCCCCCCC)CCN(CCN(CCN)CCNCC(O)CCCCCCCCCCCC)CCNCCN,CCCCCCCCCCCCC(O)CNCCNCCN(CCNCCN(CCN)CCNCC(O)CCCCCCCCCCCC)CCN(CCNCCN)CCN(CCN)CCNCC(O)CCCCCCCCCCCC,ZNBZOXITLOVORM-UHFFFAOYSA-N,False
lnp_atlas,1042,7C1,NCCN(CCNCC(O)CCCCCCCCCCCC)CCNCCN(CCNCCNCC(O)CCCCCCCCCCCC)CCN(CCN(CCN)CCNCC(O)CCCCCCCCCCCC)CCNCCN,CCCCCCCCCCCCC(O)CNCCNCCN(CCNCCN(CCN)CCNCC(O)CCCCCCCCCCCC)CCN(CCNCCN)CCN(CCN)CCNCC(O)CCCCCCCCCCCC,ZNBZOXITLOVORM-UHFFFAOYSA-N,False
lnp_atlas,1043,7C1,NCCN(CCNCC(O)CCCCCCCCCCCC)CCNCCN(CCNCCNCC(O)CCCCCCCCCCCC)CCN(CCN(CCN)CCNCC(O)CCCCCCCCCCCC)CCNCCN,CCCCCCCCCCCCC(O)CNCCNCCN(CCNCCN(CCN)CCNCC(O)CCCCCCCCCCCC)CCN(CCNCCN)CCN(CCN)CCNCC(O)CCCCCCCCCCCC,ZNBZOXITLOVORM-UHFFFAOYSA-N,False
lnp_atlas,1044,7C1,NCCN(CCNCC(O)CCCCCCCCCCCC)CCNCCN(CCNCCNCC(O)CCCCCCCCCCCC)CCN(CCN(CCN)CCNCC(O)CCCCCCCCCCCC)CCNCCN,CCCCCCCCCCCCC(O)CNCCNCCN(CCNCCN(CCN)CCNCC(O)CCCCCCCCCCCC)CCN(CCNCCN)CCN(CCN)CCNCC(O)CCCCCCCCCCCC,ZNBZOXITLOVORM-UHFFFAOYSA-N,False
lnp_atlas,1045,7C1,NCCN(CCNCC(O)CCCCCCCCCCCC)CCNCCN(CCNCCNCC(O)CCCCCCCCCCCC)CCN(CCN(CCN)CCNCC(O)CCCCCCCCCCCC)CCNCCN,CCCCCCCCCCCCC(O)CNCCNCCN(CCNCCN(CCN)CCNCC(O)CCCCCCCCCCCC)CCN(CCNCCN)CCN(CCN)CCNCC(O)CCCCCCCCCCCC,ZNBZOXITLOVORM-UHFFFAOYSA-N,False
lnp_atlas,1046,7C1,NCCN(CCNCC(O)CCCCCCCCCCCC)CCNCCN(CCNCCNCC(O)CCCCCCCCCCCC)CCN(CCN(CCN)CCNCC(O)CCCCCCCCCCCC)CCNCCN,CCCCCCCCCCCCC(O)CNCCNCCN(CCNCCN(CCN)CCNCC(O)CCCCCCCCCCCC)CCN(CCNCCN)CCN(CCN)CCNCC(O)CCCCCCCCCCCC,ZNBZOXITLOVORM-UHFFFAOYSA-N,False
lnp_atlas,1047,7C1,NCCN(CCNCC(O)CCCCCCCCCCCC)CCNCCN(CCNCCNCC(O)CCCCCCCCCCCC)CCN(CCN(CCN)CCNCC(O)CCCCCCCCCCCC)CCNCCN,CCCCCCCCCCCCC(O)CNCCNCCN(CCNCCN(CCN)CCNCC(O)CCCCCCCCCCCC)CCN(CCNCCN)CCN(CCN)CCNCC(O)CCCCCCCCCCCC,ZNBZOXITLOVORM-UHFFFAOYSA-N,False
lnp_atlas,1048,7C1,NCCN(CCNCC(O)CCCCCCCCCCCC)CCNCCN(CCNCCNCC(O)CCCCCCCCCCCC)CCN(CCN(CCN)CCNCC(O)CCCCCCCCCCCC)CCNCCN,CCCCCCCCCCCCC(O)CNCCNCCN(CCNCCN(CCN)CCNCC(O)CCCCCCCCCCCC)CCN(CCNCCN)CCN(CCN)CCNCC(O)CCCCCCCCCCCC,ZNBZOXITLOVORM-UHFFFAOYSA-N,False
lnp_atlas,1049,7C1,NCCN(CCNCC(O)CCCCCCCCCCCC)CCNCCN(CCNCCNCC(O)CCCCCCCCCCCC)CCN(CCN(CCN)CCNCC(O)CCCCCCCCCCCC)CCNCCN,CCCCCCCCCCCCC(O)CNCCNCCN(CCNCCN(CCN)CCNCC(O)CCCCCCCCCCCC)CCN(CCNCCN)CCN(CCN)CCNCC(O)CCCCCCCCCCCC,ZNBZOXITLOVORM-UHFFFAOYSA-N,False
lnp_atlas,1050,7C1,NCCN(CCNCC(O)CCCCCCCCCCCC)CCNCCN(CCNCCNCC(O)CCCCCCCCCCCC)CCN(CCN(CCN)CCNCC(O)CCCCCCCCCCCC)CCNCCN,CCCCCCCCCCCCC(O)CNCCNCCN(CCNCCN(CCN)CCNCC(O)CCCCCCCCCCCC)CCN(CCNCCN)CCN(CCN)CCNCC(O)CCCCCCCCCCCC,ZNBZOXITLOVORM-UHFFFAOYSA-N,False
lnp_atlas,1051,7C1,NCCN(CCNCC(O)CCCCCCCCCCCC)CCNCCN(CCNCCNCC(O)CCCCCCCCCCCC)CCN(CCN(CCN)CCNCC(O)CCCCCCCCCCCC)CCNCCN,CCCCCCCCCCCCC(O)CNCCNCCN(CCNCCN(CCN)CCNCC(O)CCCCCCCCCCCC)CCN(CCNCCN)CCN(CCN)CCNCC(O)CCCCCCCCCCCC,ZNBZOXITLOVORM-UHFFFAOYSA-N,False
lnp_atlas,1052,7C1,NCCN(CCNCC(O)CCCCCCCCCCCC)CCNCCN(CCNCCNCC(O)CCCCCCCCCCCC)CCN(CCN(CCN)CCNCC(O)CCCCCCCCCCCC)CCNCCN,CCCCCCCCCCCCC(O)CNCCNCCN(CCNCCN(CCN)CCNCC(O)CCCCCCCCCCCC)CCN(CCNCCN)CCN(CCN)CCNCC(O)CCCCCCCCCCCC,ZNBZOXITLOVORM-UHFFFAOYSA-N,False
lnp_atlas,1053,7C1,NCCN(CCNCC(O)CCCCCCCCCCCC)CCNCCN(CCNCCNCC(O)CCCCCCCCCCCC)CCN(CCN(CCN)CCNCC(O)CCCCCCCCCCCC)CCNCCN,CCCCCCCCCCCCC(O)CNCCNCCN(CCNCCN(CCN)CCNCC(O)CCCCCCCCCCCC)CCN(CCNCCN)CCN(CCN)CCNCC(O)CCCCCCCCCCCC,ZNBZOXITLOVORM-UHFFFAOYSA-N,False
lnp_atlas,1054,7C1,NCCN(CCNCC(O)CCCCCCCCCCCC)CCNCCN(CCNCCNCC(O)CCCCCCCCCCCC)CCN(CCN(CCN)CCNCC(O)CCCCCCCCCCCC)CCNCCN,CCCCCCCCCCCCC(O)CNCCNCCN(CCNCCN(CCN)CCNCC(O)CCCCCCCCCCCC)CCN(CCNCCN)CCN(CCN)CCNCC(O)CCCCCCCCCCCC,ZNBZOXITLOVORM-UHFFFAOYSA-N,False
lnp_atlas,1055,7C1,NCCN(CCNCC(O)CCCCCCCCCCCC)CCNCCN(CCNCCNCC(O)CCCCCCCCCCCC)CCN(CCN(CCN)CCNCC(O)CCCCCCCCCCCC)CCNCCN,CCCCCCCCCCCCC(O)CNCCNCCN(CCNCCN(CCN)CCNCC(O)CCCCCCCCCCCC)CCN(CCNCCN)CCN(CCN)CCNCC(O)CCCCCCCCCCCC,ZNBZOXITLOVORM-UHFFFAOYSA-N,False
lnp_atlas,1056,7C1,NCCN(CCNCC(O)CCCCCCCCCCCC)CCNCCN(CCNCCNCC(O)CCCCCCCCCCCC)CCN(CCN(CCN)CCNCC(O)CCCCCCCCCCCC)CCNCCN,CCCCCCCCCCCCC(O)CNCCNCCN(CCNCCN(CCN)CCNCC(O)CCCCCCCCCCCC)CCN(CCNCCN)CCN(CCN)CCNCC(O)CCCCCCCCCCCC,ZNBZOXITLOVORM-UHFFFAOYSA-N,False
lnp_atlas,1057,7C1,NCCN(CCNCC(O)CCCCCCCCCCCC)CCNCCN(CCNCCNCC(O)CCCCCCCCCCCC)CCN(CCN(CCN)CCNCC(O)CCCCCCCCCCCC)CCNCCN,CCCCCCCCCCCCC(O)CNCCNCCN(CCNCCN(CCN)CCNCC(O)CCCCCCCCCCCC)CCN(CCNCCN)CCN(CCN)CCNCC(O)CCCCCCCCCCCC,ZNBZOXITLOVORM-UHFFFAOYSA-N,False
lnp_atlas,1058,7C1,NCCN(CCNCC(O)CCCCCCCCCCCC)CCNCCN(CCNCCNCC(O)CCCCCCCCCCCC)CCN(CCN(CCN)CCNCC(O)CCCCCCCCCCCC)CCNCCN,CCCCCCCCCCCCC(O)CNCCNCCN(CCNCCN(CCN)CCNCC(O)CCCCCCCCCCCC)CCN(CCNCCN)CCN(CCN)CCNCC(O)CCCCCCCCCCCC,ZNBZOXITLOVORM-UHFFFAOYSA-N,False
lnp_atlas,1059,7C1,NCCN(CCNCC(O)CCCCCCCCCCCC)CCNCCN(CCNCCNCC(O)CCCCCCCCCCCC)CCN(CCN(CCN)CCNCC(O)CCCCCCCCCCCC)CCNCCN,CCCCCCCCCCCCC(O)CNCCNCCN(CCNCCN(CCN)CCNCC(O)CCCCCCCCCCCC)CCN(CCNCCN)CCN(CCN)CCNCC(O)CCCCCCCCCCCC,ZNBZOXITLOVORM-UHFFFAOYSA-N,False
lnp_atlas,1060,7C1,NCCN(CCNCC(O)CCCCCCCCCCCC)CCNCCN(CCNCCNCC(O)CCCCCCCCCCCC)CCN(CCN(CCN)CCNCC(O)CCCCCCCCCCCC)CCNCCN,CCCCCCCCCCCCC(O)CNCCNCCN(CCNCCN(CCN)CCNCC(O)CCCCCCCCCCCC)CCN(CCNCCN)CCN(CCN)CCNCC(O)CCCCCCCCCCCC,ZNBZOXITLOVORM-UHFFFAOYSA-N,False
lnp_atlas,1061,7C1,NCCN(CCNCC(O)CCCCCCCCCCCC)CCNCCN(CCNCCNCC(O)CCCCCCCCCCCC)CCN(CCN(CCN)CCNCC(O)CCCCCCCCCCCC)CCNCCN,CCCCCCCCCCCCC(O)CNCCNCCN(CCNCCN(CCN)CCNCC(O)CCCCCCCCCCCC)CCN(CCNCCN)CCN(CCN)CCNCC(O)CCCCCCCCCCCC,ZNBZOXITLOVORM-UHFFFAOYSA-N,False
lnp_atlas,1062,7C1,NCCN(CCNCC(O)CCCCCCCCCCCC)CCNCCN(CCNCCNCC(O)CCCCCCCCCCCC)CCN(CCN(CCN)CCNCC(O)CCCCCCCCCCCC)CCNCCN,CCCCCCCCCCCCC(O)CNCCNCCN(CCNCCN(CCN)CCNCC(O)CCCCCCCCCCCC)CCN(CCNCCN)CCN(CCN)CCNCC(O)CCCCCCCCCCCC,ZNBZOXITLOVORM-UHFFFAOYSA-N,False
lnp_atlas,1063,7C1,NCCN(CCNCC(O)CCCCCCCCCCCC)CCNCCN(CCNCCNCC(O)CCCCCCCCCCCC)CCN(CCN(CCN)CCNCC(O)CCCCCCCCCCCC)CCNCCN,CCCCCCCCCCCCC(O)CNCCNCCN(CCNCCN(CCN)CCNCC(O)CCCCCCCCCCCC)CCN(CCNCCN)CCN(CCN)CCNCC(O)CCCCCCCCCCCC,ZNBZOXITLOVORM-UHFFFAOYSA-N,False
lnp_atlas,1064,7C1,NCCN(CCNCC(O)CCCCCCCCCCCC)CCNCCN(CCNCCNCC(O)CCCCCCCCCCCC)CCN(CCN(CCN)CCNCC(O)CCCCCCCCCCCC)CCNCCN,CCCCCCCCCCCCC(O)CNCCNCCN(CCNCCN(CCN)CCNCC(O)CCCCCCCCCCCC)CCN(CCNCCN)CCN(CCN)CCNCC(O)CCCCCCCCCCCC,ZNBZOXITLOVORM-UHFFFAOYSA-N,False
lnp_atlas,1065,7C1,NCCN(CCNCC(O)CCCCCCCCCCCC)CCNCCN(CCNCCNCC(O)CCCCCCCCCCCC)CCN(CCN(CCN)CCNCC(O)CCCCCCCCCCCC)CCNCCN,CCCCCCCCCCCCC(O)CNCCNCCN(CCNCCN(CCN)CCNCC(O)CCCCCCCCCCCC)CCN(CCNCCN)CCN(CCN)CCNCC(O)CCCCCCCCCCCC,ZNBZOXITLOVORM-UHFFFAOYSA-N,False
lnp_atlas,1066,7C1,NCCN(CCNCC(O)CCCCCCCCCCCC)CCNCCN(CCNCCNCC(O)CCCCCCCCCCCC)CCN(CCN(CCN)CCNCC(O)CCCCCCCCCCCC)CCNCCN,CCCCCCCCCCCCC(O)CNCCNCCN(CCNCCN(CCN)CCNCC(O)CCCCCCCCCCCC)CCN(CCNCCN)CCN(CCN)CCNCC(O)CCCCCCCCCCCC,ZNBZOXITLOVORM-UHFFFAOYSA-N,False
lnp_atlas,1067,7C1,NCCN(CCNCC(O)CCCCCCCCCCCC)CCNCCN(CCNCCNCC(O)CCCCCCCCCCCC)CCN(CCN(CCN)CCNCC(O)CCCCCCCCCCCC)CCNCCN,CCCCCCCCCCCCC(O)CNCCNCCN(CCNCCN(CCN)CCNCC(O)CCCCCCCCCCCC)CCN(CCNCCN)CCN(CCN)CCNCC(O)CCCCCCCCCCCC,ZNBZOXITLOVORM-UHFFFAOYSA-N,False
lnp_atlas,1068,7C1,NCCN(CCNCC(O)CCCCCCCCCCCC)CCNCCN(CCNCCNCC(O)CCCCCCCCCCCC)CCN(CCN(CCN)CCNCC(O)CCCCCCCCCCCC)CCNCCN,CCCCCCCCCCCCC(O)CNCCNCCN(CCNCCN(CCN)CCNCC(O)CCCCCCCCCCCC)CCN(CCNCCN)CCN(CCN)CCNCC(O)CCCCCCCCCCCC,ZNBZOXITLOVORM-UHFFFAOYSA-N,False
lnp_atlas,1069,7C1,NCCN(CCNCC(O)CCCCCCCCCCCC)CCNCCN(CCNCCNCC(O)CCCCCCCCCCCC)CCN(CCN(CCN)CCNCC(O)CCCCCCCCCCCC)CCNCCN,CCCCCCCCCCCCC(O)CNCCNCCN(CCNCCN(CCN)CCNCC(O)CCCCCCCCCCCC)CCN(CCNCCN)CCN(CCN)CCNCC(O)CCCCCCCCCCCC,ZNBZOXITLOVORM-UHFFFAOYSA-N,False
lnp_atlas,1070,7C1,NCCN(CCNCC(O)CCCCCCCCCCCC)CCNCCN(CCNCCNCC(O)CCCCCCCCCCCC)CCN(CCN(CCN)CCNCC(O)CCCCCCCCCCCC)CCNCCN,CCCCCCCCCCCCC(O)CNCCNCCN(CCNCCN(CCN)CCNCC(O)CCCCCCCCCCCC)CCN(CCNCCN)CCN(CCN)CCNCC(O)CCCCCCCCCCCC,ZNBZOXITLOVORM-UHFFFAOYSA-N,False
lnp_atlas,1071,7C1,NCCN(CCNCC(O)CCCCCCCCCCCC)CCNCCN(CCNCCNCC(O)CCCCCCCCCCCC)CCN(CCN(CCN)CCNCC(O)CCCCCCCCCCCC)CCNCCN,CCCCCCCCCCCCC(O)CNCCNCCN(CCNCCN(CCN)CCNCC(O)CCCCCCCCCCCC)CCN(CCNCCN)CCN(CCN)CCNCC(O)CCCCCCCCCCCC,ZNBZOXITLOVORM-UHFFFAOYSA-N,False
lnp_atlas,1072,7C1,NCCN(CCNCC(O)CCCCCCCCCCCC)CCNCCN(CCNCCNCC(O)CCCCCCCCCCCC)CCN(CCN(CCN)CCNCC(O)CCCCCCCCCCCC)CCNCCN,CCCCCCCCCCCCC(O)CNCCNCCN(CCNCCN(CCN)CCNCC(O)CCCCCCCCCCCC)CCN(CCNCCN)CCN(CCN)CCNCC(O)CCCCCCCCCCCC,ZNBZOXITLOVORM-UHFFFAOYSA-N,False
lnp_atlas,1073,7C1,NCCN(CCNCC(O)CCCCCCCCCCCC)CCNCCN(CCNCCNCC(O)CCCCCCCCCCCC)CCN(CCN(CCN)CCNCC(O)CCCCCCCCCCCC)CCNCCN,CCCCCCCCCCCCC(O)CNCCNCCN(CCNCCN(CCN)CCNCC(O)CCCCCCCCCCCC)CCN(CCNCCN)CCN(CCN)CCNCC(O)CCCCCCCCCCCC,ZNBZOXITLOVORM-UHFFFAOYSA-N,False
lnp_atlas,1074,7C1,NCCN(CCNCC(O)CCCCCCCCCCCC)CCNCCN(CCNCCNCC(O)CCCCCCCCCCCC)CCN(CCN(CCN)CCNCC(O)CCCCCCCCCCCC)CCNCCN,CCCCCCCCCCCCC(O)CNCCNCCN(CCNCCN(CCN)CCNCC(O)CCCCCCCCCCCC)CCN(CCNCCN)CCN(CCN)CCNCC(O)CCCCCCCCCCCC,ZNBZOXITLOVORM-UHFFFAOYSA-N,False
lnp_atlas,1075,7C1,NCCN(CCNCC(O)CCCCCCCCCCCC)CCNCCN(CCNCCNCC(O)CCCCCCCCCCCC)CCN(CCN(CCN)CCNCC(O)CCCCCCCCCCCC)CCNCCN,CCCCCCCCCCCCC(O)CNCCNCCN(CCNCCN(CCN)CCNCC(O)CCCCCCCCCCCC)CCN(CCNCCN)CCN(CCN)CCNCC(O)CCCCCCCCCCCC,ZNBZOXITLOVORM-UHFFFAOYSA-N,False
lnp_atlas,1076,7C1,NCCN(CCNCC(O)CCCCCCCCCCCC)CCNCCN(CCNCCNCC(O)CCCCCCCCCCCC)CCN(CCN(CCN)CCNCC(O)CCCCCCCCCCCC)CCNCCN,CCCCCCCCCCCCC(O)CNCCNCCN(CCNCCN(CCN)CCNCC(O)CCCCCCCCCCCC)CCN(CCNCCN)CCN(CCN)CCNCC(O)CCCCCCCCCCCC,ZNBZOXITLOVORM-UHFFFAOYSA-N,False
lnp_atlas,1077,7C1,NCCN(CCNCC(O)CCCCCCCCCCCC)CCNCCN(CCNCCNCC(O)CCCCCCCCCCCC)CCN(CCN(CCN)CCNCC(O)CCCCCCCCCCCC)CCNCCN,CCCCCCCCCCCCC(O)CNCCNCCN(CCNCCN(CCN)CCNCC(O)CCCCCCCCCCCC)CCN(CCNCCN)CCN(CCN)CCNCC(O)CCCCCCCCCCCC,ZNBZOXITLOVORM-UHFFFAOYSA-N,False
lnp_atlas,1078,7C1,NCCN(CCNCC(O)CCCCCCCCCCCC)CCNCCN(CCNCCNCC(O)CCCCCCCCCCCC)CCN(CCN(CCN)CCNCC(O)CCCCCCCCCCCC)CCNCCN,CCCCCCCCCCCCC(O)CNCCNCCN(CCNCCN(CCN)CCNCC(O)CCCCCCCCCCCC)CCN(CCNCCN)CCN(CCN)CCNCC(O)CCCCCCCCCCCC,ZNBZOXITLOVORM-UHFFFAOYSA-N,False
lnp_atlas,1079,7C1,NCCN(CCNCC(O)CCCCCCCCCCCC)CCNCCN(CCNCCNCC(O)CCCCCCCCCCCC)CCN(CCN(CCN)CCNCC(O)CCCCCCCCCCCC)CCNCCN,CCCCCCCCCCCCC(O)CNCCNCCN(CCNCCN(CCN)CCNCC(O)CCCCCCCCCCCC)CCN(CCNCCN)CCN(CCN)CCNCC(O)CCCCCCCCCCCC,ZNBZOXITLOVORM-UHFFFAOYSA-N,False
lnp_atlas,1080,7C1,NCCN(CCNCC(O)CCCCCCCCCCCC)CCNCCN(CCNCCNCC(O)CCCCCCCCCCCC)CCN(CCN(CCN)CCNCC(O)CCCCCCCCCCCC)CCNCCN,CCCCCCCCCCCCC(O)CNCCNCCN(CCNCCN(CCN)CCNCC(O)CCCCCCCCCCCC)CCN(CCNCCN)CCN(CCN)CCNCC(O)CCCCCCCCCCCC,ZNBZOXITLOVORM-UHFFFAOYSA-N,False
lnp_atlas,1081,7C1,NCCN(CCNCC(O)CCCCCCCCCCCC)CCNCCN(CCNCCNCC(O)CCCCCCCCCCCC)CCN(CCN(CCN)CCNCC(O)CCCCCCCCCCCC)CCNCCN,CCCCCCCCCCCCC(O)CNCCNCCN(CCNCCN(CCN)CCNCC(O)CCCCCCCCCCCC)CCN(CCNCCN)CCN(CCN)CCNCC(O)CCCCCCCCCCCC,ZNBZOXITLOVORM-UHFFFAOYSA-N,False
lnp_atlas,1082,7C1,NCCN(CCNCC(O)CCCCCCCCCCCC)CCNCCN(CCNCCNCC(O)CCCCCCCCCCCC)CCN(CCN(CCN)CCNCC(O)CCCCCCCCCCCC)CCNCCN,CCCCCCCCCCCCC(O)CNCCNCCN(CCNCCN(CCN)CCNCC(O)CCCCCCCCCCCC)CCN(CCNCCN)CCN(CCN)CCNCC(O)CCCCCCCCCCCC,ZNBZOXITLOVORM-UHFFFAOYSA-N,False
lnp_atlas,1083,7C1,NCCN(CCNCC(O)CCCCCCCCCCCC)CCNCCN(CCNCCNCC(O)CCCCCCCCCCCC)CCN(CCN(CCN)CCNCC(O)CCCCCCCCCCCC)CCNCCN,CCCCCCCCCCCCC(O)CNCCNCCN(CCNCCN(CCN)CCNCC(O)CCCCCCCCCCCC)CCN(CCNCCN)CCN(CCN)CCNCC(O)CCCCCCCCCCCC,ZNBZOXITLOVORM-UHFFFAOYSA-N,False
lnp_atlas,1084,7C1,NCCN(CCNCC(O)CCCCCCCCCCCC)CCNCCN(CCNCCNCC(O)CCCCCCCCCCCC)CCN(CCN(CCN)CCNCC(O)CCCCCCCCCCCC)CCNCCN,CCCCCCCCCCCCC(O)CNCCNCCN(CCNCCN(CCN)CCNCC(O)CCCCCCCCCCCC)CCN(CCNCCN)CCN(CCN)CCNCC(O)CCCCCCCCCCCC,ZNBZOXITLOVORM-UHFFFAOYSA-N,False
lnp_atlas,1085,7C1,NCCN(CCNCC(O)CCCCCCCCCCCC)CCNCCN(CCNCCNCC(O)CCCCCCCCCCCC)CCN(CCN(CCN)CCNCC(O)CCCCCCCCCCCC)CCNCCN,CCCCCCCCCCCCC(O)CNCCNCCN(CCNCCN(CCN)CCNCC(O)CCCCCCCCCCCC)CCN(CCNCCN)CCN(CCN)CCNCC(O)CCCCCCCCCCCC,ZNBZOXITLOVORM-UHFFFAOYSA-N,False
lnp_atlas,1086,7C1,NCCN(CCNCC(O)CCCCCCCCCCCC)CCNCCN(CCNCCNCC(O)CCCCCCCCCCCC)CCN(CCN(CCN)CCNCC(O)CCCCCCCCCCCC)CCNCCN,CCCCCCCCCCCCC(O)CNCCNCCN(CCNCCN(CCN)CCNCC(O)CCCCCCCCCCCC)CCN(CCNCCN)CCN(CCN)CCNCC(O)CCCCCCCCCCCC,ZNBZOXITLOVORM-UHFFFAOYSA-N,False
lnp_atlas,1087,7C1,NCCN(CCNCC(O)CCCCCCCCCCCC)CCNCCN(CCNCCNCC(O)CCCCCCCCCCCC)CCN(CCN(CCN)CCNCC(O)CCCCCCCCCCCC)CCNCCN,CCCCCCCCCCCCC(O)CNCCNCCN(CCNCCN(CCN)CCNCC(O)CCCCCCCCCCCC)CCN(CCNCCN)CCN(CCN)CCNCC(O)CCCCCCCCCCCC,ZNBZOXITLOVORM-UHFFFAOYSA-N,False
lnp_atlas,1088,DLin-MC3-DMA,CCCCC/C=C\C/C=C\CCCCCCCCC(OC(=O)CCCN(C)C)CCCCCCCC/C=C\C/C=C\CCCCC,CCCCC/C=C\C/C=C\CCCCCCCCC(CCCCCCCC/C=C\C/C=C\CCCCC)OC(=O)CCCN(C)C,NRLNQCOGCKAESA-KWXKLSQISA-N,False
lnp_atlas,1089,DLin-MC3-DMA,CCCCC/C=C\C/C=C\CCCCCCCCC(OC(=O)CCCN(C)C)CCCCCCCC/C=C\C/C=C\CCCCC,CCCCC/C=C\C/C=C\CCCCCCCCC(CCCCCCCC/C=C\C/C=C\CCCCC)OC(=O)CCCN(C)C,NRLNQCOGCKAESA-KWXKLSQISA-N,False
lnp_atlas,1090,DLin-MC3-DMA,CCCCC/C=C\C/C=C\CCCCCCCCC(OC(=O)CCCN(C)C)CCCCCCCC/C=C\C/C=C\CCCCC,CCCCC/C=C\C/C=C\CCCCCCCCC(CCCCCCCC/C=C\C/C=C\CCCCC)OC(=O)CCCN(C)C,NRLNQCOGCKAESA-KWXKLSQISA-N,False
lnp_atlas,1091,DLin-MC3-DMA,CCCCC/C=C\C/C=C\CCCCCCCCC(OC(=O)CCCN(C)C)CCCCCCCC/C=C\C/C=C\CCCCC,CCCCC/C=C\C/C=C\CCCCCCCCC(CCCCCCCC/C=C\C/C=C\CCCCC)OC(=O)CCCN(C)C,NRLNQCOGCKAESA-KWXKLSQISA-N,False
lnp_atlas,1092,DLin-MC3-DMA,CCCCC/C=C\C/C=C\CCCCCCCCC(OC(=O)CCCN(C)C)CCCCCCCC/C=C\C/C=C\CCCCC,CCCCC/C=C\C/C=C\CCCCCCCCC(CCCCCCCC/C=C\C/C=C\CCCCC)OC(=O)CCCN(C)C,NRLNQCOGCKAESA-KWXKLSQISA-N,False
